{
"type": "FeatureCollection",
"name": "paradas",
"crs": { "type": "name", "properties": { "name": "urn:ogc:def:crs:OGC:1.3:CRS84" } },
"features": [
{ "type": "Feature", "properties": { "fid": 2, "ID": "2", "Calle": "Rivadavia", "Esquina": "Guemes", "Poste": "Si", "Cartel": "Si", "Refugio": "No" }, "geometry": { "type": "Point", "coordinates": [ -67.475849, -45.862052 ] } },
{ "type": "Feature", "properties": { "fid": 3, "ID": "3", "Calle": "Rivadavia", "Esquina": "Moreno", "Poste": "Si", "Cartel": "Si", "Refugio": "No" }, "geometry": { "type": "Point", "coordinates": [ -67.476213, -45.862043 ] } },
{ "type": "Feature", "properties": { "fid": 4, "ID": "4", "Calle": "Rivadavia", "Esquina": "Moreno", "Poste": "Si", "Cartel": "Si", "Refugio": "No" }, "geometry": { "type": "Point", "coordinates": [ -67.476487, -45.862043 ] } },
{ "type": "Feature", "properties": { "fid": 5, "ID": "5", "Calle": "Rivadavia", "Esquina": "25 de Mayo", "Poste": "Si", "Cartel": "Si", "Refugio": "No" }, "geometry": { "type": "Point", "coordinates": [ -67.481813, -45.862071 ] } },
{ "type": "Feature", "properties": { "fid": 6, "ID": "6", "Calle": "Rivadavia", "Esquina": "Mitre", "Poste": "Si", "Cartel": "Si", "Refugio": "No" }, "geometry": { "type": "Point", "coordinates": [ -67.48227, -45.862075 ] } },
{ "type": "Feature", "properties": { "fid": 7, "ID": "7", "Calle": "Rivadavia", "Esquina": "Mitre", "Poste": "Si", "Cartel": "Si", "Refugio": "No" }, "geometry": { "type": "Point", "coordinates": [ -67.482692, -45.862078 ] } },
{ "type": "Feature", "properties": { "fid": 8, "ID": "8", "Calle": "Belgrano", "Esquina": "Rivadavia", "Poste": "Si", "Cartel": "Si", "Refugio": "No" }, "geometry": { "type": "Point", "coordinates": [ -67.48463732, -45.86261549 ] } },
{ "type": "Feature", "properties": { "fid": 9, "ID": "9", "Calle": "Belgrano", "Esquina": "Rivadavia", "Poste": "Si", "Cartel": "Si", "Refugio": "No" }, "geometry": { "type": "Point", "coordinates": [ -67.484637, -45.862828 ] } },
{ "type": "Feature", "properties": { "fid": 10, "ID": "10", "Calle": "Belgrano", "Esquina": "Ameghino", "Poste": "Si", "Cartel": "Si", "Refugio": "No" }, "geometry": { "type": "Point", "coordinates": [ -67.484645, -45.863108 ] } },
{ "type": "Feature", "properties": { "fid": 11, "ID": "11", "Calle": "Belgrano", "Esquina": "Hipólito Yrigoyen", "Poste": "Si", "Cartel": "Si", "Refugio": "No" }, "geometry": { "type": "Point", "coordinates": [ -67.484375, -45.866185 ] } },
{ "type": "Feature", "properties": { "fid": 12, "ID": "12", "Calle": "Belgrano", "Esquina": "Hipólito Yrigoyen", "Poste": "Si", "Cartel": "Si", "Refugio": "No" }, "geometry": { "type": "Point", "coordinates": [ -67.484367, -45.866311 ] } },
{ "type": "Feature", "properties": { "fid": 13, "ID": "13", "Calle": "Belgrano", "Esquina": "Hipólito Yrigoyen", "Poste": "Si", "Cartel": "Si", "Refugio": "No" }, "geometry": { "type": "Point", "coordinates": [ -67.484364, -45.866425 ] } },
{ "type": "Feature", "properties": { "fid": 14, "ID": "14", "Calle": "Belgrano", "Esquina": "Grecia", "Poste": "Si", "Cartel": "Si", "Refugio": "No" }, "geometry": { "type": "Point", "coordinates": [ -67.484367, -45.866706 ] } },
{ "type": "Feature", "properties": { "fid": 15, "ID": "15", "Calle": "Máximo Abásolo", "Esquina": "San Martín", "Poste": "Si", "Cartel": "Si", "Refugio": "Si" }, "geometry": { "type": "Point", "coordinates": [ -67.474036, -45.861362 ] } },
{ "type": "Feature", "properties": { "fid": 16, "ID": "16", "Calle": "Ruta Nacional Nº 3", "Esquina": "-", "Poste": "No", "Cartel": "No", "Refugio": "No" }, "geometry": { "type": "Point", "coordinates": [ -67.476591, -45.851122 ] } },
{ "type": "Feature", "properties": { "fid": 18, "ID": "18", "Calle": "Los Búlgaros", "Esquina": "Moyano", "Poste": "No", "Cartel": "No", "Refugio": "Si" }, "geometry": { "type": "Point", "coordinates": [ -67.47501625, -45.839529639999988 ] } },
{ "type": "Feature", "properties": { "fid": 19, "ID": "19", "Calle": "Fray Luis Beltrán", "Esquina": "Francisco de Viedma", "Poste": "No", "Cartel": "Si", "Refugio": "Si" }, "geometry": { "type": "Point", "coordinates": [ -67.477669, -45.8383 ] } },
{ "type": "Feature", "properties": { "fid": 20, "ID": "20", "Calle": "Petrolero San Lorenzo", "Esquina": "Francisco de Viedma", "Poste": "No", "Cartel": "No", "Refugio": "Si" }, "geometry": { "type": "Point", "coordinates": [ -67.47787997, -45.83683411 ] } },
{ "type": "Feature", "properties": { "fid": 21, "ID": "21", "Calle": "Tehuelches", "Esquina": "Rodriguez Peña", "Poste": "No", "Cartel": "No", "Refugio": "Si" }, "geometry": { "type": "Point", "coordinates": [ -67.47760957, -45.83388246 ] } },
{ "type": "Feature", "properties": { "fid": 22, "ID": "22", "Calle": "Tehuelches", "Esquina": "Strobel", "Poste": "No", "Cartel": "No", "Refugio": "Si" }, "geometry": { "type": "Point", "coordinates": [ -67.4760307, -45.83169326 ] } },
{ "type": "Feature", "properties": { "fid": 23, "ID": "23", "Calle": "Tehuelches", "Esquina": "González Balcarce", "Poste": "No", "Cartel": "No", "Refugio": "No" }, "geometry": { "type": "Point", "coordinates": [ -67.472436, -45.829625 ] } },
{ "type": "Feature", "properties": { "fid": 24, "ID": "24", "Calle": "Tehuelches", "Esquina": "Jesús Garré", "Poste": "Si", "Cartel": "No", "Refugio": "Si" }, "geometry": { "type": "Point", "coordinates": [ -67.47039019, -45.82851815 ] } },
{ "type": "Feature", "properties": { "fid": 25, "ID": "25", "Calle": "Libertador Gral. San Martín", "Esquina": "-", "Poste": "No", "Cartel": "No", "Refugio": "Si" }, "geometry": { "type": "Point", "coordinates": [ -67.46782064, -45.82717781 ] } },
{ "type": "Feature", "properties": { "fid": 26, "ID": "26", "Calle": "Rotonda Universidad", "Esquina": "-", "Poste": "Si", "Cartel": "No", "Refugio": "Si" }, "geometry": { "type": "Point", "coordinates": [ -67.46565937, -45.82391117 ] } },
{ "type": "Feature", "properties": { "fid": 27, "ID": "27", "Calle": "Semásforo Castelli", "Esquina": "-", "Poste": "No", "Cartel": "No", "Refugio": "Si" }, "geometry": { "type": "Point", "coordinates": [ -67.467901, -45.81759 ] } },
{ "type": "Feature", "properties": { "fid": 28, "ID": "28", "Calle": "Mariano Rodríguez", "Esquina": "Juan Primitivo Díaz", "Poste": "No", "Cartel": "No", "Refugio": "No" }, "geometry": { "type": "Point", "coordinates": [ -67.470995, -45.816747 ] } },
{ "type": "Feature", "properties": { "fid": 29, "ID": "29", "Calle": "Mariano Rodríguez", "Esquina": "Dionisio Díaz", "Poste": "No", "Cartel": "No", "Refugio": "No" }, "geometry": { "type": "Point", "coordinates": [ -67.472975, -45.815889 ] } },
{ "type": "Feature", "properties": { "fid": 30, "ID": "30", "Calle": "Mariano Rodríguez", "Esquina": "Susana Gaitán", "Poste": "No", "Cartel": "No", "Refugio": "No" }, "geometry": { "type": "Point", "coordinates": [ -67.474755, -45.815279 ] } },
{ "type": "Feature", "properties": { "fid": 31, "ID": "31", "Calle": "Puente Rodríguez Peña", "Esquina": "-", "Poste": "No", "Cartel": "No", "Refugio": "No" }, "geometry": { "type": "Point", "coordinates": [ -67.47218616, -45.81054879 ] } },
{ "type": "Feature", "properties": { "fid": 32, "ID": "32", "Calle": "Ruta Nacional Nº 3", "Esquina": "Florencio Maliqueo", "Poste": "Si", "Cartel": "No", "Refugio": "No" }, "geometry": { "type": "Point", "coordinates": [ -67.473544, -45.808014 ] } },
{ "type": "Feature", "properties": { "fid": 33, "ID": "33", "Calle": "Ruta Nacional Nº 3", "Esquina": "Ruta Provincial 39", "Poste": "No", "Cartel": "No", "Refugio": "Si" }, "geometry": { "type": "Point", "coordinates": [ -67.49262001, -45.79339031 ] } },
{ "type": "Feature", "properties": { "fid": 34, "ID": "34", "Calle": "Independencia", "Esquina": "Pizarro", "Poste": "Si", "Cartel": "No", "Refugio": "Si" }, "geometry": { "type": "Point", "coordinates": [ -67.49262493, -45.79560836 ] } },
{ "type": "Feature", "properties": { "fid": 35, "ID": "35", "Calle": "Independencia", "Esquina": "Constitución", "Poste": "Si", "Cartel": "No", "Refugio": "Si" }, "geometry": { "type": "Point", "coordinates": [ -67.49486913, -45.79587477 ] } },
{ "type": "Feature", "properties": { "fid": 36, "ID": "36", "Calle": "Independencia", "Esquina": "José Hernández", "Poste": "Si", "Cartel": "No", "Refugio": "No" }, "geometry": { "type": "Point", "coordinates": [ -67.497945, -45.796235 ] } },
{ "type": "Feature", "properties": { "fid": 37, "ID": "37", "Calle": "Pucará", "Esquina": "Los Andes", "Poste": "Si", "Cartel": "No", "Refugio": "Si" }, "geometry": { "type": "Point", "coordinates": [ -67.50076871, -45.79563112 ] } },
{ "type": "Feature", "properties": { "fid": 38, "ID": "38", "Calle": "Los Andes", "Esquina": "El Arriero", "Poste": "Si", "Cartel": "No", "Refugio": "No" }, "geometry": { "type": "Point", "coordinates": [ -67.504658, -45.795691 ] } },
{ "type": "Feature", "properties": { "fid": 39, "ID": "39", "Calle": "El Baqueano", "Esquina": "La Tradición", "Poste": "Si", "Cartel": "No", "Refugio": "Si" }, "geometry": { "type": "Point", "coordinates": [ -67.5065327, -45.79685246 ] } },
{ "type": "Feature", "properties": { "fid": 40, "ID": "40", "Calle": "Juan Carlos Burgueño", "Esquina": "El Chasqui", "Poste": "Si", "Cartel": "No", "Refugio": "Si" }, "geometry": { "type": "Point", "coordinates": [ -67.50785133, -45.79756885 ] } },
{ "type": "Feature", "properties": { "fid": 41, "ID": "41", "Calle": "Juan Carlos Burgueño", "Esquina": "Los Andes", "Poste": "Si", "Cartel": "No", "Refugio": "No" }, "geometry": { "type": "Point", "coordinates": [ -67.50801165, -45.79587609 ] } },
{ "type": "Feature", "properties": { "fid": 42, "ID": "42", "Calle": "Los Andes", "Esquina": "-", "Poste": "No", "Cartel": "No", "Refugio": "No" }, "geometry": { "type": "Point", "coordinates": [ -67.51449468, -45.79436686 ] } },
{ "type": "Feature", "properties": { "fid": 43, "ID": "43", "Calle": "Los Andes", "Esquina": "Cerro La Plata", "Poste": "No", "Cartel": "No", "Refugio": "No" }, "geometry": { "type": "Point", "coordinates": [ -67.51889643, -45.79356101 ] } },
{ "type": "Feature", "properties": { "fid": 44, "ID": "44", "Calle": "Cerro Solano", "Esquina": "Monte Pissis", "Poste": "Si", "Cartel": "No", "Refugio": "Si" }, "geometry": { "type": "Point", "coordinates": [ -67.5207498, -45.79260891 ] } },
{ "type": "Feature", "properties": { "fid": 45, "ID": "45", "Calle": "Cerro Solano", "Esquina": "Cerro Domuyo", "Poste": "No", "Cartel": "No", "Refugio": "Si" }, "geometry": { "type": "Point", "coordinates": [ -67.524432, -45.791452 ] } },
{ "type": "Feature", "properties": { "fid": 46, "ID": "46", "Calle": "Cerro Hermitte", "Esquina": "Cerro Domuyo", "Poste": "Si", "Cartel": "No", "Refugio": "No" }, "geometry": { "type": "Point", "coordinates": [ -67.525417, -45.792121 ] } },
{ "type": "Feature", "properties": { "fid": 47, "ID": "47", "Calle": "Cerro Hermitte", "Esquina": "Monte Pissis", "Poste": "Si", "Cartel": "No", "Refugio": "Si" }, "geometry": { "type": "Point", "coordinates": [ -67.521678, -45.792836 ] } },
{ "type": "Feature", "properties": { "fid": 48, "ID": "48", "Calle": "Cerro Mercedario", "Esquina": "Cerro Ojos del Salado", "Poste": "Si", "Cartel": "No", "Refugio": "Si" }, "geometry": { "type": "Point", "coordinates": [ -67.52088, -45.794038 ] } },
{ "type": "Feature", "properties": { "fid": 49, "ID": "49", "Calle": "Cerro La Plata", "Esquina": "Los Andes", "Poste": "Si", "Cartel": "No", "Refugio": "No" }, "geometry": { "type": "Point", "coordinates": [ -67.519177, -45.793861 ] } },
{ "type": "Feature", "properties": { "fid": 50, "ID": "50", "Calle": "Los Andes", "Esquina": "-", "Poste": "No", "Cartel": "No", "Refugio": "No" }, "geometry": { "type": "Point", "coordinates": [ -67.514157, -45.794528 ] } },
{ "type": "Feature", "properties": { "fid": 51, "ID": "51", "Calle": "Juan Carlos Burgueño", "Esquina": "El Payador", "Poste": "Si", "Cartel": "No", "Refugio": "Si" }, "geometry": { "type": "Point", "coordinates": [ -67.50813221, -45.79637146 ] } },
{ "type": "Feature", "properties": { "fid": 52, "ID": "52", "Calle": "Juan Carlos Burgueño", "Esquina": "El Chasqui", "Poste": "Si", "Cartel": "No", "Refugio": "No" }, "geometry": { "type": "Point", "coordinates": [ -67.50804096, -45.79758021 ] } },
{ "type": "Feature", "properties": { "fid": 53, "ID": "53", "Calle": "El Baqueano", "Esquina": "La Tradición", "Poste": "Si", "Cartel": "No", "Refugio": "No" }, "geometry": { "type": "Point", "coordinates": [ -67.50631216, -45.79712634 ] } },
{ "type": "Feature", "properties": { "fid": 54, "ID": "54", "Calle": "Los Andes", "Esquina": "El Arriero", "Poste": "Si", "Cartel": "No", "Refugio": "Si" }, "geometry": { "type": "Point", "coordinates": [ -67.50435253, -45.795801559999987 ] } },
{ "type": "Feature", "properties": { "fid": 55, "ID": "55", "Calle": "Pucara", "Esquina": "Los Alerces", "Poste": "Si", "Cartel": "No", "Refugio": "Si" }, "geometry": { "type": "Point", "coordinates": [ -67.5008806, -45.79613497 ] } },
{ "type": "Feature", "properties": { "fid": 56, "ID": "56", "Calle": "Jose Hernandez", "Esquina": "1 de Mayo", "Poste": "Si", "Cartel": "No", "Refugio": "No" }, "geometry": { "type": "Point", "coordinates": [ -67.49766, -45.796792 ] } },
{ "type": "Feature", "properties": { "fid": 57, "ID": "57", "Calle": "1 de Mayo", "Esquina": "Constitución", "Poste": "Si", "Cartel": "No", "Refugio": "Si" }, "geometry": { "type": "Point", "coordinates": [ -67.49408462, -45.79660992 ] } },
{ "type": "Feature", "properties": { "fid": 58, "ID": "58", "Calle": "Boulevard Constitución", "Esquina": "Los Andes", "Poste": "No", "Cartel": "No", "Refugio": "No" }, "geometry": { "type": "Point", "coordinates": [ -67.49505938, -45.79536454 ] } },
{ "type": "Feature", "properties": { "fid": 59, "ID": "59", "Calle": "1 de Mayo", "Esquina": "Ruta 3", "Poste": "Si", "Cartel": "No", "Refugio": "Si" }, "geometry": { "type": "Point", "coordinates": [ -67.49169177, -45.79637161 ] } },
{ "type": "Feature", "properties": { "fid": 60, "ID": "60", "Calle": "Ruta Nacional Nº 3", "Esquina": "1 de Mayo", "Poste": "Si", "Cartel": "No", "Refugio": "Si" }, "geometry": { "type": "Point", "coordinates": [ -67.491462, -45.796539 ] } },
{ "type": "Feature", "properties": { "fid": 61, "ID": "61", "Calle": "Ruta Nacional Nº 3", "Esquina": "-", "Poste": "Si", "Cartel": "No", "Refugio": "No" }, "geometry": { "type": "Point", "coordinates": [ -67.47654746, -45.80374535 ] } },
{ "type": "Feature", "properties": { "fid": 62, "ID": "62", "Calle": "Barrio Rodriguez Peña", "Esquina": "-", "Poste": "No", "Cartel": "No", "Refugio": "Si" }, "geometry": { "type": "Point", "coordinates": [ -67.47406625, -45.80775612 ] } },
{ "type": "Feature", "properties": { "fid": 63, "ID": "63", "Calle": "Ruta Nacional Nº 3", "Esquina": "-", "Poste": "No", "Cartel": "No", "Refugio": "Si" }, "geometry": { "type": "Point", "coordinates": [ -67.47268115, -45.81074792 ] } },
{ "type": "Feature", "properties": { "fid": 64, "ID": "64", "Calle": "ARA General Belgrano", "Esquina": "República Argentina", "Poste": "No", "Cartel": "No", "Refugio": "Si" }, "geometry": { "type": "Point", "coordinates": [ -67.472746, -45.811059469999989 ] } },
{ "type": "Feature", "properties": { "fid": 65, "ID": "65", "Calle": "Mariano Rodríguez", "Esquina": "-", "Poste": "No", "Cartel": "No", "Refugio": "Si" }, "geometry": { "type": "Point", "coordinates": [ -67.4727003, -45.81586923 ] } },
{ "type": "Feature", "properties": { "fid": 66, "ID": "66", "Calle": "Mariano Rodríguez", "Esquina": "2924", "Poste": "No", "Cartel": "No", "Refugio": "Si" }, "geometry": { "type": "Point", "coordinates": [ -67.47083381, -45.81697960000001 ] } },
{ "type": "Feature", "properties": { "fid": 67, "ID": "67", "Calle": "Mariano Rodríguez", "Esquina": "Virgen de Lourdes", "Poste": "No", "Cartel": "No", "Refugio": "Si" }, "geometry": { "type": "Point", "coordinates": [ -67.46907302, -45.81773822000001 ] } },
{ "type": "Feature", "properties": { "fid": 68, "ID": "68", "Calle": "Barrio Castelli", "Esquina": "-", "Poste": "No", "Cartel": "No", "Refugio": "Si" }, "geometry": { "type": "Point", "coordinates": [ -67.468934, -45.817405 ] } },
{ "type": "Feature", "properties": { "fid": 69, "ID": "69", "Calle": "Ruta Provincial Nº 39", "Esquina": "América", "Poste": "No", "Cartel": "No", "Refugio": "No" }, "geometry": { "type": "Point", "coordinates": [ -67.495943, -45.794592 ] } },
{ "type": "Feature", "properties": { "fid": 70, "ID": "70", "Calle": "Ruta Provincial Nº 39", "Esquina": "Melina Bonafine", "Poste": "No", "Cartel": "No", "Refugio": "Si" }, "geometry": { "type": "Point", "coordinates": [ -67.50474328, -45.79508838 ] } },
{ "type": "Feature", "properties": { "fid": 71, "ID": "71", "Calle": "Ruta Provincial Nº 39", "Esquina": "-", "Poste": "No", "Cartel": "No", "Refugio": "No" }, "geometry": { "type": "Point", "coordinates": [ -67.52100349, -45.792215680000012 ] } },
{ "type": "Feature", "properties": { "fid": 72, "ID": "72", "Calle": "Ruta Provincial Nº 39", "Esquina": "-", "Poste": "No", "Cartel": "No", "Refugio": "No" }, "geometry": { "type": "Point", "coordinates": [ -67.52455572, -45.79101841 ] } },
{ "type": "Feature", "properties": { "fid": 73, "ID": "73", "Calle": "Ruta Provincial Nº 39", "Esquina": "-", "Poste": "No", "Cartel": "No", "Refugio": "No" }, "geometry": { "type": "Point", "coordinates": [ -67.66774273, -45.77793712 ] } },
{ "type": "Feature", "properties": { "fid": 74, "ID": "74", "Calle": "Río Chubut", "Esquina": "Lago Epuyen", "Poste": "Si", "Cartel": "No", "Refugio": "No" }, "geometry": { "type": "Point", "coordinates": [ -67.6737277, -45.77477132 ] } },
{ "type": "Feature", "properties": { "fid": 75, "ID": "75", "Calle": "Lago Fagnano", "Esquina": "Río Colorado", "Poste": "Si", "Cartel": "No", "Refugio": "Si" }, "geometry": { "type": "Point", "coordinates": [ -67.67551822, -45.77370859 ] } },
{ "type": "Feature", "properties": { "fid": 76, "ID": "76", "Calle": "Río Alerces", "Esquina": "Lago Epuyen", "Poste": "Si", "Cartel": "No", "Refugio": "No" }, "geometry": { "type": "Point", "coordinates": [ -67.67759731, -45.7734135 ] } },
{ "type": "Feature", "properties": { "fid": 77, "ID": "77", "Calle": "Lago Cardiel", "Esquina": "Río Gallegos", "Poste": "Si", "Cartel": "No", "Refugio": "No" }, "geometry": { "type": "Point", "coordinates": [ -67.67805688, -45.77437919 ] } },
{ "type": "Feature", "properties": { "fid": 78, "ID": "78", "Calle": "Lago Cardiel", "Esquina": "Río Colorado", "Poste": "Si", "Cartel": "No", "Refugio": "No" }, "geometry": { "type": "Point", "coordinates": [ -67.67658906, -45.77486918 ] } },
{ "type": "Feature", "properties": { "fid": 79, "ID": "79", "Calle": "Río Limay", "Esquina": "Lago Epuyen", "Poste": "No", "Cartel": "No", "Refugio": "No" }, "geometry": { "type": "Point", "coordinates": [ -67.67509577, -45.774467799999989 ] } },
{ "type": "Feature", "properties": { "fid": 80, "ID": "80", "Calle": "Lago Epuyén", "Esquina": "Río Chubut", "Poste": "Si", "Cartel": "No", "Refugio": "No" }, "geometry": { "type": "Point", "coordinates": [ -67.67399724, -45.77479258 ] } },
{ "type": "Feature", "properties": { "fid": 81, "ID": "81", "Calle": "Lago Argentino", "Esquina": "Río de la Plata", "Poste": "Si", "Cartel": "No", "Refugio": "Si" }, "geometry": { "type": "Point", "coordinates": [ -67.67373763, -45.77847151 ] } },
{ "type": "Feature", "properties": { "fid": 82, "ID": "82", "Calle": "Lago Argentino", "Esquina": "Río Senguer", "Poste": "Si", "Cartel": "No", "Refugio": "No" }, "geometry": { "type": "Point", "coordinates": [ -67.67125004, -45.77998107 ] } },
{ "type": "Feature", "properties": { "fid": 83, "ID": "83", "Calle": "Lago Mascardi", "Esquina": "-", "Poste": "Si", "Cartel": "No", "Refugio": "No" }, "geometry": { "type": "Point", "coordinates": [ -67.67050963, -45.7816091 ] } },
{ "type": "Feature", "properties": { "fid": 84, "ID": "84", "Calle": "Río Deseado", "Esquina": "Lago San Martín", "Poste": "No", "Cartel": "No", "Refugio": "Si" }, "geometry": { "type": "Point", "coordinates": [ -67.66977495, -45.7833629 ] } },
{ "type": "Feature", "properties": { "fid": 85, "ID": "85", "Calle": "Río Gallegos", "Esquina": "Lago Futalaufquen", "Poste": "Si", "Cartel": "No", "Refugio": "No" }, "geometry": { "type": "Point", "coordinates": [ -67.67255134, -45.78436845 ] } },
{ "type": "Feature", "properties": { "fid": 86, "ID": "86", "Calle": "Río Gallegos", "Esquina": "Calle 2551", "Poste": "Si", "Cartel": "No", "Refugio": "No" }, "geometry": { "type": "Point", "coordinates": [ -67.67510334, -45.78523088 ] } },
{ "type": "Feature", "properties": { "fid": 87, "ID": "87", "Calle": "Rio Grane", "Esquina": "Calle 2550", "Poste": "No", "Cartel": "No", "Refugio": "Si" }, "geometry": { "type": "Point", "coordinates": [ -67.67419937, -45.78566475 ] } },
{ "type": "Feature", "properties": { "fid": 88, "ID": "88", "Calle": "Lago Puelo", "Esquina": "Río Lepa", "Poste": "No", "Cartel": "No", "Refugio": "Si" }, "geometry": { "type": "Point", "coordinates": [ -67.67230783, -45.78594365 ] } },
{ "type": "Feature", "properties": { "fid": 89, "ID": "89", "Calle": "Río Lepa", "Esquina": "Lago Fontana", "Poste": "No", "Cartel": "No", "Refugio": "No" }, "geometry": { "type": "Point", "coordinates": [ -67.66890457, -45.78494601 ] } },
{ "type": "Feature", "properties": { "fid": 90, "ID": "90", "Calle": "Río Lepa", "Esquina": "Lago Argentino", "Poste": "No", "Cartel": "No", "Refugio": "No" }, "geometry": { "type": "Point", "coordinates": [ -67.66672333, -45.78399268 ] } },
{ "type": "Feature", "properties": { "fid": 91, "ID": "91", "Calle": "Lago Argentino", "Esquina": "-", "Poste": "No", "Cartel": "No", "Refugio": "No" }, "geometry": { "type": "Point", "coordinates": [ -67.6694175, -45.78200484 ] } },
{ "type": "Feature", "properties": { "fid": 92, "ID": "92", "Calle": "Río Senguer", "Esquina": "Lago Argentino", "Poste": "Si", "Cartel": "No", "Refugio": "No" }, "geometry": { "type": "Point", "coordinates": [ -67.67112717, -45.78021213 ] } },
{ "type": "Feature", "properties": { "fid": 93, "ID": "93", "Calle": "Lago Argentino", "Esquina": "Río de la Plata", "Poste": "No", "Cartel": "No", "Refugio": "No" }, "geometry": { "type": "Point", "coordinates": [ -67.67365856, -45.77832503 ] } },
{ "type": "Feature", "properties": { "fid": 94, "ID": "94", "Calle": "Ruta Provincial Nº 39", "Esquina": "-", "Poste": "No", "Cartel": "No", "Refugio": "Si" }, "geometry": { "type": "Point", "coordinates": [ -67.66775117, -45.77812575 ] } },
{ "type": "Feature", "properties": { "fid": 95, "ID": "95", "Calle": "Ruta Provincial Nº 39", "Esquina": "-", "Poste": "No", "Cartel": "No", "Refugio": "No" }, "geometry": { "type": "Point", "coordinates": [ -67.52474838, -45.79110794 ] } },
{ "type": "Feature", "properties": { "fid": 96, "ID": "96", "Calle": "Ruta Provincial Nº 39", "Esquina": "-", "Poste": "No", "Cartel": "No", "Refugio": "No" }, "geometry": { "type": "Point", "coordinates": [ -67.52134247, -45.79228677 ] } },
{ "type": "Feature", "properties": { "fid": 97, "ID": "97", "Calle": "Ruta Provincial Nº 39", "Esquina": "-", "Poste": "No", "Cartel": "No", "Refugio": "Si" }, "geometry": { "type": "Point", "coordinates": [ -67.50464231, -45.79527854 ] } },
{ "type": "Feature", "properties": { "fid": 98, "ID": "98", "Calle": "Ruta Provincial Nº 39", "Esquina": "-", "Poste": "No", "Cartel": "No", "Refugio": "No" }, "geometry": { "type": "Point", "coordinates": [ -67.49732984, -45.79484304 ] } },
{ "type": "Feature", "properties": { "fid": 99, "ID": "99", "Calle": "Ruta Nacional Nº 3", "Esquina": "-", "Poste": "No", "Cartel": "No", "Refugio": "Si" }, "geometry": { "type": "Point", "coordinates": [ -67.49156661, -45.78893472 ] } },
{ "type": "Feature", "properties": { "fid": 100, "ID": "100", "Calle": "Ruta Nacional Nº 3", "Esquina": "-", "Poste": "No", "Cartel": "No", "Refugio": "No" }, "geometry": { "type": "Point", "coordinates": [ -67.490099, -45.784717 ] } },
{ "type": "Feature", "properties": { "fid": 101, "ID": "101", "Calle": "Doctor Miguel Webb", "Esquina": "Dora García", "Poste": "No", "Cartel": "No", "Refugio": "No" }, "geometry": { "type": "Point", "coordinates": [ -67.488357, -45.781976 ] } },
{ "type": "Feature", "properties": { "fid": 102, "ID": "102", "Calle": "Dora García", "Esquina": "Deseo", "Poste": "No", "Cartel": "No", "Refugio": "No" }, "geometry": { "type": "Point", "coordinates": [ -67.487436, -45.780497 ] } },
{ "type": "Feature", "properties": { "fid": 103, "ID": "103", "Calle": "Dora García", "Esquina": "Unión", "Poste": "No", "Cartel": "No", "Refugio": "No" }, "geometry": { "type": "Point", "coordinates": [ -67.48678, -45.778875 ] } },
{ "type": "Feature", "properties": { "fid": 104, "ID": "104", "Calle": "Dora García", "Esquina": "Logros", "Poste": "No", "Cartel": "No", "Refugio": "No" }, "geometry": { "type": "Point", "coordinates": [ -67.486137, -45.777292 ] } },
{ "type": "Feature", "properties": { "fid": 105, "ID": "105", "Calle": "Dr. Blas Cáceres", "Esquina": "Santos Reynoso", "Poste": "No", "Cartel": "No", "Refugio": "No" }, "geometry": { "type": "Point", "coordinates": [ -67.487055, -45.776759 ] } },
{ "type": "Feature", "properties": { "fid": 106, "ID": "106", "Calle": "Dr. Blas Cáceres", "Esquina": "José Antisoli", "Poste": "No", "Cartel": "No", "Refugio": "No" }, "geometry": { "type": "Point", "coordinates": [ -67.48858, -45.775322 ] } },
{ "type": "Feature", "properties": { "fid": 107, "ID": "107", "Calle": "Suboficial Nelson Godoy", "Esquina": "Francisco Jordan Cruz", "Poste": "Si", "Cartel": "No", "Refugio": "Si" }, "geometry": { "type": "Point", "coordinates": [ -67.48902764, -45.77370838 ] } },
{ "type": "Feature", "properties": { "fid": 108, "ID": "108", "Calle": "Suboficial Nelson Godoy", "Esquina": "Luis González López", "Poste": "Si", "Cartel": "No", "Refugio": "Si" }, "geometry": { "type": "Point", "coordinates": [ -67.490733, -45.772299 ] } },
{ "type": "Feature", "properties": { "fid": 109, "ID": "109", "Calle": "Luis González López", "Esquina": "Juan Santos Zepeda", "Poste": "Si", "Cartel": "No", "Refugio": "No" }, "geometry": { "type": "Point", "coordinates": [ -67.492235, -45.772925 ] } },
{ "type": "Feature", "properties": { "fid": 110, "ID": "110", "Calle": "Juan Santos Zepeda", "Esquina": "Felipe Escribano", "Poste": "Si", "Cartel": "No", "Refugio": "Si" }, "geometry": { "type": "Point", "coordinates": [ -67.494314, -45.771205 ] } },
{ "type": "Feature", "properties": { "fid": 111, "ID": "111", "Calle": "Juan Santos Zepeda", "Esquina": "Francisco Gaspar", "Poste": "Si", "Cartel": "No", "Refugio": "No" }, "geometry": { "type": "Point", "coordinates": [ -67.49638019, -45.769235190000011 ] } },
{ "type": "Feature", "properties": { "fid": 112, "ID": "112", "Calle": "Francisco Gaspar", "Esquina": "Hugo Morán", "Poste": "Si", "Cartel": "No", "Refugio": "Si" }, "geometry": { "type": "Point", "coordinates": [ -67.497233, -45.76945 ] } },
{ "type": "Feature", "properties": { "fid": 113, "ID": "113", "Calle": "Hugo Morón", "Esquina": "Felipe Escribano", "Poste": "No", "Cartel": "No", "Refugio": "Si" }, "geometry": { "type": "Point", "coordinates": [ -67.4955123, -45.7714142 ] } },
{ "type": "Feature", "properties": { "fid": 114, "ID": "114", "Calle": "Hugo Morón", "Esquina": "Antisoli", "Poste": "No", "Cartel": "No", "Refugio": "Si" }, "geometry": { "type": "Point", "coordinates": [ -67.49016226, -45.77616066 ] } },
{ "type": "Feature", "properties": { "fid": 115, "ID": "115", "Calle": "Juan Santos Zepeda", "Esquina": "Ricardo Pettinari", "Poste": "No", "Cartel": "No", "Refugio": "No" }, "geometry": { "type": "Point", "coordinates": [ -67.49118298, -45.774069829999988 ] } },
{ "type": "Feature", "properties": { "fid": 116, "ID": "116", "Calle": "Hugo Morón", "Esquina": "Felipe Escribano", "Poste": "No", "Cartel": "No", "Refugio": "No" }, "geometry": { "type": "Point", "coordinates": [ -67.49509628, -45.77157699 ] } },
{ "type": "Feature", "properties": { "fid": 117, "ID": "117", "Calle": "Hugo Morón", "Esquina": "Francisco Ríos", "Poste": "No", "Cartel": "No", "Refugio": "No" }, "geometry": { "type": "Point", "coordinates": [ -67.4977886, -45.76911471 ] } },
{ "type": "Feature", "properties": { "fid": 118, "ID": "118", "Calle": "", "Esquina": "-", "Poste": "No", "Cartel": "No", "Refugio": "Si" }, "geometry": { "type": "Point", "coordinates": [ -67.49434744, -45.76663719 ] } },
{ "type": "Feature", "properties": { "fid": 119, "ID": "119", "Calle": "", "Esquina": "-", "Poste": "No", "Cartel": "No", "Refugio": "No" }, "geometry": { "type": "Point", "coordinates": [ -67.489213, -45.768154 ] } },
{ "type": "Feature", "properties": { "fid": 120, "ID": "120", "Calle": "", "Esquina": "-", "Poste": "No", "Cartel": "No", "Refugio": "Si" }, "geometry": { "type": "Point", "coordinates": [ -67.48858995, -45.76559902 ] } },
{ "type": "Feature", "properties": { "fid": 121, "ID": "121", "Calle": "", "Esquina": "-", "Poste": "Si", "Cartel": "No", "Refugio": "Si" }, "geometry": { "type": "Point", "coordinates": [ -67.488379, -45.763054 ] } },
{ "type": "Feature", "properties": { "fid": 122, "ID": "122", "Calle": "", "Esquina": "-", "Poste": "No", "Cartel": "No", "Refugio": "No" }, "geometry": { "type": "Point", "coordinates": [ -67.49349031, -45.763671820000013 ] } },
{ "type": "Feature", "properties": { "fid": 123, "ID": "123", "Calle": "", "Esquina": "-", "Poste": "No", "Cartel": "No", "Refugio": "No" }, "geometry": { "type": "Point", "coordinates": [ -67.49669336, -45.76456373 ] } },
{ "type": "Feature", "properties": { "fid": 124, "ID": "124", "Calle": "Carlos García", "Esquina": "Doctor Ricardo Gruneisen", "Poste": "No", "Cartel": "No", "Refugio": "No" }, "geometry": { "type": "Point", "coordinates": [ -67.49509395, -45.73364351 ] } },
{ "type": "Feature", "properties": { "fid": 125, "ID": "125", "Calle": "Carlos García", "Esquina": "Vicente Gallo", "Poste": "No", "Cartel": "No", "Refugio": "No" }, "geometry": { "type": "Point", "coordinates": [ -67.49488008, -45.73195982 ] } },
{ "type": "Feature", "properties": { "fid": 126, "ID": "126", "Calle": "Ingeniero Ricardo Singer", "Esquina": "-", "Poste": "No", "Cartel": "No", "Refugio": "Si" }, "geometry": { "type": "Point", "coordinates": [ -67.4912634, -45.73128349000001 ] } },
{ "type": "Feature", "properties": { "fid": 127, "ID": "127", "Calle": "Doctor Orestes Riccardi", "Esquina": "Feliciano Balbuena", "Poste": "No", "Cartel": "No", "Refugio": "No" }, "geometry": { "type": "Point", "coordinates": [ -67.48464206, -45.7280334 ] } },
{ "type": "Feature", "properties": { "fid": 128, "ID": "128", "Calle": "Carlos Casares", "Esquina": "Carlos de la Barrera", "Poste": "No", "Cartel": "No", "Refugio": "Si" }, "geometry": { "type": "Point", "coordinates": [ -67.48305215, -45.72855733 ] } },
{ "type": "Feature", "properties": { "fid": 129, "ID": "129", "Calle": "Salvador Rodríguez", "Esquina": "-", "Poste": "No", "Cartel": "No", "Refugio": "Si" }, "geometry": { "type": "Point", "coordinates": [ -67.47499944, -45.73240987 ] } },
{ "type": "Feature", "properties": { "fid": 130, "ID": "130", "Calle": "Domingo Foglino", "Esquina": "Salvador Rodríguez", "Poste": "No", "Cartel": "No", "Refugio": "No" }, "geometry": { "type": "Point", "coordinates": [ -67.47603545, -45.73668468 ] } },
{ "type": "Feature", "properties": { "fid": 131, "ID": "131", "Calle": "Doctor Ricardo Gruneisen", "Esquina": "-", "Poste": "No", "Cartel": "No", "Refugio": "No" }, "geometry": { "type": "Point", "coordinates": [ -67.48597121, -45.73456716 ] } },
{ "type": "Feature", "properties": { "fid": 132, "ID": "132", "Calle": "Doctor Ricardo Gruneisen", "Esquina": "Simón Savino", "Poste": "No", "Cartel": "No", "Refugio": "Si" }, "geometry": { "type": "Point", "coordinates": [ -67.49063198, -45.73403433 ] } },
{ "type": "Feature", "properties": { "fid": 133, "ID": "133", "Calle": "Doctor Ricardo Gruneisen", "Esquina": "Carlos García", "Poste": "No", "Cartel": "No", "Refugio": "Si" }, "geometry": { "type": "Point", "coordinates": [ -67.49489738, -45.73384422 ] } },
{ "type": "Feature", "properties": { "fid": 134, "ID": "134", "Calle": "Calle 3088", "Esquina": "Calle 3091", "Poste": "No", "Cartel": "No", "Refugio": "Si" }, "geometry": { "type": "Point", "coordinates": [ -67.498896, -45.768746 ] } },
{ "type": "Feature", "properties": { "fid": 135, "ID": "135", "Calle": "-", "Esquina": "Colonos Holandeses", "Poste": "No", "Cartel": "No", "Refugio": "Si" }, "geometry": { "type": "Point", "coordinates": [ -67.496116, -45.771647 ] } },
{ "type": "Feature", "properties": { "fid": 136, "ID": "136", "Calle": "-", "Esquina": "Colonos Griegos", "Poste": "No", "Cartel": "No", "Refugio": "Si" }, "geometry": { "type": "Point", "coordinates": [ -67.49339463, -45.77426268 ] } },
{ "type": "Feature", "properties": { "fid": 137, "ID": "137", "Calle": "-", "Esquina": "-", "Poste": "No", "Cartel": "No", "Refugio": "Si" }, "geometry": { "type": "Point", "coordinates": [ -67.49085092, -45.77671341 ] } },
{ "type": "Feature", "properties": { "fid": 138, "ID": "138", "Calle": "-", "Esquina": "Colonos Polacos", "Poste": "Si", "Cartel": "No", "Refugio": "Si" }, "geometry": { "type": "Point", "coordinates": [ -67.48963428, -45.77871997 ] } },
{ "type": "Feature", "properties": { "fid": 139, "ID": "139", "Calle": "Ruta Nacional Nº 3", "Esquina": "Doctor Fasola", "Poste": "No", "Cartel": "No", "Refugio": "No" }, "geometry": { "type": "Point", "coordinates": [ -67.489722, -45.7826 ] } },
{ "type": "Feature", "properties": { "fid": 140, "ID": "140", "Calle": "Ruta Nacional Nº 3", "Esquina": "Calle 3156", "Poste": "No", "Cartel": "No", "Refugio": "No" }, "geometry": { "type": "Point", "coordinates": [ -67.49079915, -45.78552181 ] } },
{ "type": "Feature", "properties": { "fid": 141, "ID": "141", "Calle": "Ruta Nacional Nº 3", "Esquina": "-", "Poste": "No", "Cartel": "No", "Refugio": "Si" }, "geometry": { "type": "Point", "coordinates": [ -67.49210421, -45.78836935 ] } },
{ "type": "Feature", "properties": { "fid": 142, "ID": "143", "Calle": "Sebastian Mena", "Esquina": "Suboficial Jorge Herrera", "Poste": "No", "Cartel": "No", "Refugio": "No" }, "geometry": { "type": "Point", "coordinates": [ -67.492875895, -45.788571779100003 ] } },
{ "type": "Feature", "properties": { "fid": 143, "ID": "144", "Calle": "Sebastian Mena", "Esquina": "3154", "Poste": "Si", "Cartel": "No", "Refugio": "Si" }, "geometry": { "type": "Point", "coordinates": [ -67.494865849, -45.788179177300002 ] } },
{ "type": "Feature", "properties": { "fid": 144, "ID": "145", "Calle": "Sebastian Mena", "Esquina": "Suboficial Mayor Pedro Bazán", "Poste": "No", "Cartel": "No", "Refugio": "No" }, "geometry": { "type": "Point", "coordinates": [ -67.497354068, -45.787693310100003 ] } },
{ "type": "Feature", "properties": { "fid": 145, "ID": "146", "Calle": "Suboficial Mayor Pedro Bazán", "Esquina": "Soldado Héctor Miranda", "Poste": "No", "Cartel": "No", "Refugio": "No" }, "geometry": { "type": "Point", "coordinates": [ -67.499063468, -45.790194049099988 ] } },
{ "type": "Feature", "properties": { "fid": 146, "ID": "147", "Calle": "Suboficial Segundo Roberto Medina", "Esquina": "Teniente de Navío Víctor Maroli", "Poste": "No", "Cartel": "No", "Refugio": "No" }, "geometry": { "type": "Point", "coordinates": [ -67.50094964, -45.790717088599997 ] } },
{ "type": "Feature", "properties": { "fid": 147, "ID": "148", "Calle": "Suboficial Segundo Roberto Medina", "Esquina": "Teniente de Navío Adrian Meoqui", "Poste": "No", "Cartel": "No", "Refugio": "No" }, "geometry": { "type": "Point", "coordinates": [ -67.501435564, -45.7887489075 ] } },
{ "type": "Feature", "properties": { "fid": 148, "ID": "149", "Calle": "Teniente de Navío Eliana Krawczyk", "Esquina": "Suboficial Segundo Enriquez", "Poste": "No", "Cartel": "No", "Refugio": "No" }, "geometry": { "type": "Point", "coordinates": [ -67.503013095, -45.7880687854 ] } },
{ "type": "Feature", "properties": { "fid": 149, "ID": "150", "Calle": "Teniente de Corbeta Alejandro Tagliapetra", "Esquina": "Suboficial Segundo Rodríguez", "Poste": "Si", "Cartel": "No", "Refugio": "Si" }, "geometry": { "type": "Point", "coordinates": [ -67.505614, -45.787409 ] } },
{ "type": "Feature", "properties": { "fid": 150, "ID": "151", "Calle": "Teniente de Corbeta Alejandro Tagliapetra", "Esquina": "Suboficial Primero Leiva", "Poste": "No", "Cartel": "No", "Refugio": "No" }, "geometry": { "type": "Point", "coordinates": [ -67.507273, -45.787783 ] } },
{ "type": "Feature", "properties": { "fid": 151, "ID": "152", "Calle": "Suboficial Primero Leiva", "Esquina": "Teniente de Navío Krawcyk", "Poste": "No", "Cartel": "No", "Refugio": "No" }, "geometry": { "type": "Point", "coordinates": [ -67.50562, -45.788863 ] } },
{ "type": "Feature", "properties": { "fid": 152, "ID": "153", "Calle": "Suboficial Primero Leiva", "Esquina": "Teniente de Navío Wagner", "Poste": "No", "Cartel": "No", "Refugio": "Si" }, "geometry": { "type": "Point", "coordinates": [ -67.505527, -45.790545 ] } },
{ "type": "Feature", "properties": { "fid": 153, "ID": "154", "Calle": "Teniente de Navío Wagner", "Esquina": "Suboficial Segundo Rodríguez", "Poste": "No", "Cartel": "No", "Refugio": "No" }, "geometry": { "type": "Point", "coordinates": [ -67.504299, -45.791146 ] } },
{ "type": "Feature", "properties": { "fid": 154, "ID": "155", "Calle": "Suboficial Carlos Maldonado", "Esquina": "Suboficial Mayor Pedro Bazán", "Poste": "No", "Cartel": "No", "Refugio": "No" }, "geometry": { "type": "Point", "coordinates": [ -67.499114015, -45.791466856299998 ] } },
{ "type": "Feature", "properties": { "fid": 155, "ID": "156", "Calle": "Suboficial Carlos Maldonado", "Esquina": "3152", "Poste": "No", "Cartel": "No", "Refugio": "No" }, "geometry": { "type": "Point", "coordinates": [ -67.49553276, -45.791970614100002 ] } },
{ "type": "Feature", "properties": { "fid": 156, "ID": "157", "Calle": "3152", "Esquina": "Sub Oficial Gerardo Rivero", "Poste": "No", "Cartel": "No", "Refugio": "No" }, "geometry": { "type": "Point", "coordinates": [ -67.494405124, -45.790365465900003 ] } },
{ "type": "Feature", "properties": { "fid": 157, "ID": "158", "Calle": "Suboficial Jorge Luis Herrera", "Esquina": "-", "Poste": "No", "Cartel": "No", "Refugio": "Si" }, "geometry": { "type": "Point", "coordinates": [ -67.492718, -45.788997 ] } },
{ "type": "Feature", "properties": { "fid": 158, "ID": "159", "Calle": "Juan José Paso", "Esquina": "Teniente Matienzo", "Poste": "No", "Cartel": "No", "Refugio": "No" }, "geometry": { "type": "Point", "coordinates": [ -67.48838116, -45.79605697 ] } },
{ "type": "Feature", "properties": { "fid": 159, "ID": "160", "Calle": "Juan Jose Paso", "Esquina": "Las Heras", "Poste": "No", "Cartel": "No", "Refugio": "Si" }, "geometry": { "type": "Point", "coordinates": [ -67.48652098, -45.79595634 ] } },
{ "type": "Feature", "properties": { "fid": 160, "ID": "161", "Calle": "Juan José Paso", "Esquina": "Balcarce", "Poste": "No", "Cartel": "No", "Refugio": "No" }, "geometry": { "type": "Point", "coordinates": [ -67.484553, -45.795841 ] } },
{ "type": "Feature", "properties": { "fid": 161, "ID": "162", "Calle": "Juan José Paso", "Esquina": "Auxiliar Lazo", "Poste": "No", "Cartel": "No", "Refugio": "Si" }, "geometry": { "type": "Point", "coordinates": [ -67.482147, -45.795712 ] } },
{ "type": "Feature", "properties": { "fid": 162, "ID": "163", "Calle": "Juan José Paso", "Esquina": "Jean Mermoz", "Poste": "No", "Cartel": "No", "Refugio": "No" }, "geometry": { "type": "Point", "coordinates": [ -67.479108, -45.795527 ] } },
{ "type": "Feature", "properties": { "fid": 163, "ID": "164", "Calle": "Juan José Paso", "Esquina": "Capitán García", "Poste": "No", "Cartel": "No", "Refugio": "No" }, "geometry": { "type": "Point", "coordinates": [ -67.47711329, -45.79542492 ] } },
{ "type": "Feature", "properties": { "fid": 164, "ID": "165", "Calle": "Teniente Vanesia", "Esquina": "Juan José Paso", "Poste": "Si", "Cartel": "No", "Refugio": "Si" }, "geometry": { "type": "Point", "coordinates": [ -67.474662, -45.795406 ] } },
{ "type": "Feature", "properties": { "fid": 165, "ID": "166", "Calle": "San Lorenzo", "Esquina": "Nuestra Señora de Loreto", "Poste": "No", "Cartel": "No", "Refugio": "Si" }, "geometry": { "type": "Point", "coordinates": [ -67.472266, -45.796482 ] } },
{ "type": "Feature", "properties": { "fid": 166, "ID": "167", "Calle": "San Lorenzo", "Esquina": "Yapeyú", "Poste": "No", "Cartel": "No", "Refugio": "No" }, "geometry": { "type": "Point", "coordinates": [ -67.470753, -45.796402 ] } },
{ "type": "Feature", "properties": { "fid": 167, "ID": "168", "Calle": "San Lorenzo", "Esquina": "Guemes", "Poste": "Si", "Cartel": "No", "Refugio": "No" }, "geometry": { "type": "Point", "coordinates": [ -67.4687622, -45.796314040000013 ] } },
{ "type": "Feature", "properties": { "fid": 168, "ID": "169", "Calle": "San Lorenzo", "Esquina": "Fuerza Aérea Argentina", "Poste": "No", "Cartel": "No", "Refugio": "No" }, "geometry": { "type": "Point", "coordinates": [ -67.46537347, -45.79613202 ] } },
{ "type": "Feature", "properties": { "fid": 169, "ID": "170", "Calle": "Fuerza Aerea Argentina", "Esquina": "Juan José Paso", "Poste": "Si", "Cartel": "No", "Refugio": "Si" }, "geometry": { "type": "Point", "coordinates": [ -67.46584526, -45.79498194 ] } },
{ "type": "Feature", "properties": { "fid": 170, "ID": "171", "Calle": "Juan José Paso", "Esquina": "Escribano Ortíz", "Poste": "Si", "Cartel": "No", "Refugio": "Si" }, "geometry": { "type": "Point", "coordinates": [ -67.46423146, -45.79491783 ] } },
{ "type": "Feature", "properties": { "fid": 171, "ID": "172", "Calle": "Juan José Paso", "Esquina": "Gustavo Torrent", "Poste": "No", "Cartel": "No", "Refugio": "Si" }, "geometry": { "type": "Point", "coordinates": [ -67.461473, -45.795182 ] } },
{ "type": "Feature", "properties": { "fid": 172, "ID": "173", "Calle": "Juan José Paso", "Esquina": "Capitán García", "Poste": "Si", "Cartel": "No", "Refugio": "Si" }, "geometry": { "type": "Point", "coordinates": [ -67.460418, -45.795308 ] } },
{ "type": "Feature", "properties": { "fid": 173, "ID": "174", "Calle": "Juan José Paso", "Esquina": "Ricardo Cross", "Poste": "No", "Cartel": "No", "Refugio": "Si" }, "geometry": { "type": "Point", "coordinates": [ -67.45877582, -45.79557546 ] } },
{ "type": "Feature", "properties": { "fid": 174, "ID": "175", "Calle": "Juan José Paso", "Esquina": "Miguel de Azcuénaga", "Poste": "No", "Cartel": "No", "Refugio": "Si" }, "geometry": { "type": "Point", "coordinates": [ -67.45463716, -45.79586449 ] } },
{ "type": "Feature", "properties": { "fid": 175, "ID": "176", "Calle": "Juan José Paso", "Esquina": "Cárdenas Miranda", "Poste": "No", "Cartel": "No", "Refugio": "Si" }, "geometry": { "type": "Point", "coordinates": [ -67.45174684, -45.79611811 ] } },
{ "type": "Feature", "properties": { "fid": 176, "ID": "177", "Calle": "Italo Dell' Oro", "Esquina": "-", "Poste": "No", "Cartel": "No", "Refugio": "Si" }, "geometry": { "type": "Point", "coordinates": [ -67.44204412, -45.7963283 ] } },
{ "type": "Feature", "properties": { "fid": 177, "ID": "178", "Calle": "Italo Dell' Oro", "Esquina": "2416", "Poste": "No", "Cartel": "No", "Refugio": "No" }, "geometry": { "type": "Point", "coordinates": [ -67.438365, -45.79599 ] } },
{ "type": "Feature", "properties": { "fid": 178, "ID": "179", "Calle": "Itallo Dell´Oro", "Esquina": "-", "Poste": "No", "Cartel": "No", "Refugio": "No" }, "geometry": { "type": "Point", "coordinates": [ -67.43649131, -45.79586233 ] } },
{ "type": "Feature", "properties": { "fid": 179, "ID": "180", "Calle": "Itallo Dell´Oro", "Esquina": "2420", "Poste": "No", "Cartel": "No", "Refugio": "No" }, "geometry": { "type": "Point", "coordinates": [ -67.433942, -45.795647 ] } },
{ "type": "Feature", "properties": { "fid": 180, "ID": "181", "Calle": "Teodoro Petroff", "Esquina": "Ingeniero Hugo Strasser", "Poste": "No", "Cartel": "No", "Refugio": "No" }, "geometry": { "type": "Point", "coordinates": [ -67.43364093, -45.79452194 ] } },
{ "type": "Feature", "properties": { "fid": 181, "ID": "182", "Calle": "Wenceslao Escalante", "Esquina": "Francisco Pigafetta", "Poste": "No", "Cartel": "No", "Refugio": "No" }, "geometry": { "type": "Point", "coordinates": [ -67.43554383, -45.79281604 ] } },
{ "type": "Feature", "properties": { "fid": 182, "ID": "183", "Calle": "Enrique Hermitte", "Esquina": "Punta Borjas", "Poste": "No", "Cartel": "No", "Refugio": "No" }, "geometry": { "type": "Point", "coordinates": [ -67.43442897, -45.791498 ] } },
{ "type": "Feature", "properties": { "fid": 183, "ID": "184", "Calle": "8 de Diciembre", "Esquina": "Dr. Enrina", "Poste": "No", "Cartel": "No", "Refugio": "No" }, "geometry": { "type": "Point", "coordinates": [ -67.43572, -45.790102 ] } },
{ "type": "Feature", "properties": { "fid": 184, "ID": "185", "Calle": "Doctor Encina", "Esquina": "Federico Saufal", "Poste": "No", "Cartel": "No", "Refugio": "No" }, "geometry": { "type": "Point", "coordinates": [ -67.436664, -45.789076 ] } },
{ "type": "Feature", "properties": { "fid": 185, "ID": "186", "Calle": "Nahuel Huapi", "Esquina": "30 de Octubre", "Poste": "No", "Cartel": "SI", "Refugio": "Si" }, "geometry": { "type": "Point", "coordinates": [ -67.43506726, -45.7869751 ] } },
{ "type": "Feature", "properties": { "fid": 186, "ID": "187", "Calle": "Nahuel Huapi", "Esquina": "Bosques Petrificados", "Poste": "No", "Cartel": "No", "Refugio": "No" }, "geometry": { "type": "Point", "coordinates": [ -67.43394189, -45.7861127 ] } },
{ "type": "Feature", "properties": { "fid": 187, "ID": "188", "Calle": "Nahuel Huapi", "Esquina": "Los Arrayanes", "Poste": "No", "Cartel": "No", "Refugio": "No" }, "geometry": { "type": "Point", "coordinates": [ -67.43247427, -45.78509316 ] } },
{ "type": "Feature", "properties": { "fid": 188, "ID": "189", "Calle": "Los Arrayanes", "Esquina": "Ignacio Zuñiga", "Poste": "No", "Cartel": "No", "Refugio": "No" }, "geometry": { "type": "Point", "coordinates": [ -67.43109575, -45.78594574 ] } },
{ "type": "Feature", "properties": { "fid": 189, "ID": "190", "Calle": "Los Arrayanes", "Esquina": "Comodoro Martín Rivadavia", "Poste": "No", "Cartel": "No", "Refugio": "Si" }, "geometry": { "type": "Point", "coordinates": [ -67.42902556, -45.78741659 ] } },
{ "type": "Feature", "properties": { "fid": 190, "ID": "191", "Calle": "Comodoro Martín Rivadavia", "Esquina": "Mujica Lainez", "Poste": "No", "Cartel": "No", "Refugio": "No" }, "geometry": { "type": "Point", "coordinates": [ -67.43109704, -45.78885351 ] } },
{ "type": "Feature", "properties": { "fid": 191, "ID": "192", "Calle": "Teniente Daniel Jukic", "Esquina": "2397", "Poste": "No", "Cartel": "No", "Refugio": "No" }, "geometry": { "type": "Point", "coordinates": [ -67.43023934, -45.78956638 ] } },
{ "type": "Feature", "properties": { "fid": 192, "ID": "193", "Calle": "Teniente Daniel Jukic", "Esquina": "2399", "Poste": "No", "Cartel": "No", "Refugio": "No" }, "geometry": { "type": "Point", "coordinates": [ -67.429067, -45.790032 ] } },
{ "type": "Feature", "properties": { "fid": 193, "ID": "194", "Calle": "Calle 2404", "Esquina": "Base Matienzo", "Poste": "No", "Cartel": "No", "Refugio": "No" }, "geometry": { "type": "Point", "coordinates": [ -67.42686875, -45.78900647 ] } },
{ "type": "Feature", "properties": { "fid": 194, "ID": "195", "Calle": "Base Matienzo", "Esquina": "Camara", "Poste": "No", "Cartel": "No", "Refugio": "No" }, "geometry": { "type": "Point", "coordinates": [ -67.42448748, -45.79050975 ] } },
{ "type": "Feature", "properties": { "fid": 195, "ID": "196", "Calle": "Base Matienzo", "Esquina": "Base Irizar", "Poste": "No", "Cartel": "No", "Refugio": "No" }, "geometry": { "type": "Point", "coordinates": [ -67.42135979, -45.791777800000013 ] } },
{ "type": "Feature", "properties": { "fid": 196, "ID": "197", "Calle": "Alejandro Maiz", "Esquina": "Marizza", "Poste": "No", "Cartel": "No", "Refugio": "Si" }, "geometry": { "type": "Point", "coordinates": [ -67.42123064, -45.79338604 ] } },
{ "type": "Feature", "properties": { "fid": 197, "ID": "198", "Calle": "Alejandro Maiz", "Esquina": "Teniente Miguel Gimenez", "Poste": "No", "Cartel": "No", "Refugio": "Si" }, "geometry": { "type": "Point", "coordinates": [ -67.42291452, -45.79599817 ] } },
{ "type": "Feature", "properties": { "fid": 198, "ID": "199", "Calle": "Avenida Alejandro Maiz", "Esquina": "Guillermo Larreguy", "Poste": "Si", "Cartel": "No", "Refugio": "Si" }, "geometry": { "type": "Point", "coordinates": [ -67.42222803, -45.79738516 ] } },
{ "type": "Feature", "properties": { "fid": 199, "ID": "200", "Calle": "Alejandro Maíz", "Esquina": "Italo dell´Oro", "Poste": "No", "Cartel": "No", "Refugio": "Si" }, "geometry": { "type": "Point", "coordinates": [ -67.4235244, -45.79961359 ] } },
{ "type": "Feature", "properties": { "fid": 200, "ID": "201", "Calle": "Presidente Raúl Alfonsín", "Esquina": "Planta de Cemento)", "Poste": "No", "Cartel": "No", "Refugio": "Si" }, "geometry": { "type": "Point", "coordinates": [ -67.42489023, -45.80177966 ] } },
{ "type": "Feature", "properties": { "fid": 201, "ID": "202", "Calle": "Presidente Raul Alfonsin", "Esquina": "2831", "Poste": "No", "Cartel": "No", "Refugio": "Si" }, "geometry": { "type": "Point", "coordinates": [ -67.428549, -45.80375016 ] } },
{ "type": "Feature", "properties": { "fid": 202, "ID": "203", "Calle": "Presidente Raul Alfonsin", "Esquina": "2498", "Poste": "No", "Cartel": "No", "Refugio": "No" }, "geometry": { "type": "Point", "coordinates": [ -67.43405327, -45.80730769 ] } },
{ "type": "Feature", "properties": { "fid": 203, "ID": "204", "Calle": "Presidente Raul Alfonsin", "Esquina": "2476", "Poste": "Si", "Cartel": "No", "Refugio": "Si" }, "geometry": { "type": "Point", "coordinates": [ -67.43955209, -45.80922669 ] } },
{ "type": "Feature", "properties": { "fid": 204, "ID": "205", "Calle": "Presidente Raul Alfonsin", "Esquina": "1647", "Poste": "Si", "Cartel": "No", "Refugio": "Si" }, "geometry": { "type": "Point", "coordinates": [ -67.44747834, -45.80886181 ] } },
{ "type": "Feature", "properties": { "fid": 205, "ID": "206", "Calle": "José Ingenieros", "Esquina": "Av. del Parque", "Poste": "Si", "Cartel": "No", "Refugio": "Si" }, "geometry": { "type": "Point", "coordinates": [ -67.45545671, -45.81036237 ] } },
{ "type": "Feature", "properties": { "fid": 206, "ID": "207", "Calle": "Avenida José Ingenieros", "Esquina": "Lopez de Vega", "Poste": "No", "Cartel": "No", "Refugio": "Si" }, "geometry": { "type": "Point", "coordinates": [ -67.456135, -45.813546 ] } },
{ "type": "Feature", "properties": { "fid": 207, "ID": "208", "Calle": "Jose Ingenieros", "Esquina": "Gabriela Mistral", "Poste": "No", "Cartel": "No", "Refugio": "Si" }, "geometry": { "type": "Point", "coordinates": [ -67.45672516, -45.81564356 ] } },
{ "type": "Feature", "properties": { "fid": 208, "ID": "209", "Calle": "Jose Ingenieros", "Esquina": "General Paz", "Poste": "No", "Cartel": "No", "Refugio": "Si" }, "geometry": { "type": "Point", "coordinates": [ -67.45724389, -45.818170929999987 ] } },
{ "type": "Feature", "properties": { "fid": 209, "ID": "210", "Calle": "José Ingenieros", "Esquina": "General Hornos", "Poste": "No", "Cartel": "No", "Refugio": "Si" }, "geometry": { "type": "Point", "coordinates": [ -67.45687121, -45.8202017 ] } },
{ "type": "Feature", "properties": { "fid": 210, "ID": "211", "Calle": "Universidad", "Esquina": "-", "Poste": "No", "Cartel": "No", "Refugio": "Si" }, "geometry": { "type": "Point", "coordinates": [ -67.46255727, -45.82368064 ] } },
{ "type": "Feature", "properties": { "fid": 211, "ID": "212", "Calle": "Calle 1276", "Esquina": "-", "Poste": "No", "Cartel": "No", "Refugio": "Si" }, "geometry": { "type": "Point", "coordinates": [ -67.46370117, -45.82430596 ] } },
{ "type": "Feature", "properties": { "fid": 212, "ID": "213", "Calle": "Jose Ingenieros", "Esquina": "General Paz", "Poste": "No", "Cartel": "No", "Refugio": "No" }, "geometry": { "type": "Point", "coordinates": [ -67.4570211, -45.81809051 ] } },
{ "type": "Feature", "properties": { "fid": 213, "ID": "214", "Calle": "Jose Ingenieros", "Esquina": "Gabriela Mistral", "Poste": "No", "Cartel": "No", "Refugio": "No" }, "geometry": { "type": "Point", "coordinates": [ -67.45653526, -45.81574443 ] } },
{ "type": "Feature", "properties": { "fid": 214, "ID": "215", "Calle": "José Ingenieros", "Esquina": "Lopez de Vega", "Poste": "No", "Cartel": "No", "Refugio": "No" }, "geometry": { "type": "Point", "coordinates": [ -67.45596332, -45.81364118 ] } },
{ "type": "Feature", "properties": { "fid": 215, "ID": "216", "Calle": "José Ingenieros", "Esquina": "Av. del Parque", "Poste": "Si", "Cartel": "No", "Refugio": "Si" }, "geometry": { "type": "Point", "coordinates": [ -67.45468947, -45.81053331 ] } },
{ "type": "Feature", "properties": { "fid": 216, "ID": "217", "Calle": "Presidente Raul Alfonsin", "Esquina": "1647", "Poste": "Si", "Cartel": "No", "Refugio": "Si" }, "geometry": { "type": "Point", "coordinates": [ -67.44755491, -45.80900643 ] } },
{ "type": "Feature", "properties": { "fid": 217, "ID": "218", "Calle": "Presidente Raul Alfonsin", "Esquina": "1658", "Poste": "Si", "Cartel": "No", "Refugio": "Si" }, "geometry": { "type": "Point", "coordinates": [ -67.440767, -45.809521 ] } },
{ "type": "Feature", "properties": { "fid": 218, "ID": "219", "Calle": "Presidente Raul Alfonsin", "Esquina": "1654", "Poste": "Si", "Cartel": "No", "Refugio": "Si" }, "geometry": { "type": "Point", "coordinates": [ -67.43678847, -45.80895596 ] } },
{ "type": "Feature", "properties": { "fid": 219, "ID": "220", "Calle": "Presidente Raul Alfonsin", "Esquina": "1663", "Poste": "Si", "Cartel": "No", "Refugio": "No" }, "geometry": { "type": "Point", "coordinates": [ -67.43390406, -45.80743981 ] } },
{ "type": "Feature", "properties": { "fid": 220, "ID": "221", "Calle": "Presidente Raul Alfonsin", "Esquina": "2831", "Poste": "Si", "Cartel": "No", "Refugio": "No" }, "geometry": { "type": "Point", "coordinates": [ -67.42842431, -45.80392323 ] } },
{ "type": "Feature", "properties": { "fid": 221, "ID": "222", "Calle": "Alejandro Maiz", "Esquina": "Soldado Bordón", "Poste": "No", "Cartel": "No", "Refugio": "Si" }, "geometry": { "type": "Point", "coordinates": [ -67.42378501, -45.80063033 ] } },
{ "type": "Feature", "properties": { "fid": 222, "ID": "223", "Calle": "Alejandro Maiz", "Esquina": "José Ardiles", "Poste": "No", "Cartel": "No", "Refugio": "Si" }, "geometry": { "type": "Point", "coordinates": [ -67.422352, -45.796228 ] } },
{ "type": "Feature", "properties": { "fid": 223, "ID": "224", "Calle": "Alejandro Maiz", "Esquina": "Teniente Daniel Jukic", "Poste": "No", "Cartel": "No", "Refugio": "Si" }, "geometry": { "type": "Point", "coordinates": [ -67.42062168, -45.79310147 ] } },
{ "type": "Feature", "properties": { "fid": 224, "ID": "225", "Calle": "Base Matienzo", "Esquina": "Base Irizar", "Poste": "No", "Cartel": "No", "Refugio": "No" }, "geometry": { "type": "Point", "coordinates": [ -67.42101138, -45.79200528 ] } },
{ "type": "Feature", "properties": { "fid": 225, "ID": "226", "Calle": "Base Matienzo", "Esquina": "Base Melchior", "Poste": "No", "Cartel": "No", "Refugio": "No" }, "geometry": { "type": "Point", "coordinates": [ -67.42257875, -45.79114802 ] } },
{ "type": "Feature", "properties": { "fid": 226, "ID": "227", "Calle": "Base Matienzo", "Esquina": "Camara (Colegio 707)", "Poste": "Si", "Cartel": "No", "Refugio": "Si" }, "geometry": { "type": "Point", "coordinates": [ -67.42403071, -45.79053583 ] } },
{ "type": "Feature", "properties": { "fid": 227, "ID": "228", "Calle": "Base Matienzo", "Esquina": "2404", "Poste": "No", "Cartel": "No", "Refugio": "No" }, "geometry": { "type": "Point", "coordinates": [ -67.42652391, -45.7888821 ] } },
{ "type": "Feature", "properties": { "fid": 228, "ID": "229", "Calle": "Calle 2404", "Esquina": "Teniente Daniel Jukic", "Poste": "No", "Cartel": "No", "Refugio": "No" }, "geometry": { "type": "Point", "coordinates": [ -67.428459, -45.790007 ] } },
{ "type": "Feature", "properties": { "fid": 229, "ID": "230", "Calle": "Teniente Daniel Jukic", "Esquina": "Comodoro M. Rivadavia", "Poste": "No", "Cartel": "No", "Refugio": "Si" }, "geometry": { "type": "Point", "coordinates": [ -67.430851, -45.789143 ] } },
{ "type": "Feature", "properties": { "fid": 230, "ID": "231", "Calle": "Comodoro M. Rivadavia", "Esquina": "2408", "Poste": "No", "Cartel": "No", "Refugio": "No" }, "geometry": { "type": "Point", "coordinates": [ -67.43015, -45.788655 ] } },
{ "type": "Feature", "properties": { "fid": 231, "ID": "232", "Calle": "Comodoro M. Rivadavia", "Esquina": "Base Matienzo", "Poste": "No", "Cartel": "No", "Refugio": "No" }, "geometry": { "type": "Point", "coordinates": [ -67.42872527, -45.78777353 ] } },
{ "type": "Feature", "properties": { "fid": 232, "ID": "233", "Calle": "Los Arrayenes", "Esquina": "Ignacio Zuñiga", "Poste": "Si", "Cartel": "No", "Refugio": "No" }, "geometry": { "type": "Point", "coordinates": [ -67.43069106, -45.78603936 ] } },
{ "type": "Feature", "properties": { "fid": 233, "ID": "234", "Calle": "Los Arrayanes", "Esquina": "Nahuel Huapi", "Poste": "Si", "Cartel": "No", "Refugio": "No" }, "geometry": { "type": "Point", "coordinates": [ -67.43219293, -45.78499334 ] } },
{ "type": "Feature", "properties": { "fid": 234, "ID": "235", "Calle": "Nahuel Huapi", "Esquina": "Bosques Petrificados", "Poste": "Si", "Cartel": "No", "Refugio": "No" }, "geometry": { "type": "Point", "coordinates": [ -67.43401679, -45.78581683 ] } },
{ "type": "Feature", "properties": { "fid": 235, "ID": "236", "Calle": "Nahuel Huapi", "Esquina": "Llao Llao", "Poste": "Si", "Cartel": "SI", "Refugio": "Si" }, "geometry": { "type": "Point", "coordinates": [ -67.435045, -45.786475 ] } },
{ "type": "Feature", "properties": { "fid": 236, "ID": "237", "Calle": "Nahuel Huapi", "Esquina": "Las Maras", "Poste": "No", "Cartel": "No", "Refugio": "Si" }, "geometry": { "type": "Point", "coordinates": [ -67.43661591, -45.78763789 ] } },
{ "type": "Feature", "properties": { "fid": 237, "ID": "238", "Calle": "Dr. Roque Encina", "Esquina": "Alberto Pacheco", "Poste": "No", "Cartel": "No", "Refugio": "No" }, "geometry": { "type": "Point", "coordinates": [ -67.4367172, -45.78926009 ] } },
{ "type": "Feature", "properties": { "fid": 238, "ID": "239", "Calle": "Dr. Roque Encina", "Esquina": "8 de Diciembre", "Poste": "Si", "Cartel": "No", "Refugio": "No" }, "geometry": { "type": "Point", "coordinates": [ -67.436055, -45.790097 ] } },
{ "type": "Feature", "properties": { "fid": 239, "ID": "240", "Calle": "Enrique Hermitte", "Esquina": "Punta Borjas", "Poste": "No", "Cartel": "SI", "Refugio": "Si" }, "geometry": { "type": "Point", "coordinates": [ -67.434595, -45.79143265 ] } },
{ "type": "Feature", "properties": { "fid": 240, "ID": "241", "Calle": "Francisco Pigafetta", "Esquina": "Wenceslao Escalante", "Poste": "No", "Cartel": "No", "Refugio": "No" }, "geometry": { "type": "Point", "coordinates": [ -67.435502, -45.79254 ] } },
{ "type": "Feature", "properties": { "fid": 241, "ID": "242", "Calle": "Teodoro Petroff", "Esquina": "Miguel Prat", "Poste": "No", "Cartel": "No", "Refugio": "Si" }, "geometry": { "type": "Point", "coordinates": [ -67.434663, -45.794251 ] } },
{ "type": "Feature", "properties": { "fid": 242, "ID": "243", "Calle": "Teorodo Petroff", "Esquina": "Manuel Ríos", "Poste": "Si", "Cartel": "No", "Refugio": "Si" }, "geometry": { "type": "Point", "coordinates": [ -67.43286166, -45.79499573 ] } },
{ "type": "Feature", "properties": { "fid": 243, "ID": "244", "Calle": "Itallo Dell´Oro", "Esquina": "-", "Poste": "No", "Cartel": "No", "Refugio": "No" }, "geometry": { "type": "Point", "coordinates": [ -67.43589955, -45.79564472 ] } },
{ "type": "Feature", "properties": { "fid": 244, "ID": "245", "Calle": "Itallo Dell´Oro", "Esquina": "Calle 3439", "Poste": "Si", "Cartel": "No", "Refugio": "Si" }, "geometry": { "type": "Point", "coordinates": [ -67.438981, -45.79591 ] } },
{ "type": "Feature", "properties": { "fid": 245, "ID": "246", "Calle": "Italo Dell' Oro", "Esquina": "-", "Poste": "Si", "Cartel": "No", "Refugio": "Si" }, "geometry": { "type": "Point", "coordinates": [ -67.44179751, -45.79610682 ] } },
{ "type": "Feature", "properties": { "fid": 246, "ID": "247", "Calle": "Juan José Paso", "Esquina": "Mario Morejón", "Poste": "No", "Cartel": "No", "Refugio": "No" }, "geometry": { "type": "Point", "coordinates": [ -67.448696, -45.796167 ] } },
{ "type": "Feature", "properties": { "fid": 247, "ID": "248", "Calle": "Juan José Paso", "Esquina": "Cardenas Miranda", "Poste": "No", "Cartel": "No", "Refugio": "Si" }, "geometry": { "type": "Point", "coordinates": [ -67.45175771, -45.7959359 ] } },
{ "type": "Feature", "properties": { "fid": 248, "ID": "249", "Calle": "Juan José Paso", "Esquina": "Miguel de Azuénaga", "Poste": "No", "Cartel": "No", "Refugio": "Si" }, "geometry": { "type": "Point", "coordinates": [ -67.45466779, -45.79569422 ] } },
{ "type": "Feature", "properties": { "fid": 249, "ID": "250", "Calle": "Juan Jose Paso", "Esquina": "Manuel de Sarratea", "Poste": "No", "Cartel": "No", "Refugio": "Si" }, "geometry": { "type": "Point", "coordinates": [ -67.45769198, -45.795388990000014 ] } },
{ "type": "Feature", "properties": { "fid": 250, "ID": "251", "Calle": "Juan José Paso", "Esquina": "Arturo Tesso", "Poste": "Si", "Cartel": "No", "Refugio": "No" }, "geometry": { "type": "Point", "coordinates": [ -67.46154728, -45.79496911 ] } },
{ "type": "Feature", "properties": { "fid": 251, "ID": "252", "Calle": "Juan José Paso", "Esquina": "Escribano Ortíz", "Poste": "No", "Cartel": "No", "Refugio": "Si" }, "geometry": { "type": "Point", "coordinates": [ -67.46420063, -45.79473782 ] } },
{ "type": "Feature", "properties": { "fid": 252, "ID": "253", "Calle": "Juan Jose Paso", "Esquina": "Fuerza Aerea Argentina", "Poste": "No", "Cartel": "No", "Refugio": "Si" }, "geometry": { "type": "Point", "coordinates": [ -67.46649603, -45.79468025 ] } },
{ "type": "Feature", "properties": { "fid": 253, "ID": "254", "Calle": "Juan José Paso", "Esquina": "Guemes", "Poste": "No", "Cartel": "No", "Refugio": "No" }, "geometry": { "type": "Point", "coordinates": [ -67.46901489, -45.79482148 ] } },
{ "type": "Feature", "properties": { "fid": 254, "ID": "255", "Calle": "Juan José Paso", "Esquina": "Nuestra Señora de Loreto", "Poste": "No", "Cartel": "No", "Refugio": "Si" }, "geometry": { "type": "Point", "coordinates": [ -67.47203098, -45.79498623 ] } },
{ "type": "Feature", "properties": { "fid": 255, "ID": "256", "Calle": "Juan José Paso", "Esquina": "Teniente Gerardo Vanesia", "Poste": "Si", "Cartel": "SI", "Refugio": "No" }, "geometry": { "type": "Point", "coordinates": [ -67.47432509, -45.79492205 ] } },
{ "type": "Feature", "properties": { "fid": 256, "ID": "257", "Calle": "Juan José Paso", "Esquina": "Capitán García", "Poste": "No", "Cartel": "No", "Refugio": "Si" }, "geometry": { "type": "Point", "coordinates": [ -67.4767592, -45.79526273 ] } },
{ "type": "Feature", "properties": { "fid": 257, "ID": "258", "Calle": "Juan José Paso", "Esquina": "Saint Exupery", "Poste": "No", "Cartel": "No", "Refugio": "No" }, "geometry": { "type": "Point", "coordinates": [ -67.47965085, -45.79544691 ] } },
{ "type": "Feature", "properties": { "fid": 258, "ID": "259", "Calle": "Juan José Paso", "Esquina": "Auxiliar Lazo", "Poste": "No", "Cartel": "No", "Refugio": "No" }, "geometry": { "type": "Point", "coordinates": [ -67.4816464, -45.79553934 ] } },
{ "type": "Feature", "properties": { "fid": 259, "ID": "260", "Calle": "Juan José Paso", "Esquina": "Balcarce", "Poste": "No", "Cartel": "No", "Refugio": "Si" }, "geometry": { "type": "Point", "coordinates": [ -67.48418259, -45.79568345 ] } },
{ "type": "Feature", "properties": { "fid": 260, "ID": "261", "Calle": "Juan José Paso", "Esquina": "Las Heras", "Poste": "No", "Cartel": "No", "Refugio": "No" }, "geometry": { "type": "Point", "coordinates": [ -67.48608789, -45.79579232 ] } },
{ "type": "Feature", "properties": { "fid": 261, "ID": "262", "Calle": "Juan José Paso", "Esquina": "1 de Noviembre", "Poste": "Si", "Cartel": "No", "Refugio": "Si" }, "geometry": { "type": "Point", "coordinates": [ -67.48900418, -45.795957 ] } },
{ "type": "Feature", "properties": { "fid": 262, "ID": "263", "Calle": "General Lavalle", "Esquina": "Teniente Felix Orione", "Poste": "No", "Cartel": "No", "Refugio": "No" }, "geometry": { "type": "Point", "coordinates": [ -67.48752006, -45.79479253 ] } },
{ "type": "Feature", "properties": { "fid": 263, "ID": "264", "Calle": "General Lavalle", "Esquina": "Cabo 1 Medina", "Poste": "No", "Cartel": "No", "Refugio": "No" }, "geometry": { "type": "Point", "coordinates": [ -67.485654, -45.794662 ] } },
{ "type": "Feature", "properties": { "fid": 264, "ID": "265", "Calle": "Barrio Castelli (Molino Eólico)", "Esquina": "-", "Poste": "No", "Cartel": "No", "Refugio": "No" }, "geometry": { "type": "Point", "coordinates": [ -67.47427286, -45.8201835 ] } },
{ "type": "Feature", "properties": { "fid": 265, "ID": "266", "Calle": "Barrio Guemes", "Esquina": "-", "Poste": "No", "Cartel": "No", "Refugio": "No" }, "geometry": { "type": "Point", "coordinates": [ -67.4914204, -45.82026258 ] } },
{ "type": "Feature", "properties": { "fid": 266, "ID": "267", "Calle": "Valle C", "Esquina": "-", "Poste": "No", "Cartel": "No", "Refugio": "Si" }, "geometry": { "type": "Point", "coordinates": [ -67.50313479, -45.82058608 ] } },
{ "type": "Feature", "properties": { "fid": 267, "ID": "268", "Calle": "Argelino Suluaga", "Esquina": "Entre Rios", "Poste": "No", "Cartel": "No", "Refugio": "No" }, "geometry": { "type": "Point", "coordinates": [ -67.502802, -45.819791 ] } },
{ "type": "Feature", "properties": { "fid": 268, "ID": "269", "Calle": "Buenos Aires", "Esquina": "Tucuman", "Poste": "No", "Cartel": "No", "Refugio": "No" }, "geometry": { "type": "Point", "coordinates": [ -67.503125, -45.818134 ] } },
{ "type": "Feature", "properties": { "fid": 269, "ID": "270", "Calle": "Tucuman", "Esquina": "Formosa", "Poste": "No", "Cartel": "No", "Refugio": "No" }, "geometry": { "type": "Point", "coordinates": [ -67.50395, -45.818371 ] } },
{ "type": "Feature", "properties": { "fid": 270, "ID": "271", "Calle": "Argelino Suluaga", "Esquina": "Entre Rios", "Poste": "No", "Cartel": "No", "Refugio": "No" }, "geometry": { "type": "Point", "coordinates": [ -67.50287656, -45.81972886 ] } },
{ "type": "Feature", "properties": { "fid": 271, "ID": "272", "Calle": "Jose Do Brito", "Esquina": "Raul Ulloa", "Poste": "No", "Cartel": "No", "Refugio": "Si" }, "geometry": { "type": "Point", "coordinates": [ -67.52581098, -45.82221054 ] } },
{ "type": "Feature", "properties": { "fid": 272, "ID": "273", "Calle": "Barrio Manantial Rosales (1)", "Esquina": "-", "Poste": "No", "Cartel": "No", "Refugio": "Si" }, "geometry": { "type": "Point", "coordinates": [ -67.52869266, -45.8202445 ] } },
{ "type": "Feature", "properties": { "fid": 273, "ID": "274", "Calle": "Barrio Manantial Rosales (2)", "Esquina": "-", "Poste": "Si", "Cartel": "No", "Refugio": "No" }, "geometry": { "type": "Point", "coordinates": [ -67.53067386, -45.8178186 ] } },
{ "type": "Feature", "properties": { "fid": 274, "ID": "275", "Calle": "Barrio Bella Vista Norte (1)", "Esquina": "-", "Poste": "No", "Cartel": "No", "Refugio": "Si" }, "geometry": { "type": "Point", "coordinates": [ -67.53646094, -45.81562589 ] } },
{ "type": "Feature", "properties": { "fid": 275, "ID": "276", "Calle": "Barrio Bella Vista Norte (2)", "Esquina": "-", "Poste": "No", "Cartel": "No", "Refugio": "No" }, "geometry": { "type": "Point", "coordinates": [ -67.53432514, -45.81432303 ] } },
{ "type": "Feature", "properties": { "fid": 276, "ID": "277", "Calle": "Barrio Bella Vista Norte (2)", "Esquina": "-", "Poste": "No", "Cartel": "No", "Refugio": "No" }, "geometry": { "type": "Point", "coordinates": [ -67.53648042, -45.81574162 ] } },
{ "type": "Feature", "properties": { "fid": 277, "ID": "278", "Calle": "Barrio Manantial Rosales (2)", "Esquina": "-", "Poste": "No", "Cartel": "No", "Refugio": "Si" }, "geometry": { "type": "Point", "coordinates": [ -67.53091496, -45.81784285 ] } },
{ "type": "Feature", "properties": { "fid": 278, "ID": "279", "Calle": "Barrio Manantial Rosales (1)", "Esquina": "-", "Poste": "No", "Cartel": "No", "Refugio": "No" }, "geometry": { "type": "Point", "coordinates": [ -67.52885919, -45.82011802 ] } },
{ "type": "Feature", "properties": { "fid": 279, "ID": "280", "Calle": "Jose Do Brito", "Esquina": "-", "Poste": "No", "Cartel": "No", "Refugio": "No" }, "geometry": { "type": "Point", "coordinates": [ -67.528074, -45.823267 ] } },
{ "type": "Feature", "properties": { "fid": 280, "ID": "281", "Calle": "Jose do Brito", "Esquina": "Serafín Pérez", "Poste": "No", "Cartel": "No", "Refugio": "No" }, "geometry": { "type": "Point", "coordinates": [ -67.52940321, -45.8241161 ] } },
{ "type": "Feature", "properties": { "fid": 281, "ID": "282", "Calle": "Jose do Brito", "Esquina": "Lisandro Rios", "Poste": "No", "Cartel": "No", "Refugio": "Si" }, "geometry": { "type": "Point", "coordinates": [ -67.53398927, -45.82603818 ] } },
{ "type": "Feature", "properties": { "fid": 282, "ID": "283", "Calle": "Paraguay", "Esquina": "Nueva York", "Poste": "Si", "Cartel": "No", "Refugio": "No" }, "geometry": { "type": "Point", "coordinates": [ -67.535547, -45.826671 ] } },
{ "type": "Feature", "properties": { "fid": 283, "ID": "284", "Calle": "Paraguay", "Esquina": "Río de Janeiro", "Poste": "No", "Cartel": "No", "Refugio": "No" }, "geometry": { "type": "Point", "coordinates": [ -67.536968, -45.827367 ] } },
{ "type": "Feature", "properties": { "fid": 284, "ID": "285", "Calle": "Bogotá", "Esquina": "Bahia", "Poste": "No", "Cartel": "No", "Refugio": "No" }, "geometry": { "type": "Point", "coordinates": [ -67.538502, -45.827946 ] } },
{ "type": "Feature", "properties": { "fid": 285, "ID": "286", "Calle": "Bogota", "Esquina": "Costa Rica", "Poste": "No", "Cartel": "No", "Refugio": "Si" }, "geometry": { "type": "Point", "coordinates": [ -67.54073476, -45.828019899999987 ] } },
{ "type": "Feature", "properties": { "fid": 286, "ID": "287", "Calle": "Alaska", "Esquina": "Costa Rica", "Poste": "Si", "Cartel": "No", "Refugio": "No" }, "geometry": { "type": "Point", "coordinates": [ -67.54161394, -45.82738745 ] } },
{ "type": "Feature", "properties": { "fid": 287, "ID": "288", "Calle": "Acapulco", "Esquina": "Cuzco", "Poste": "No", "Cartel": "No", "Refugio": "Si" }, "geometry": { "type": "Point", "coordinates": [ -67.54347881, -45.82685833 ] } },
{ "type": "Feature", "properties": { "fid": 288, "ID": "289", "Calle": "Potosi", "Esquina": "Jamaica", "Poste": "No", "Cartel": "No", "Refugio": "Si" }, "geometry": { "type": "Point", "coordinates": [ -67.54558466, -45.82688926 ] } },
{ "type": "Feature", "properties": { "fid": 289, "ID": "290", "Calle": "Jamaica", "Esquina": "Alaska (Escuela 27)", "Poste": "No", "Cartel": "No", "Refugio": "Si" }, "geometry": { "type": "Point", "coordinates": [ -67.54468448, -45.82818073 ] } },
{ "type": "Feature", "properties": { "fid": 290, "ID": "291", "Calle": "Bogota", "Esquina": "El Salvador", "Poste": "No", "Cartel": "No", "Refugio": "Si" }, "geometry": { "type": "Point", "coordinates": [ -67.545202, -45.828845 ] } },
{ "type": "Feature", "properties": { "fid": 291, "ID": "292", "Calle": "Ecuador", "Esquina": "Cuba", "Poste": "No", "Cartel": "No", "Refugio": "Si" }, "geometry": { "type": "Point", "coordinates": [ -67.54518858, -45.83037963000001 ] } },
{ "type": "Feature", "properties": { "fid": 292, "ID": "293", "Calle": "Paraguay", "Esquina": "Valparaiso", "Poste": "No", "Cartel": "No", "Refugio": "Si" }, "geometry": { "type": "Point", "coordinates": [ -67.543844, -45.83077647 ] } },
{ "type": "Feature", "properties": { "fid": 293, "ID": "294", "Calle": "Paraguay", "Esquina": "Brasilia", "Poste": "No", "Cartel": "No", "Refugio": "Si" }, "geometry": { "type": "Point", "coordinates": [ -67.54180857, -45.83036041 ] } },
{ "type": "Feature", "properties": { "fid": 294, "ID": "295", "Calle": "Paraguay", "Esquina": "Honduras", "Poste": "No", "Cartel": "No", "Refugio": "Si" }, "geometry": { "type": "Point", "coordinates": [ -67.53967725, -45.83041378 ] } },
{ "type": "Feature", "properties": { "fid": 295, "ID": "296", "Calle": "Paraguay", "Esquina": "Caracas", "Poste": "No", "Cartel": "No", "Refugio": "No" }, "geometry": { "type": "Point", "coordinates": [ -67.538123, -45.828439 ] } },
{ "type": "Feature", "properties": { "fid": 296, "ID": "297", "Calle": "Bogota", "Esquina": "Nueva York", "Poste": "No", "Cartel": "No", "Refugio": "Si" }, "geometry": { "type": "Point", "coordinates": [ -67.53568231, -45.826956 ] } },
{ "type": "Feature", "properties": { "fid": 297, "ID": "298", "Calle": "Jose do Brito", "Esquina": "Lisandro Rios", "Poste": "No", "Cartel": "No", "Refugio": "No" }, "geometry": { "type": "Point", "coordinates": [ -67.53386962, -45.82620619 ] } },
{ "type": "Feature", "properties": { "fid": 298, "ID": "299", "Calle": "Jose do Brito", "Esquina": "Serafín Pérez", "Poste": "Si", "Cartel": "No", "Refugio": "Si" }, "geometry": { "type": "Point", "coordinates": [ -67.52917209, -45.82416868 ] } },
{ "type": "Feature", "properties": { "fid": 299, "ID": "300", "Calle": "Jose Do Brito", "Esquina": "Raul Ulloa", "Poste": "No", "Cartel": "No", "Refugio": "Si" }, "geometry": { "type": "Point", "coordinates": [ -67.52593706, -45.8224796 ] } },
{ "type": "Feature", "properties": { "fid": 300, "ID": "301", "Calle": "Jose do Brito", "Esquina": "Ana Andrade", "Poste": "No", "Cartel": "No", "Refugio": "No" }, "geometry": { "type": "Point", "coordinates": [ -67.52498786, -45.821856450000013 ] } },
{ "type": "Feature", "properties": { "fid": 301, "ID": "302", "Calle": "Tucuman", "Esquina": "Entre Rios", "Poste": "No", "Cartel": "No", "Refugio": "Si" }, "geometry": { "type": "Point", "coordinates": [ -67.50373806, -45.81845778 ] } },
{ "type": "Feature", "properties": { "fid": 302, "ID": "303", "Calle": "Valle C", "Esquina": "-", "Poste": "No", "Cartel": "No", "Refugio": "Si" }, "geometry": { "type": "Point", "coordinates": [ -67.50259918, -45.820863290000013 ] } },
{ "type": "Feature", "properties": { "fid": 303, "ID": "304", "Calle": "Barrio Guemes", "Esquina": "-", "Poste": "No", "Cartel": "No", "Refugio": "Si" }, "geometry": { "type": "Point", "coordinates": [ -67.49142046, -45.82066018 ] } },
{ "type": "Feature", "properties": { "fid": 304, "ID": "305", "Calle": "Barrio Castelli (Molino Eólico)", "Esquina": "-", "Poste": "No", "Cartel": "No", "Refugio": "No" }, "geometry": { "type": "Point", "coordinates": [ -67.47485992, -45.82022585 ] } },
{ "type": "Feature", "properties": { "fid": 305, "ID": "306", "Calle": "Tehuelches", "Esquina": "Cerro Viteau", "Poste": "Si", "Cartel": "No", "Refugio": "Si" }, "geometry": { "type": "Point", "coordinates": [ -67.47068767, -45.82846766 ] } },
{ "type": "Feature", "properties": { "fid": 306, "ID": "307", "Calle": "Tehuelches", "Esquina": "Gonzalez Balcarce", "Poste": "No", "Cartel": "No", "Refugio": "Si" }, "geometry": { "type": "Point", "coordinates": [ -67.47276668, -45.82960707 ] } },
{ "type": "Feature", "properties": { "fid": 307, "ID": "308", "Calle": "Tehuelches", "Esquina": "Miguel de Jones", "Poste": "No", "Cartel": "No", "Refugio": "Si" }, "geometry": { "type": "Point", "coordinates": [ -67.476251, -45.831694 ] } },
{ "type": "Feature", "properties": { "fid": 308, "ID": "309", "Calle": "Tehuelches", "Esquina": "Lángara", "Poste": "No", "Cartel": "No", "Refugio": "Si" }, "geometry": { "type": "Point", "coordinates": [ -67.47791516, -45.83396124 ] } },
{ "type": "Feature", "properties": { "fid": 309, "ID": "310", "Calle": "Francisco Viedma", "Esquina": "Buque Fray Luis Beltrán", "Poste": "No", "Cartel": "SI", "Refugio": "Si" }, "geometry": { "type": "Point", "coordinates": [ -67.4782285, -45.8380805 ] } },
{ "type": "Feature", "properties": { "fid": 310, "ID": "311", "Calle": "Dr. Marcelino Reyes", "Esquina": "Av. Libertador Gral. San Martín", "Poste": "Si", "Cartel": "SI", "Refugio": "Si" }, "geometry": { "type": "Point", "coordinates": [ -67.47707343, -45.83979816 ] } },
{ "type": "Feature", "properties": { "fid": 311, "ID": "312", "Calle": "Langara", "Esquina": "Francisco de Viedma", "Poste": "No", "Cartel": "No", "Refugio": "Si" }, "geometry": { "type": "Point", "coordinates": [ -67.47876611, -45.83407975 ] } },
{ "type": "Feature", "properties": { "fid": 312, "ID": "313", "Calle": "Langara", "Esquina": "Antonio Oneto", "Poste": "No", "Cartel": "No", "Refugio": "Si" }, "geometry": { "type": "Point", "coordinates": [ -67.48098686, -45.83379316 ] } },
{ "type": "Feature", "properties": { "fid": 313, "ID": "314", "Calle": "Langara", "Esquina": "Alvaro Barros", "Poste": "No", "Cartel": "No", "Refugio": "No" }, "geometry": { "type": "Point", "coordinates": [ -67.48259815, -45.83416969 ] } },
{ "type": "Feature", "properties": { "fid": 314, "ID": "315", "Calle": "Langara", "Esquina": "Mazaredo", "Poste": "No", "Cartel": "No", "Refugio": "No" }, "geometry": { "type": "Point", "coordinates": [ -67.48403507, -45.83421895 ] } },
{ "type": "Feature", "properties": { "fid": 315, "ID": "316", "Calle": "Mazaredo", "Esquina": "José María Moreno", "Poste": "No", "Cartel": "No", "Refugio": "No" }, "geometry": { "type": "Point", "coordinates": [ -67.48654865, -45.83610363 ] } },
{ "type": "Feature", "properties": { "fid": 316, "ID": "317", "Calle": "Jose Aimar", "Esquina": "Jose Maria Moreno", "Poste": "No", "Cartel": "No", "Refugio": "No" }, "geometry": { "type": "Point", "coordinates": [ -67.489233, -45.836293 ] } },
{ "type": "Feature", "properties": { "fid": 317, "ID": "318", "Calle": "Libertador", "Esquina": "Don Bosco", "Poste": "No", "Cartel": "No", "Refugio": "Si" }, "geometry": { "type": "Point", "coordinates": [ -67.476413, -45.842736 ] } },
{ "type": "Feature", "properties": { "fid": 319, "ID": "320", "Calle": "Intendente Mario Morejón", "Esquina": "Escalante", "Poste": "No", "Cartel": "No", "Refugio": "No" }, "geometry": { "type": "Point", "coordinates": [ -67.44832575, -45.79760148 ] } },
{ "type": "Feature", "properties": { "fid": 320, "ID": "321", "Calle": "Nahuel Huapi", "Esquina": "-", "Poste": "Si", "Cartel": "No", "Refugio": "No" }, "geometry": { "type": "Point", "coordinates": [ -67.44490621, -45.7942261 ] } },
{ "type": "Feature", "properties": { "fid": 321, "ID": "322", "Calle": "Nahuel Huapi", "Esquina": "-", "Poste": "No", "Cartel": "No", "Refugio": "No" }, "geometry": { "type": "Point", "coordinates": [ -67.44366186, -45.79333252 ] } },
{ "type": "Feature", "properties": { "fid": 322, "ID": "323", "Calle": "Nahuel Huapi", "Esquina": "Punta Borjas", "Poste": "No", "Cartel": "No", "Refugio": "No" }, "geometry": { "type": "Point", "coordinates": [ -67.44116744, -45.7914753 ] } },
{ "type": "Feature", "properties": { "fid": 323, "ID": "324", "Calle": "Nahuel Huapi", "Esquina": "8 de Diciembre", "Poste": "No", "Cartel": "No", "Refugio": "No" }, "geometry": { "type": "Point", "coordinates": [ -67.43991995, -45.79057691 ] } },
{ "type": "Feature", "properties": { "fid": 324, "ID": "325", "Calle": "Nahuel Huapi", "Esquina": "2393", "Poste": "No", "Cartel": "No", "Refugio": "No" }, "geometry": { "type": "Point", "coordinates": [ -67.437952, -45.789102 ] } },
{ "type": "Feature", "properties": { "fid": 325, "ID": "326", "Calle": "Sargento Baltazar González", "Esquina": "Ignacio Zuñiga", "Poste": "Si", "Cartel": "No", "Refugio": "No" }, "geometry": { "type": "Point", "coordinates": [ -67.43007172, -45.7852241 ] } },
{ "type": "Feature", "properties": { "fid": 326, "ID": "327", "Calle": "Sargento Baltazar González", "Esquina": "2438", "Poste": "No", "Cartel": "No", "Refugio": "No" }, "geometry": { "type": "Point", "coordinates": [ -67.42768388, -45.78689758 ] } },
{ "type": "Feature", "properties": { "fid": 327, "ID": "328", "Calle": "Calle 2438", "Esquina": "2432", "Poste": "Si", "Cartel": "No", "Refugio": "No" }, "geometry": { "type": "Point", "coordinates": [ -67.42571412, -45.785451190000011 ] } },
{ "type": "Feature", "properties": { "fid": 328, "ID": "329", "Calle": "Calle 2432", "Esquina": "2403", "Poste": "Si", "Cartel": "No", "Refugio": "No" }, "geometry": { "type": "Point", "coordinates": [ -67.42456555, -45.78604634 ] } },
{ "type": "Feature", "properties": { "fid": 329, "ID": "330", "Calle": "Calle 2432", "Esquina": "2401", "Poste": "No", "Cartel": "No", "Refugio": "No" }, "geometry": { "type": "Point", "coordinates": [ -67.42292232, -45.78703692 ] } },
{ "type": "Feature", "properties": { "fid": 330, "ID": "331", "Calle": "Calle 2432", "Esquina": "Base Teniente Camara", "Poste": "Si", "Cartel": "No", "Refugio": "No" }, "geometry": { "type": "Point", "coordinates": [ -67.42134394, -45.78800125 ] } },
{ "type": "Feature", "properties": { "fid": 331, "ID": "332", "Calle": "Calle 2432", "Esquina": "2423", "Poste": "No", "Cartel": "No", "Refugio": "No" }, "geometry": { "type": "Point", "coordinates": [ -67.419655, -45.789014 ] } },
{ "type": "Feature", "properties": { "fid": 332, "ID": "333", "Calle": "Base Irizar", "Esquina": "Base Decepción", "Poste": "Si", "Cartel": "No", "Refugio": "No" }, "geometry": { "type": "Point", "coordinates": [ -67.41955536, -45.79033548 ] } },
{ "type": "Feature", "properties": { "fid": 333, "ID": "334", "Calle": "Base Irizar", "Esquina": "Base Matienzo", "Poste": "No", "Cartel": "No", "Refugio": "No" }, "geometry": { "type": "Point", "coordinates": [ -67.42104268, -45.79167068 ] } },
{ "type": "Feature", "properties": { "fid": 334, "ID": "335", "Calle": "Base Petrel", "Esquina": "Teniente Carlos Castillo", "Poste": "No", "Cartel": "No", "Refugio": "No" }, "geometry": { "type": "Point", "coordinates": [ -67.41919497, -45.79291813 ] } },
{ "type": "Feature", "properties": { "fid": 335, "ID": "336", "Calle": "Eugenio María de Hostos", "Esquina": "2845", "Poste": "No", "Cartel": "No", "Refugio": "No" }, "geometry": { "type": "Point", "coordinates": [ -67.412393, -45.793342 ] } },
{ "type": "Feature", "properties": { "fid": 336, "ID": "337", "Calle": "Eugenio María de Hostos", "Esquina": "Rubén Darío", "Poste": "No", "Cartel": "No", "Refugio": "Si" }, "geometry": { "type": "Point", "coordinates": [ -67.40942622, -45.79331297 ] } },
{ "type": "Feature", "properties": { "fid": 337, "ID": "338", "Calle": "Ruben Dario", "Esquina": "Dolores Mora", "Poste": "No", "Cartel": "No", "Refugio": "No" }, "geometry": { "type": "Point", "coordinates": [ -67.41110387, -45.79500491 ] } },
{ "type": "Feature", "properties": { "fid": 341, "ID": "342", "Calle": "Andrés Bello", "Esquina": "Dolores Mora", "Poste": "No", "Cartel": "No", "Refugio": "Si" }, "geometry": { "type": "Point", "coordinates": [ -67.40938208, -45.7955332 ] } },
{ "type": "Feature", "properties": { "fid": 342, "ID": "343", "Calle": "Andrés Bello", "Esquina": "Pablo Neruda", "Poste": "No", "Cartel": "No", "Refugio": "No" }, "geometry": { "type": "Point", "coordinates": [ -67.40760556, -45.79389644 ] } },
{ "type": "Feature", "properties": { "fid": 343, "ID": "344", "Calle": "Eugenio Maria de Hostos", "Esquina": "Gustavo Becquer", "Poste": "No", "Cartel": "No", "Refugio": "No" }, "geometry": { "type": "Point", "coordinates": [ -67.40889127, -45.79306127 ] } },
{ "type": "Feature", "properties": { "fid": 344, "ID": "345", "Calle": "Andrés Bello", "Esquina": "Pablo Neruda", "Poste": "No", "Cartel": "No", "Refugio": "No" }, "geometry": { "type": "Point", "coordinates": [ -67.407832, -45.793877 ] } },
{ "type": "Feature", "properties": { "fid": 345, "ID": "346", "Calle": "Andrés Bello", "Esquina": "Dolores Mora", "Poste": "No", "Cartel": "No", "Refugio": "No" }, "geometry": { "type": "Point", "coordinates": [ -67.409624, -45.795536 ] } },
{ "type": "Feature", "properties": { "fid": 348, "ID": "349", "Calle": "Dolores Mora", "Esquina": "Rubén Darío", "Poste": "No", "Cartel": "No", "Refugio": "No" }, "geometry": { "type": "Point", "coordinates": [ -67.411104, -45.795229 ] } },
{ "type": "Feature", "properties": { "fid": 349, "ID": "350", "Calle": "Rubén", "Esquina": "Mario Bravo", "Poste": "No", "Cartel": "No", "Refugio": "No" }, "geometry": { "type": "Point", "coordinates": [ -67.409522, -45.793716 ] } },
{ "type": "Feature", "properties": { "fid": 350, "ID": "351", "Calle": "Eugenio Maria de Hostos", "Esquina": "Irene Ciria", "Poste": "Si", "Cartel": "SI", "Refugio": "Si" }, "geometry": { "type": "Point", "coordinates": [ -67.412473, -45.793171 ] } },
{ "type": "Feature", "properties": { "fid": 351, "ID": "352", "Calle": "Eugenio Maria de Hostos", "Esquina": "2488", "Poste": "No", "Cartel": "No", "Refugio": "No" }, "geometry": { "type": "Point", "coordinates": [ -67.415038, -45.79322 ] } },
{ "type": "Feature", "properties": { "fid": 352, "ID": "353", "Calle": "Base Petrel", "Esquina": "Tte Carlos Castillo", "Poste": "No", "Cartel": "No", "Refugio": "Si" }, "geometry": { "type": "Point", "coordinates": [ -67.41872995, -45.79299269 ] } },
{ "type": "Feature", "properties": { "fid": 353, "ID": "354", "Calle": "Base Petrel", "Esquina": "Alejandro Maiz", "Poste": "Si", "Cartel": "No", "Refugio": "No" }, "geometry": { "type": "Point", "coordinates": [ -67.41988887, -45.79248687 ] } },
{ "type": "Feature", "properties": { "fid": 354, "ID": "355", "Calle": "Calle 2432", "Esquina": "Base Teniente Camara", "Poste": "No", "Cartel": "No", "Refugio": "No" }, "geometry": { "type": "Point", "coordinates": [ -67.42099658, -45.78800538 ] } },
{ "type": "Feature", "properties": { "fid": 355, "ID": "356", "Calle": "Calle 2432", "Esquina": "Bombero Gustavo Contreras", "Poste": "Si", "Cartel": "No", "Refugio": "Si" }, "geometry": { "type": "Point", "coordinates": [ -67.42197505, -45.78731714 ] } },
{ "type": "Feature", "properties": { "fid": 356, "ID": "357", "Calle": "Calle 2432", "Esquina": "2404", "Poste": "Si", "Cartel": "No", "Refugio": "Si" }, "geometry": { "type": "Point", "coordinates": [ -67.42354113, -45.78636589 ] } },
{ "type": "Feature", "properties": { "fid": 357, "ID": "358", "Calle": "Calle 2432", "Esquina": "2438", "Poste": "No", "Cartel": "No", "Refugio": "No" }, "geometry": { "type": "Point", "coordinates": [ -67.425445, -45.785324 ] } },
{ "type": "Feature", "properties": { "fid": 358, "ID": "359", "Calle": "Calle 2438", "Esquina": "Sargento Baltazar González", "Poste": "Si", "Cartel": "No", "Refugio": "Si" }, "geometry": { "type": "Point", "coordinates": [ -67.427392, -45.786843 ] } },
{ "type": "Feature", "properties": { "fid": 359, "ID": "360", "Calle": "Sargento Baltazar González", "Esquina": "2442", "Poste": "No", "Cartel": "No", "Refugio": "No" }, "geometry": { "type": "Point", "coordinates": [ -67.4287039, -45.78601523 ] } },
{ "type": "Feature", "properties": { "fid": 360, "ID": "361", "Calle": "Nahuel Huapi", "Esquina": "Los Arrayanes", "Poste": "No", "Cartel": "No", "Refugio": "No" }, "geometry": { "type": "Point", "coordinates": [ -67.432472, -45.784695 ] } },
{ "type": "Feature", "properties": { "fid": 361, "ID": "362", "Calle": "Nahuel Huapi", "Esquina": "Neneo", "Poste": "No", "Cartel": "No", "Refugio": "No" }, "geometry": { "type": "Point", "coordinates": [ -67.439006, -45.789405 ] } },
{ "type": "Feature", "properties": { "fid": 362, "ID": "363", "Calle": "Nahuel Huapi", "Esquina": "Calle 2466", "Poste": "No", "Cartel": "No", "Refugio": "No" }, "geometry": { "type": "Point", "coordinates": [ -67.44038818, -45.79047215 ] } },
{ "type": "Feature", "properties": { "fid": 363, "ID": "364", "Calle": "Nahuel Huapi", "Esquina": "-", "Poste": "No", "Cartel": "No", "Refugio": "No" }, "geometry": { "type": "Point", "coordinates": [ -67.44241, -45.791914 ] } },
{ "type": "Feature", "properties": { "fid": 364, "ID": "365", "Calle": "Nahuel Huapi", "Esquina": "-", "Poste": "No", "Cartel": "No", "Refugio": "No" }, "geometry": { "type": "Point", "coordinates": [ -67.444474, -45.793426 ] } },
{ "type": "Feature", "properties": { "fid": 365, "ID": "366", "Calle": "Intendente Mario Morejón", "Esquina": "San Lorenzo", "Poste": "No", "Cartel": "No", "Refugio": "No" }, "geometry": { "type": "Point", "coordinates": [ -67.44826782, -45.79716778 ] } },
{ "type": "Feature", "properties": { "fid": 367, "ID": "368", "Calle": "Padro Granzon", "Esquina": "Juan del Puente", "Poste": "No", "Cartel": "No", "Refugio": "No" }, "geometry": { "type": "Point", "coordinates": [ -67.462041, -45.80552 ] } },
{ "type": "Feature", "properties": { "fid": 368, "ID": "369", "Calle": "Pedro Granzon", "Esquina": "4 de noviembre", "Poste": "No", "Cartel": "No", "Refugio": "Si" }, "geometry": { "type": "Point", "coordinates": [ -67.46429307, -45.80730142 ] } },
{ "type": "Feature", "properties": { "fid": 369, "ID": "370", "Calle": "Pedro Granzon", "Esquina": "1690", "Poste": "Si", "Cartel": "No", "Refugio": "Si" }, "geometry": { "type": "Point", "coordinates": [ -67.456548, -45.802343 ] } },
{ "type": "Feature", "properties": { "fid": 370, "ID": "371", "Calle": "Teniente Gimenez", "Esquina": "Italo dell ´Oro", "Poste": "No", "Cartel": "No", "Refugio": "Si" }, "geometry": { "type": "Point", "coordinates": [ -67.42782935, -45.79589833 ] } },
{ "type": "Feature", "properties": { "fid": 371, "ID": "372", "Calle": "Teniente Gimenez", "Esquina": "Teniente Irbalucea", "Poste": "No", "Cartel": "No", "Refugio": "No" }, "geometry": { "type": "Point", "coordinates": [ -67.42523598, -45.79653237 ] } },
{ "type": "Feature", "properties": { "fid": 372, "ID": "373", "Calle": "Calle 2404", "Esquina": "Cabo 1º Rafael Lizasu", "Poste": "Si", "Cartel": "No", "Refugio": "Si" }, "geometry": { "type": "Point", "coordinates": [ -67.42478105, -45.78729234 ] } },
{ "type": "Feature", "properties": { "fid": 373, "ID": "374", "Calle": "Calle 2438", "Esquina": "2435", "Poste": "Si", "Cartel": "No", "Refugio": "No" }, "geometry": { "type": "Point", "coordinates": [ -67.42695655, -45.7864033 ] } },
{ "type": "Feature", "properties": { "fid": 374, "ID": "375", "Calle": "Calle 2438", "Esquina": "Los Arrayanes", "Poste": "No", "Cartel": "No", "Refugio": "No" }, "geometry": { "type": "Point", "coordinates": [ -67.42830003, -45.78759777 ] } },
{ "type": "Feature", "properties": { "fid": 375, "ID": "376", "Calle": "Los Arrayanes", "Esquina": "Los Coihues", "Poste": "No", "Cartel": "No", "Refugio": "No" }, "geometry": { "type": "Point", "coordinates": [ -67.43341393, -45.78414244 ] } },
{ "type": "Feature", "properties": { "fid": 376, "ID": "377", "Calle": "El Condor", "Esquina": "Iguazú", "Poste": "No", "Cartel": "No", "Refugio": "No" }, "geometry": { "type": "Point", "coordinates": [ -67.4356621, -45.78390161 ] } },
{ "type": "Feature", "properties": { "fid": 377, "ID": "378", "Calle": "El Condor", "Esquina": "Laguna Blanca", "Poste": "Si", "Cartel": "No", "Refugio": "No" }, "geometry": { "type": "Point", "coordinates": [ -67.436783, -45.784508 ] } },
{ "type": "Feature", "properties": { "fid": 378, "ID": "379", "Calle": "El Condor", "Esquina": "Los Huemules", "Poste": "Si", "Cartel": "No", "Refugio": "No" }, "geometry": { "type": "Point", "coordinates": [ -67.43745825, -45.78487045 ] } },
{ "type": "Feature", "properties": { "fid": 379, "ID": "380", "Calle": "El Condor", "Esquina": "Copihue", "Poste": "Si", "Cartel": "No", "Refugio": "No" }, "geometry": { "type": "Point", "coordinates": [ -67.4386235, -45.78547423 ] } },
{ "type": "Feature", "properties": { "fid": 380, "ID": "381", "Calle": "El Condor", "Esquina": "Pircum", "Poste": "Si", "Cartel": "No", "Refugio": "No" }, "geometry": { "type": "Point", "coordinates": [ -67.44005277, -45.78628784 ] } },
{ "type": "Feature", "properties": { "fid": 381, "ID": "382", "Calle": "El Condor", "Esquina": "Kintral", "Poste": "No", "Cartel": "No", "Refugio": "No" }, "geometry": { "type": "Point", "coordinates": [ -67.44198805, -45.787319460000013 ] } },
{ "type": "Feature", "properties": { "fid": 382, "ID": "383", "Calle": "Neneo", "Esquina": "El Condor", "Poste": "Si", "Cartel": "No", "Refugio": "No" }, "geometry": { "type": "Point", "coordinates": [ -67.44169897, -45.78796146 ] } },
{ "type": "Feature", "properties": { "fid": 383, "ID": "384", "Calle": "Neneo", "Esquina": "Aoniken", "Poste": "Si", "Cartel": "No", "Refugio": "No" }, "geometry": { "type": "Point", "coordinates": [ -67.440218, -45.78893966 ] } },
{ "type": "Feature", "properties": { "fid": 384, "ID": "385", "Calle": "Facundo Quiroga", "Esquina": "2393", "Poste": "No", "Cartel": "No", "Refugio": "No" }, "geometry": { "type": "Point", "coordinates": [ -67.43818323, -45.79000141 ] } },
{ "type": "Feature", "properties": { "fid": 385, "ID": "386", "Calle": "Calle 2393", "Esquina": "Punta Borjas", "Poste": "No", "Cartel": "No", "Refugio": "No" }, "geometry": { "type": "Point", "coordinates": [ -67.43841082, -45.79113301 ] } },
{ "type": "Feature", "properties": { "fid": 386, "ID": "387", "Calle": "Punta Borjas", "Esquina": "2430", "Poste": "Si", "Cartel": "No", "Refugio": "Si" }, "geometry": { "type": "Point", "coordinates": [ -67.43706853, -45.79167619 ] } },
{ "type": "Feature", "properties": { "fid": 387, "ID": "388", "Calle": "Punta Borjas", "Esquina": "Enrique Hermite", "Poste": "Si", "Cartel": "No", "Refugio": "Si" }, "geometry": { "type": "Point", "coordinates": [ -67.43479803, -45.79170699 ] } },
{ "type": "Feature", "properties": { "fid": 388, "ID": "389", "Calle": "Italo Dell' Oro", "Esquina": "2441 (Iglesia)", "Poste": "Si", "Cartel": "No", "Refugio": "Si" }, "geometry": { "type": "Point", "coordinates": [ -67.42675556, -45.79768948 ] } },
{ "type": "Feature", "properties": { "fid": 389, "ID": "390", "Calle": "Italo Dell' Oro", "Esquina": "Santos Discepolo", "Poste": "Si", "Cartel": "No", "Refugio": "No" }, "geometry": { "type": "Point", "coordinates": [ -67.4246691, -45.79860201 ] } },
{ "type": "Feature", "properties": { "fid": 390, "ID": "391", "Calle": "Italo Dell' Oro", "Esquina": "Alejandro Maiz", "Poste": "Si", "Cartel": "No", "Refugio": "No" }, "geometry": { "type": "Point", "coordinates": [ -67.42335557, -45.79880949 ] } },
{ "type": "Feature", "properties": { "fid": 391, "ID": "392", "Calle": "Alejandro Maiz", "Esquina": "2432", "Poste": "No", "Cartel": "No", "Refugio": "No" }, "geometry": { "type": "Point", "coordinates": [ -67.41739492, -45.79026497 ] } },
{ "type": "Feature", "properties": { "fid": 392, "ID": "393", "Calle": "Faro", "Esquina": "-", "Poste": "Si", "Cartel": "No", "Refugio": "Si" }, "geometry": { "type": "Point", "coordinates": [ -67.38547794, -45.77811007 ] } },
{ "type": "Feature", "properties": { "fid": 393, "ID": "394", "Calle": "Punta Novales", "Esquina": "-", "Poste": "Si", "Cartel": "No", "Refugio": "No" }, "geometry": { "type": "Point", "coordinates": [ -67.37220509, -45.75503679 ] } },
{ "type": "Feature", "properties": { "fid": 394, "ID": "395", "Calle": "Punta Novales", "Esquina": "-", "Poste": "No", "Cartel": "No", "Refugio": "No" }, "geometry": { "type": "Point", "coordinates": [ -67.37515795, -45.75208005 ] } },
{ "type": "Feature", "properties": { "fid": 395, "ID": "396", "Calle": "Punta Novales", "Esquina": "Los Marineros", "Poste": "No", "Cartel": "No", "Refugio": "No" }, "geometry": { "type": "Point", "coordinates": [ -67.37773606, -45.75016448 ] } },
{ "type": "Feature", "properties": { "fid": 396, "ID": "397", "Calle": "Punta Novales", "Esquina": "Punta Pando", "Poste": "No", "Cartel": "No", "Refugio": "No" }, "geometry": { "type": "Point", "coordinates": [ -67.3784022, -45.74807122 ] } },
{ "type": "Feature", "properties": { "fid": 397, "ID": "398", "Calle": "Punta Novales", "Esquina": "Enrique Cancio", "Poste": "No", "Cartel": "No", "Refugio": "No" }, "geometry": { "type": "Point", "coordinates": [ -67.378337, -45.746322 ] } },
{ "type": "Feature", "properties": { "fid": 398, "ID": "399", "Calle": "Punta Novales", "Esquina": "Roberto Julio", "Poste": "No", "Cartel": "No", "Refugio": "No" }, "geometry": { "type": "Point", "coordinates": [ -67.37826553, -45.74399671 ] } },
{ "type": "Feature", "properties": { "fid": 399, "ID": "400", "Calle": "Al Ancla", "Esquina": "Punta Novales", "Poste": "No", "Cartel": "No", "Refugio": "No" }, "geometry": { "type": "Point", "coordinates": [ -67.37957012, -45.74182971 ] } },
{ "type": "Feature", "properties": { "fid": 400, "ID": "401", "Calle": "2731", "Esquina": "2727", "Poste": "No", "Cartel": "No", "Refugio": "No" }, "geometry": { "type": "Point", "coordinates": [ -67.380861, -45.741094 ] } },
{ "type": "Feature", "properties": { "fid": 401, "ID": "402", "Calle": "Punta Novales", "Esquina": "El Golfo", "Poste": "No", "Cartel": "No", "Refugio": "No" }, "geometry": { "type": "Point", "coordinates": [ -67.378922, -45.742619 ] } },
{ "type": "Feature", "properties": { "fid": 402, "ID": "403", "Calle": "Punta Novales", "Esquina": "Roberto Julio", "Poste": "No", "Cartel": "No", "Refugio": "Si" }, "geometry": { "type": "Point", "coordinates": [ -67.37843575, -45.74401729 ] } },
{ "type": "Feature", "properties": { "fid": 403, "ID": "404", "Calle": "Punta Novales", "Esquina": "José Antonio", "Poste": "No", "Cartel": "No", "Refugio": "No" }, "geometry": { "type": "Point", "coordinates": [ -67.378533, -45.745845 ] } },
{ "type": "Feature", "properties": { "fid": 404, "ID": "405", "Calle": "Punta Novales", "Esquina": "Punta Pando", "Poste": "No", "Cartel": "No", "Refugio": "Si" }, "geometry": { "type": "Point", "coordinates": [ -67.37856107, -45.74801736 ] } },
{ "type": "Feature", "properties": { "fid": 405, "ID": "406", "Calle": "Punta Novales", "Esquina": "Los Marineros", "Poste": "No", "Cartel": "No", "Refugio": "Si" }, "geometry": { "type": "Point", "coordinates": [ -67.37811283, -45.75005834 ] } },
{ "type": "Feature", "properties": { "fid": 406, "ID": "407", "Calle": "Punta Novales", "Esquina": "Rosario Gianotta", "Poste": "No", "Cartel": "No", "Refugio": "No" }, "geometry": { "type": "Point", "coordinates": [ -67.376473, -45.751338 ] } },
{ "type": "Feature", "properties": { "fid": 407, "ID": "408", "Calle": "Punta Novales", "Esquina": "-", "Poste": "No", "Cartel": "No", "Refugio": "Si" }, "geometry": { "type": "Point", "coordinates": [ -67.37538255, -45.75215764 ] } },
{ "type": "Feature", "properties": { "fid": 408, "ID": "409", "Calle": "Punta Novales", "Esquina": "-", "Poste": "No", "Cartel": "No", "Refugio": "No" }, "geometry": { "type": "Point", "coordinates": [ -67.373419, -45.753219 ] } },
{ "type": "Feature", "properties": { "fid": 409, "ID": "410", "Calle": "Punta Novales", "Esquina": "-", "Poste": "No", "Cartel": "No", "Refugio": "Si" }, "geometry": { "type": "Point", "coordinates": [ -67.3724539, -45.75509254 ] } },
{ "type": "Feature", "properties": { "fid": 410, "ID": "411", "Calle": "Caleta Olivares", "Esquina": "-", "Poste": "Si", "Cartel": "No", "Refugio": "Si" }, "geometry": { "type": "Point", "coordinates": [ -67.38553201, -45.77795881 ] } },
{ "type": "Feature", "properties": { "fid": 411, "ID": "412", "Calle": "Alejandro Maiz", "Esquina": "2432", "Poste": "No", "Cartel": "No", "Refugio": "No" }, "geometry": { "type": "Point", "coordinates": [ -67.41742865, -45.790044480000013 ] } },
{ "type": "Feature", "properties": { "fid": 412, "ID": "414", "Calle": "Comodoro M. Rivadavia", "Esquina": "Simón de Alcazaba", "Poste": "No", "Cartel": "No", "Refugio": "No" }, "geometry": { "type": "Point", "coordinates": [ -67.4340005, -45.79036169 ] } },
{ "type": "Feature", "properties": { "fid": 413, "ID": "415", "Calle": "Comodoro M. Rivadavia", "Esquina": "Ingeniero Soufal", "Poste": "No", "Cartel": "No", "Refugio": "Si" }, "geometry": { "type": "Point", "coordinates": [ -67.43266464, -45.78979406 ] } },
{ "type": "Feature", "properties": { "fid": 414, "ID": "416", "Calle": "Copihue", "Esquina": "Aoniken", "Poste": "No", "Cartel": "No", "Refugio": "No" }, "geometry": { "type": "Point", "coordinates": [ -67.43654202, -45.78687422 ] } },
{ "type": "Feature", "properties": { "fid": 415, "ID": "417", "Calle": "Copihue", "Esquina": "Foye", "Poste": "No", "Cartel": "No", "Refugio": "No" }, "geometry": { "type": "Point", "coordinates": [ -67.437737, -45.786119 ] } },
{ "type": "Feature", "properties": { "fid": 416, "ID": "418", "Calle": "Copihue", "Esquina": "Pehuen", "Poste": "No", "Cartel": "No", "Refugio": "No" }, "geometry": { "type": "Point", "coordinates": [ -67.43910765, -45.78507326 ] } },
{ "type": "Feature", "properties": { "fid": 418, "ID": "420", "Calle": "Regimiento de Infantería Mecanizada 8", "Esquina": "-", "Poste": "No", "Cartel": "No", "Refugio": "No" }, "geometry": { "type": "Point", "coordinates": [ -67.43823506, -45.77692588 ] } },
{ "type": "Feature", "properties": { "fid": 419, "ID": "421", "Calle": "Cuarteles Chacabuco (1)", "Esquina": "-", "Poste": "No", "Cartel": "No", "Refugio": "No" }, "geometry": { "type": "Point", "coordinates": [ -67.43785886, -45.77093193 ] } },
{ "type": "Feature", "properties": { "fid": 420, "ID": "422", "Calle": "Cuarteles Chacabuco (2)", "Esquina": "-", "Poste": "No", "Cartel": "No", "Refugio": "No" }, "geometry": { "type": "Point", "coordinates": [ -67.434085, -45.769729 ] } },
{ "type": "Feature", "properties": { "fid": 421, "ID": "423", "Calle": "Cuarteles Chacabuco (3)", "Esquina": "-", "Poste": "No", "Cartel": "No", "Refugio": "No" }, "geometry": { "type": "Point", "coordinates": [ -67.436646, -45.768093 ] } },
{ "type": "Feature", "properties": { "fid": 422, "ID": "424", "Calle": "Cuarteles Chacabuco (4)", "Esquina": "-", "Poste": "No", "Cartel": "No", "Refugio": "Si" }, "geometry": { "type": "Point", "coordinates": [ -67.43771138, -45.77053969 ] } },
{ "type": "Feature", "properties": { "fid": 423, "ID": "425", "Calle": "Regimiento de Infantería Mecanizada 8", "Esquina": "-", "Poste": "No", "Cartel": "No", "Refugio": "No" }, "geometry": { "type": "Point", "coordinates": [ -67.43827962, -45.77649016 ] } },
{ "type": "Feature", "properties": { "fid": 425, "ID": "427", "Calle": "Pehuen", "Esquina": "Copihue", "Poste": "No", "Cartel": "No", "Refugio": "No" }, "geometry": { "type": "Point", "coordinates": [ -67.43951014, -45.785198 ] } },
{ "type": "Feature", "properties": { "fid": 426, "ID": "428", "Calle": "Copihue", "Esquina": "Aoniken", "Poste": "No", "Cartel": "No", "Refugio": "No" }, "geometry": { "type": "Point", "coordinates": [ -67.4370305, -45.78683625 ] } },
{ "type": "Feature", "properties": { "fid": 427, "ID": "429", "Calle": "Petrolero San Lorenzo", "Esquina": "Carlos Encina", "Poste": "No", "Cartel": "No", "Refugio": "No" }, "geometry": { "type": "Point", "coordinates": [ -67.48769488, -45.83732729 ] } },
{ "type": "Feature", "properties": { "fid": 428, "ID": "430", "Calle": "Carlos Encina", "Esquina": "Fray Luis Beltrán", "Poste": "No", "Cartel": "No", "Refugio": "No" }, "geometry": { "type": "Point", "coordinates": [ -67.48751383, -45.83903141 ] } },
{ "type": "Feature", "properties": { "fid": 429, "ID": "431", "Calle": "Ewald Flagel", "Esquina": "Fray Luis Beltrán", "Poste": "No", "Cartel": "No", "Refugio": "No" }, "geometry": { "type": "Point", "coordinates": [ -67.48946953, -45.83934751000001 ] } },
{ "type": "Feature", "properties": { "fid": 430, "ID": "432", "Calle": "Antonio Carrizo", "Esquina": "Eward Flagel", "Poste": "No", "Cartel": "No", "Refugio": "No" }, "geometry": { "type": "Point", "coordinates": [ -67.49040989, -45.84027642 ] } },
{ "type": "Feature", "properties": { "fid": 431, "ID": "433", "Calle": "Manuel Sueiro", "Esquina": "Antonio Carrizo", "Poste": "No", "Cartel": "No", "Refugio": "No" }, "geometry": { "type": "Point", "coordinates": [ -67.49418591, -45.84034287 ] } },
{ "type": "Feature", "properties": { "fid": 432, "ID": "434", "Calle": "Doctor Manuel Sueiro", "Esquina": "Gallardo Rodríguez", "Poste": "No", "Cartel": "No", "Refugio": "No" }, "geometry": { "type": "Point", "coordinates": [ -67.49640302, -45.83981347 ] } },
{ "type": "Feature", "properties": { "fid": 433, "ID": "435", "Calle": "Fray Luis Beltran", "Esquina": "Florencio Pol", "Poste": "No", "Cartel": "No", "Refugio": "No" }, "geometry": { "type": "Point", "coordinates": [ -67.4995622, -45.83963224 ] } },
{ "type": "Feature", "properties": { "fid": 434, "ID": "436", "Calle": "Fray Lus Beltrán", "Esquina": "Los Ñires", "Poste": "No", "Cartel": "No", "Refugio": "No" }, "geometry": { "type": "Point", "coordinates": [ -67.502722, -45.839838 ] } },
{ "type": "Feature", "properties": { "fid": 435, "ID": "437", "Calle": "José Sixto Almirón", "Esquina": "Los Tamariscos", "Poste": "No", "Cartel": "No", "Refugio": "No" }, "geometry": { "type": "Point", "coordinates": [ -67.509705, -45.83909 ] } },
{ "type": "Feature", "properties": { "fid": 436, "ID": "438", "Calle": "Camino Roque González", "Esquina": "-", "Poste": "Si", "Cartel": "No", "Refugio": "No" }, "geometry": { "type": "Point", "coordinates": [ -67.512302, -45.840316 ] } },
{ "type": "Feature", "properties": { "fid": 437, "ID": "439", "Calle": "Camino Roque González", "Esquina": "-", "Poste": "No", "Cartel": "No", "Refugio": "No" }, "geometry": { "type": "Point", "coordinates": [ -67.516642, -45.842588 ] } },
{ "type": "Feature", "properties": { "fid": 438, "ID": "440", "Calle": "Calle 2325", "Esquina": "-", "Poste": "No", "Cartel": "No", "Refugio": "No" }, "geometry": { "type": "Point", "coordinates": [ -67.52085376, -45.843486489999989 ] } },
{ "type": "Feature", "properties": { "fid": 439, "ID": "441", "Calle": "del Pinar", "Esquina": "El Algarrobo", "Poste": "No", "Cartel": "No", "Refugio": "Si" }, "geometry": { "type": "Point", "coordinates": [ -67.50578383, -45.83995608 ] } },
{ "type": "Feature", "properties": { "fid": 440, "ID": "442", "Calle": "Los Robles", "Esquina": "Los Ceibos", "Poste": "No", "Cartel": "No", "Refugio": "Si" }, "geometry": { "type": "Point", "coordinates": [ -67.50766349, -45.84069248 ] } },
{ "type": "Feature", "properties": { "fid": 441, "ID": "443", "Calle": "Los Robles", "Esquina": "Los Alerces", "Poste": "No", "Cartel": "No", "Refugio": "No" }, "geometry": { "type": "Point", "coordinates": [ -67.50862108, -45.8426526 ] } },
{ "type": "Feature", "properties": { "fid": 442, "ID": "444", "Calle": "Los Alerces", "Esquina": "Av. del Pinar", "Poste": "No", "Cartel": "No", "Refugio": "No" }, "geometry": { "type": "Point", "coordinates": [ -67.50735667, -45.84316308 ] } },
{ "type": "Feature", "properties": { "fid": 443, "ID": "445", "Calle": "Los Aromos", "Esquina": "Las Araucarias", "Poste": "No", "Cartel": "No", "Refugio": "Si" }, "geometry": { "type": "Point", "coordinates": [ -67.505569, -45.842022 ] } },
{ "type": "Feature", "properties": { "fid": 444, "ID": "446", "Calle": "Del Pinar", "Esquina": "El Algarrobo", "Poste": "No", "Cartel": "No", "Refugio": "No" }, "geometry": { "type": "Point", "coordinates": [ -67.50549113, -45.84007934000001 ] } },
{ "type": "Feature", "properties": { "fid": 445, "ID": "447", "Calle": "El Algarrobo", "Esquina": "Los Cedros", "Poste": "No", "Cartel": "No", "Refugio": "No" }, "geometry": { "type": "Point", "coordinates": [ -67.50382794, -45.84030525 ] } },
{ "type": "Feature", "properties": { "fid": 446, "ID": "448", "Calle": "Alberto Toussaint", "Esquina": "José Szimanski", "Poste": "Si", "Cartel": "No", "Refugio": "No" }, "geometry": { "type": "Point", "coordinates": [ -67.500356, -45.84089 ] } },
{ "type": "Feature", "properties": { "fid": 447, "ID": "449", "Calle": "Alberto Toussaint", "Esquina": "Carlos Rodríguez Gallardo", "Poste": "No", "Cartel": "No", "Refugio": "No" }, "geometry": { "type": "Point", "coordinates": [ -67.497714, -45.841498 ] } },
{ "type": "Feature", "properties": { "fid": 448, "ID": "450", "Calle": "Carlos R. Gallardo", "Esquina": "Florencio Pol", "Poste": "No", "Cartel": "No", "Refugio": "Si" }, "geometry": { "type": "Point", "coordinates": [ -67.49658768, -45.84016976 ] } },
{ "type": "Feature", "properties": { "fid": 449, "ID": "451", "Calle": "Manuel Sueiro", "Esquina": "Antonio Carrizo", "Poste": "Si", "Cartel": "No", "Refugio": "Si" }, "geometry": { "type": "Point", "coordinates": [ -67.494412, -45.840359 ] } },
{ "type": "Feature", "properties": { "fid": 450, "ID": "452", "Calle": "Antonio Carrizo", "Esquina": "Andrés López", "Poste": "No", "Cartel": "No", "Refugio": "No" }, "geometry": { "type": "Point", "coordinates": [ -67.49222745, -45.84043498 ] } },
{ "type": "Feature", "properties": { "fid": 451, "ID": "453", "Calle": "Antonio Carrizo", "Esquina": "Eward Flagel", "Poste": "No", "Cartel": "No", "Refugio": "Si" }, "geometry": { "type": "Point", "coordinates": [ -67.490453, -45.840411 ] } },
{ "type": "Feature", "properties": { "fid": 452, "ID": "454", "Calle": "Ewald Flagel", "Esquina": "Fray Luis Beltrán", "Poste": "No", "Cartel": "No", "Refugio": "No" }, "geometry": { "type": "Point", "coordinates": [ -67.48925015, -45.83942647 ] } },
{ "type": "Feature", "properties": { "fid": 453, "ID": "455", "Calle": "Santa Lucía", "Esquina": "Joaquín López", "Poste": "No", "Cartel": "No", "Refugio": "No" }, "geometry": { "type": "Point", "coordinates": [ -67.48912438, -45.83814155 ] } },
{ "type": "Feature", "properties": { "fid": 454, "ID": "456", "Calle": "Jose Aimar", "Esquina": "Jose Maria Moreno", "Poste": "No", "Cartel": "No", "Refugio": "Si" }, "geometry": { "type": "Point", "coordinates": [ -67.48935814, -45.83644487 ] } },
{ "type": "Feature", "properties": { "fid": 455, "ID": "457", "Calle": "José María Moreno", "Esquina": "Mazaredo", "Poste": "No", "Cartel": "No", "Refugio": "No" }, "geometry": { "type": "Point", "coordinates": [ -67.48686488, -45.83628267 ] } },
{ "type": "Feature", "properties": { "fid": 456, "ID": "458", "Calle": "Mazaredo", "Esquina": "Langara", "Poste": "No", "Cartel": "No", "Refugio": "No" }, "geometry": { "type": "Point", "coordinates": [ -67.48441341, -45.83444178 ] } },
{ "type": "Feature", "properties": { "fid": 457, "ID": "459", "Calle": "Langara", "Esquina": "Alvaro Barros", "Poste": "No", "Cartel": "No", "Refugio": "No" }, "geometry": { "type": "Point", "coordinates": [ -67.48286763, -45.83433041 ] } },
{ "type": "Feature", "properties": { "fid": 458, "ID": "460", "Calle": "Langara", "Esquina": "Antonio Oneto", "Poste": "No", "Cartel": "No", "Refugio": "No" }, "geometry": { "type": "Point", "coordinates": [ -67.48107331, -45.83399175 ] } },
{ "type": "Feature", "properties": { "fid": 459, "ID": "461", "Calle": "Langara", "Esquina": "Francisco de Viedma", "Poste": "Si", "Cartel": "No", "Refugio": "Si" }, "geometry": { "type": "Point", "coordinates": [ -67.47875456, -45.83422507 ] } },
{ "type": "Feature", "properties": { "fid": 460, "ID": "462", "Calle": "Bella Vista", "Esquina": "Cerro Viteau", "Poste": "No", "Cartel": "No", "Refugio": "Si" }, "geometry": { "type": "Point", "coordinates": [ -67.493017, -45.834011 ] } },
{ "type": "Feature", "properties": { "fid": 461, "ID": "463", "Calle": "José Aimar", "Esquina": "Bella Vista", "Poste": "No", "Cartel": "No", "Refugio": "Si" }, "geometry": { "type": "Point", "coordinates": [ -67.49142303, -45.83480211 ] } },
{ "type": "Feature", "properties": { "fid": 462, "ID": "464", "Calle": "Juan Martín Pueyrredón", "Esquina": "Gobernador Moyano", "Poste": "No", "Cartel": "No", "Refugio": "Si" }, "geometry": { "type": "Point", "coordinates": [ -67.47385857, -45.83778663 ] } },
{ "type": "Feature", "properties": { "fid": 463, "ID": "465", "Calle": "José M. Paz", "Esquina": "-", "Poste": "No", "Cartel": "No", "Refugio": "Si" }, "geometry": { "type": "Point", "coordinates": [ -67.47129753, -45.83869724 ] } },
{ "type": "Feature", "properties": { "fid": 464, "ID": "466", "Calle": "José M. Paz", "Esquina": "Ignacio Warnes", "Poste": "No", "Cartel": "No", "Refugio": "No" }, "geometry": { "type": "Point", "coordinates": [ -67.46847101, -45.83974061 ] } },
{ "type": "Feature", "properties": { "fid": 465, "ID": "467", "Calle": "Ignacio Warnes", "Esquina": "Manuel Quintana", "Poste": "Si", "Cartel": "Si", "Refugio": "No" }, "geometry": { "type": "Point", "coordinates": [ -67.46728133, -45.83928715 ] } },
{ "type": "Feature", "properties": { "fid": 466, "ID": "468", "Calle": "Mariano de Vedia", "Esquina": "-", "Poste": "No", "Cartel": "No", "Refugio": "No" }, "geometry": { "type": "Point", "coordinates": [ -67.465666, -45.837337 ] } },
{ "type": "Feature", "properties": { "fid": 467, "ID": "469", "Calle": "Juan Ramón Balcarce", "Esquina": "-", "Poste": "No", "Cartel": "No", "Refugio": "No" }, "geometry": { "type": "Point", "coordinates": [ -67.463679, -45.836149 ] } },
{ "type": "Feature", "properties": { "fid": 468, "ID": "470", "Calle": "Hospital Alvear", "Esquina": "-", "Poste": "Si", "Cartel": "Si", "Refugio": "No" }, "geometry": { "type": "Point", "coordinates": [ -67.46196179, -45.8341275 ] } },
{ "type": "Feature", "properties": { "fid": 469, "ID": "471", "Calle": "Juan Ramón Balcarce", "Esquina": "-", "Poste": "No", "Cartel": "No", "Refugio": "No" }, "geometry": { "type": "Point", "coordinates": [ -67.46420349, -45.83634422 ] } },
{ "type": "Feature", "properties": { "fid": 470, "ID": "472", "Calle": "Mariano de Vedia", "Esquina": "-", "Poste": "No", "Cartel": "Si", "Refugio": "Si" }, "geometry": { "type": "Point", "coordinates": [ -67.46592032, -45.83729947 ] } },
{ "type": "Feature", "properties": { "fid": 471, "ID": "473", "Calle": "Manuel Quintana", "Esquina": "Isidro Morales", "Poste": "Si", "Cartel": "No", "Refugio": "Si" }, "geometry": { "type": "Point", "coordinates": [ -67.467873, -45.838613 ] } },
{ "type": "Feature", "properties": { "fid": 472, "ID": "474", "Calle": "Manuel Quintana", "Esquina": "1439", "Poste": "No", "Cartel": "No", "Refugio": "No" }, "geometry": { "type": "Point", "coordinates": [ -67.471024, -45.837204 ] } },
{ "type": "Feature", "properties": { "fid": 473, "ID": "475", "Calle": "Manuel Quintana", "Esquina": "Teófilo Scarulis", "Poste": "No", "Cartel": "No", "Refugio": "No" }, "geometry": { "type": "Point", "coordinates": [ -67.473652, -45.836836 ] } },
{ "type": "Feature", "properties": { "fid": 474, "ID": "476", "Calle": "Rivadavia", "Esquina": "9 de Julio", "Poste": "Si", "Cartel": "Si", "Refugio": "No" }, "geometry": { "type": "Point", "coordinates": [ -67.47873497, -45.86204428 ] } },
{ "type": "Feature", "properties": { "fid": 475, "ID": "477", "Calle": "Rivadavia", "Esquina": "Pellegrini", "Poste": "Si", "Cartel": "Si", "Refugio": "No" }, "geometry": { "type": "Point", "coordinates": [ -67.479167, -45.86205102000001 ] } },
{ "type": "Feature", "properties": { "fid": 476, "ID": "478", "Calle": "Rivadavia", "Esquina": "Pellegrini", "Poste": "Si", "Cartel": "Si", "Refugio": "No" }, "geometry": { "type": "Point", "coordinates": [ -67.47959269, -45.862045310000013 ] } },
{ "type": "Feature", "properties": { "fid": 477, "ID": "479", "Calle": "Rivadavia", "Esquina": "Mitre", "Poste": "Si", "Cartel": "No", "Refugio": "No" }, "geometry": { "type": "Point", "coordinates": [ -67.48336577, -45.86206838 ] } },
{ "type": "Feature", "properties": { "fid": 478, "ID": "480", "Calle": "Rivadavia", "Esquina": "Belgrano", "Poste": "Si", "Cartel": "No", "Refugio": "No" }, "geometry": { "type": "Point", "coordinates": [ -67.48371363, -45.862067880000012 ] } },
{ "type": "Feature", "properties": { "fid": 479, "ID": "481", "Calle": "Rivadavia", "Esquina": "Saavedra", "Poste": "Si", "Cartel": "No", "Refugio": "No" }, "geometry": { "type": "Point", "coordinates": [ -67.49548542, -45.86206195 ] } },
{ "type": "Feature", "properties": { "fid": 480, "ID": "482", "Calle": "Rivadavia", "Esquina": "Viamonte", "Poste": "Si", "Cartel": "Si", "Refugio": "No" }, "geometry": { "type": "Point", "coordinates": [ -67.50004967, -45.86205849 ] } },
{ "type": "Feature", "properties": { "fid": 481, "ID": "483", "Calle": "Rivadavia", "Esquina": "Pastor Schneider", "Poste": "Si", "Cartel": "No", "Refugio": "No" }, "geometry": { "type": "Point", "coordinates": [ -67.50317517, -45.86207863 ] } },
{ "type": "Feature", "properties": { "fid": 482, "ID": "484", "Calle": "Rivadavia", "Esquina": "Fragata Sarmiento", "Poste": "Si", "Cartel": "No", "Refugio": "Si" }, "geometry": { "type": "Point", "coordinates": [ -67.50619376, -45.86209112 ] } },
{ "type": "Feature", "properties": { "fid": 483, "ID": "485", "Calle": "Rivadavia", "Esquina": "Islas Malvinas Norte", "Poste": "Si", "Cartel": "No", "Refugio": "No" }, "geometry": { "type": "Point", "coordinates": [ -67.50949049, -45.86210342 ] } },
{ "type": "Feature", "properties": { "fid": 484, "ID": "486", "Calle": "Rivadavia", "Esquina": "Los Pinos", "Poste": "No", "Cartel": "No", "Refugio": "No" }, "geometry": { "type": "Point", "coordinates": [ -67.51198383, -45.86211191 ] } },
{ "type": "Feature", "properties": { "fid": 485, "ID": "487", "Calle": "Rivadavia", "Esquina": "Araucaria Norte", "Poste": "Si", "Cartel": "No", "Refugio": "Si" }, "geometry": { "type": "Point", "coordinates": [ -67.51399605, -45.86207227 ] } },
{ "type": "Feature", "properties": { "fid": 486, "ID": "488", "Calle": "Rivadavia", "Esquina": "Islas Leones", "Poste": "No", "Cartel": "No", "Refugio": "No" }, "geometry": { "type": "Point", "coordinates": [ -67.517071, -45.862255 ] } },
{ "type": "Feature", "properties": { "fid": 487, "ID": "489", "Calle": "Kennedy", "Esquina": "Florencio Sanchez", "Poste": "Si", "Cartel": "No", "Refugio": "Si" }, "geometry": { "type": "Point", "coordinates": [ -67.51695685, -45.86358163 ] } },
{ "type": "Feature", "properties": { "fid": 488, "ID": "490", "Calle": "John F. Kennedy", "Esquina": "Almafuerte", "Poste": "No", "Cartel": "No", "Refugio": "No" }, "geometry": { "type": "Point", "coordinates": [ -67.51888493, -45.86528226 ] } },
{ "type": "Feature", "properties": { "fid": 489, "ID": "491", "Calle": "John F. Kennedy", "Esquina": "Tabaré", "Poste": "No", "Cartel": "No", "Refugio": "No" }, "geometry": { "type": "Point", "coordinates": [ -67.52046948, -45.86664271 ] } },
{ "type": "Feature", "properties": { "fid": 490, "ID": "492", "Calle": "John F. Kennedy", "Esquina": "Santa Clara", "Poste": "Si", "Cartel": "Si", "Refugio": "Si" }, "geometry": { "type": "Point", "coordinates": [ -67.52222578, -45.86808774 ] } },
{ "type": "Feature", "properties": { "fid": 491, "ID": "493", "Calle": "John F. Kennedy", "Esquina": "Clarin", "Poste": "Si", "Cartel": "No", "Refugio": "Si" }, "geometry": { "type": "Point", "coordinates": [ -67.5235661, -45.8691009 ] } },
{ "type": "Feature", "properties": { "fid": 492, "ID": "494", "Calle": "John F. Kennedy", "Esquina": "El Patagónico", "Poste": "No", "Cartel": "No", "Refugio": "No" }, "geometry": { "type": "Point", "coordinates": [ -67.52630048, -45.87119144 ] } },
{ "type": "Feature", "properties": { "fid": 493, "ID": "495", "Calle": "John F. Kennedy", "Esquina": "Av. Polonia", "Poste": "Si", "Cartel": "No", "Refugio": "No" }, "geometry": { "type": "Point", "coordinates": [ -67.528512873078114, -45.872868819750735 ] } },
{ "type": "Feature", "properties": { "fid": 494, "ID": "496", "Calle": "John F. Kennedy", "Esquina": "Gobernador Galina", "Poste": "Si", "Cartel": "Si", "Refugio": "No" }, "geometry": { "type": "Point", "coordinates": [ -67.52995731, -45.87399481 ] } },
{ "type": "Feature", "properties": { "fid": 495, "ID": "497", "Calle": "John F. Kennedy", "Esquina": "General Olavarría", "Poste": "No", "Cartel": "No", "Refugio": "No" }, "geometry": { "type": "Point", "coordinates": [ -67.53134106, -45.87501823 ] } },
{ "type": "Feature", "properties": { "fid": 496, "ID": "498", "Calle": "John F. Kennedy", "Esquina": "Julio A. Roca", "Poste": "Si", "Cartel": "No", "Refugio": "No" }, "geometry": { "type": "Point", "coordinates": [ -67.53245876, -45.87588337 ] } },
{ "type": "Feature", "properties": { "fid": 497, "ID": "499", "Calle": "John F. Kennedy", "Esquina": "La Plata", "Poste": "Si", "Cartel": "Si", "Refugio": "No" }, "geometry": { "type": "Point", "coordinates": [ -67.53534867, -45.8780672 ] } },
{ "type": "Feature", "properties": { "fid": 498, "ID": "500", "Calle": "John F. Kennedy", "Esquina": "Scalabrini Ortíz", "Poste": "No", "Cartel": "No", "Refugio": "No" }, "geometry": { "type": "Point", "coordinates": [ -67.53796846, -45.88008459 ] } },
{ "type": "Feature", "properties": { "fid": 499, "ID": "501", "Calle": "John F. Kennedy", "Esquina": "Juana Azurduy", "Poste": "Si", "Cartel": "Si", "Refugio": "No" }, "geometry": { "type": "Point", "coordinates": [ -67.53930717, -45.88110438 ] } },
{ "type": "Feature", "properties": { "fid": 500, "ID": "502", "Calle": "John F. Kennedy", "Esquina": "Congreso", "Poste": "No", "Cartel": "No", "Refugio": "No" }, "geometry": { "type": "Point", "coordinates": [ -67.541946, -45.883127 ] } },
{ "type": "Feature", "properties": { "fid": 502, "ID": "504", "Calle": "Congreso", "Esquina": "Av. Lisandro de la Torre", "Poste": "No", "Cartel": "No", "Refugio": "No" }, "geometry": { "type": "Point", "coordinates": [ -67.54584942, -45.88082333 ] } },
{ "type": "Feature", "properties": { "fid": 503, "ID": "505", "Calle": "Lisandro de la Torre", "Esquina": "Blas Rodríguez", "Poste": "No", "Cartel": "No", "Refugio": "No" }, "geometry": { "type": "Point", "coordinates": [ -67.547682, -45.881734 ] } },
{ "type": "Feature", "properties": { "fid": 504, "ID": "506", "Calle": "Lisandro de la Torre", "Esquina": "Luis Alassia", "Poste": "Si", "Cartel": "No", "Refugio": "No" }, "geometry": { "type": "Point", "coordinates": [ -67.549099, -45.882842 ] } },
{ "type": "Feature", "properties": { "fid": 505, "ID": "507", "Calle": "Lisandro de la Torre", "Esquina": "Padre Corti", "Poste": "No", "Cartel": "No", "Refugio": "Si" }, "geometry": { "type": "Point", "coordinates": [ -67.549884, -45.883423 ] } },
{ "type": "Feature", "properties": { "fid": 511, "ID": "513", "Calle": "Jose Leonardo Trevisán", "Esquina": "3515", "Poste": "No", "Cartel": "No", "Refugio": "Si" }, "geometry": { "type": "Point", "coordinates": [ -67.5707623, -45.8888743 ] } },
{ "type": "Feature", "properties": { "fid": 512, "ID": "514", "Calle": "Jose Leonardo Trevisán", "Esquina": "3520", "Poste": "No", "Cartel": "No", "Refugio": "No" }, "geometry": { "type": "Point", "coordinates": [ -67.57511135, -45.88950404 ] } },
{ "type": "Feature", "properties": { "fid": 513, "ID": "515", "Calle": "José Leonardo Trevisán", "Esquina": "Cacique Casimiro Bigua", "Poste": "No", "Cartel": "No", "Refugio": "No" }, "geometry": { "type": "Point", "coordinates": [ -67.57865574, -45.89007868 ] } },
{ "type": "Feature", "properties": { "fid": 514, "ID": "516", "Calle": "José Leonardo Trevisán", "Esquina": "Mercedes Sosa", "Poste": "Si", "Cartel": "No", "Refugio": "Si" }, "geometry": { "type": "Point", "coordinates": [ -67.58402437, -45.8883547 ] } },
{ "type": "Feature", "properties": { "fid": 515, "ID": "517", "Calle": "José Leonardo Trevisán", "Esquina": "Doctor René Favaloro", "Poste": "No", "Cartel": "No", "Refugio": "Si" }, "geometry": { "type": "Point", "coordinates": [ -67.59136917, -45.88831404 ] } },
{ "type": "Feature", "properties": { "fid": 516, "ID": "518", "Calle": "Doctor René Favaloro", "Esquina": "Maria Magdalena Guemes", "Poste": "No", "Cartel": "No", "Refugio": "No" }, "geometry": { "type": "Point", "coordinates": [ -67.58828984, -45.88549209 ] } },
{ "type": "Feature", "properties": { "fid": 517, "ID": "519", "Calle": "Maria Magdalena Guemes", "Esquina": "Mercedes Sosa", "Poste": "No", "Cartel": "No", "Refugio": "Si" }, "geometry": { "type": "Point", "coordinates": [ -67.58442787, -45.88547991 ] } },
{ "type": "Feature", "properties": { "fid": 518, "ID": "520", "Calle": "Maria Magdalena Guemes", "Esquina": "Facundo Cabral", "Poste": "No", "Cartel": "No", "Refugio": "No" }, "geometry": { "type": "Point", "coordinates": [ -67.57965043, -45.88568295 ] } },
{ "type": "Feature", "properties": { "fid": 519, "ID": "521", "Calle": "María Magdalena Guemes", "Esquina": "Cacique Casimiro Bigua", "Poste": "No", "Cartel": "No", "Refugio": "No" }, "geometry": { "type": "Point", "coordinates": [ -67.575757, -45.885832 ] } },
{ "type": "Feature", "properties": { "fid": 520, "ID": "522", "Calle": "María Magdalena Guemes", "Esquina": "3519", "Poste": "No", "Cartel": "No", "Refugio": "No" }, "geometry": { "type": "Point", "coordinates": [ -67.572878, -45.886185 ] } },
{ "type": "Feature", "properties": { "fid": 521, "ID": "523", "Calle": "Calle 748", "Esquina": "3515", "Poste": "No", "Cartel": "No", "Refugio": "No" }, "geometry": { "type": "Point", "coordinates": [ -67.56852368, -45.88640462 ] } },
{ "type": "Feature", "properties": { "fid": 522, "ID": "524", "Calle": "Jose Leonardo Trevisán", "Esquina": "3517", "Poste": "No", "Cartel": "No", "Refugio": "No" }, "geometry": { "type": "Point", "coordinates": [ -67.57263634, -45.88913823 ] } },
{ "type": "Feature", "properties": { "fid": 523, "ID": "525", "Calle": "José Leonardo Trevisán", "Esquina": "Osvaldo Mosconi", "Poste": "No", "Cartel": "No", "Refugio": "No" }, "geometry": { "type": "Point", "coordinates": [ -67.587204, -45.888162 ] } },
{ "type": "Feature", "properties": { "fid": 524, "ID": "526", "Calle": "Dr. René Favaloro", "Esquina": "-", "Poste": "No", "Cartel": "No", "Refugio": "No" }, "geometry": { "type": "Point", "coordinates": [ -67.590164, -45.887065 ] } },
{ "type": "Feature", "properties": { "fid": 525, "ID": "527", "Calle": "Nicolás Chacoma", "Esquina": "3534", "Poste": "No", "Cartel": "No", "Refugio": "No" }, "geometry": { "type": "Point", "coordinates": [ -67.56993648, -45.88690518 ] } },
{ "type": "Feature", "properties": { "fid": 526, "ID": "528", "Calle": "Raúl Cercos", "Esquina": "3506", "Poste": "", "Cartel": "", "Refugio": "" }, "geometry": { "type": "Point", "coordinates": [ -67.566591, -45.884543 ] } },
{ "type": "Feature", "properties": { "fid": 527, "ID": "529", "Calle": "Raúl Cercos", "Esquina": "Concejal Silvia Ávila", "Poste": "", "Cartel": "", "Refugio": "" }, "geometry": { "type": "Point", "coordinates": [ -67.565828, -45.883117 ] } },
{ "type": "Feature", "properties": { "fid": 528, "ID": "530", "Calle": "Raúl Cercos", "Esquina": "Israel Slikerman", "Poste": "No", "Cartel": "No", "Refugio": "No" }, "geometry": { "type": "Point", "coordinates": [ -67.564323, -45.880657 ] } },
{ "type": "Feature", "properties": { "fid": 529, "ID": "531", "Calle": "Raúl Cercos", "Esquina": "Jorgelina Rearte", "Poste": "Si", "Cartel": "No", "Refugio": "No" }, "geometry": { "type": "Point", "coordinates": [ -67.56322554, -45.87900195 ] } },
{ "type": "Feature", "properties": { "fid": 530, "ID": "532", "Calle": "Armando Cistari", "Esquina": "Ana Herrera", "Poste": "Si", "Cartel": "No", "Refugio": "No" }, "geometry": { "type": "Point", "coordinates": [ -67.56054724, -45.87856221 ] } },
{ "type": "Feature", "properties": { "fid": 531, "ID": "533", "Calle": "Concejal Adolfo Quintana", "Esquina": "Conceja Bernabé Hernández", "Poste": "Si", "Cartel": "No", "Refugio": "No" }, "geometry": { "type": "Point", "coordinates": [ -67.55257264, -45.87743459 ] } },
{ "type": "Feature", "properties": { "fid": 534, "ID": "536", "Calle": "Concejal Adolfo Quintana", "Esquina": "Doctor Alberto Poretti", "Poste": "No", "Cartel": "No", "Refugio": "No" }, "geometry": { "type": "Point", "coordinates": [ -67.55833617, -45.87801471 ] } },
{ "type": "Feature", "properties": { "fid": 535, "ID": "537", "Calle": "Chile", "Esquina": "480", "Poste": "", "Cartel": "", "Refugio": "" }, "geometry": { "type": "Point", "coordinates": [ -67.549024, -45.883982 ] } },
{ "type": "Feature", "properties": { "fid": 536, "ID": "538", "Calle": "Chile", "Esquina": "Calle 475", "Poste": "No", "Cartel": "No", "Refugio": "Si" }, "geometry": { "type": "Point", "coordinates": [ -67.54556241, -45.88381431 ] } },
{ "type": "Feature", "properties": { "fid": 537, "ID": "539", "Calle": "Chile", "Esquina": "Jose Pedraza", "Poste": "No", "Cartel": "No", "Refugio": "Si" }, "geometry": { "type": "Point", "coordinates": [ -67.5420526, -45.88363448 ] } },
{ "type": "Feature", "properties": { "fid": 538, "ID": "540", "Calle": "John F. Kennedy", "Esquina": "Gabriel Barceló", "Poste": "No", "Cartel": "No", "Refugio": "Si" }, "geometry": { "type": "Point", "coordinates": [ -67.53928952, -45.88145715 ] } },
{ "type": "Feature", "properties": { "fid": 539, "ID": "541", "Calle": "John F. Kennedy", "Esquina": "Ramon Deomar Reina", "Poste": "Si", "Cartel": "No", "Refugio": "Si" }, "geometry": { "type": "Point", "coordinates": [ -67.53730792, -45.87996274 ] } },
{ "type": "Feature", "properties": { "fid": 540, "ID": "542", "Calle": "John F. Kennedy", "Esquina": "Dr. Herrera", "Poste": "Si", "Cartel": "No", "Refugio": "No" }, "geometry": { "type": "Point", "coordinates": [ -67.53536003, -45.8784442 ] } },
{ "type": "Feature", "properties": { "fid": 541, "ID": "543", "Calle": "John F. Kennedy", "Esquina": "Julio A. Roca", "Poste": "Si", "Cartel": "Si", "Refugio": "Si" }, "geometry": { "type": "Point", "coordinates": [ -67.53226313, -45.87612506 ] } },
{ "type": "Feature", "properties": { "fid": 542, "ID": "544", "Calle": "John F. Kennedy", "Esquina": "Gobernador Gallina", "Poste": "Si", "Cartel": "Si", "Refugio": "Si" }, "geometry": { "type": "Point", "coordinates": [ -67.52961365, -45.87408784 ] } },
{ "type": "Feature", "properties": { "fid": 543, "ID": "545", "Calle": "John F. Kennedy", "Esquina": "La Prensa", "Poste": "No", "Cartel": "No", "Refugio": "No" }, "geometry": { "type": "Point", "coordinates": [ -67.52845933, -45.87316552 ] } },
{ "type": "Feature", "properties": { "fid": 544, "ID": "546", "Calle": "John F. Kennedy", "Esquina": "El Patagonico", "Poste": "Si", "Cartel": "Si", "Refugio": "Si" }, "geometry": { "type": "Point", "coordinates": [ -67.52638615, -45.87161761 ] } },
{ "type": "Feature", "properties": { "fid": 545, "ID": "547", "Calle": "John F. Kennedy", "Esquina": "Clarin", "Poste": "Si", "Cartel": "Si", "Refugio": "Si" }, "geometry": { "type": "Point", "coordinates": [ -67.52407977, -45.8698377 ] } },
{ "type": "Feature", "properties": { "fid": 546, "ID": "548", "Calle": "John F. Kennedy", "Esquina": "Estados Unidos", "Poste": "Si", "Cartel": "Si", "Refugio": "Si" }, "geometry": { "type": "Point", "coordinates": [ -67.52138285, -45.86779992 ] } },
{ "type": "Feature", "properties": { "fid": 547, "ID": "549", "Calle": "John F. Kennedy", "Esquina": "Huacalera", "Poste": "No", "Cartel": "No", "Refugio": "No" }, "geometry": { "type": "Point", "coordinates": [ -67.51950152, -45.86619788 ] } },
{ "type": "Feature", "properties": { "fid": 548, "ID": "550", "Calle": "John F. Kennedy", "Esquina": "Oscar Wilde", "Poste": "No", "Cartel": "No", "Refugio": "Si" }, "geometry": { "type": "Point", "coordinates": [ -67.5183481, -45.86521301 ] } },
{ "type": "Feature", "properties": { "fid": 549, "ID": "551", "Calle": "John F. Kennedy", "Esquina": "Florencio Sanchez", "Poste": "Si", "Cartel": "No", "Refugio": "Si" }, "geometry": { "type": "Point", "coordinates": [ -67.516187, -45.8633244 ] } },
{ "type": "Feature", "properties": { "fid": 550, "ID": "552", "Calle": "Rivadavia", "Esquina": "Soldado Mario Almonacid", "Poste": "No", "Cartel": "No", "Refugio": "Si" }, "geometry": { "type": "Point", "coordinates": [ -67.51396674, -45.86246692 ] } },
{ "type": "Feature", "properties": { "fid": 551, "ID": "553", "Calle": "Rivadavia", "Esquina": "Islas Malvinas Sur", "Poste": "No", "Cartel": "No", "Refugio": "No" }, "geometry": { "type": "Point", "coordinates": [ -67.50954925, -45.86249217000001 ] } },
{ "type": "Feature", "properties": { "fid": 552, "ID": "554", "Calle": "Rivadavia", "Esquina": "Asturias", "Poste": "Si", "Cartel": "No", "Refugio": "Si" }, "geometry": { "type": "Point", "coordinates": [ -67.50657007, -45.8624663 ] } },
{ "type": "Feature", "properties": { "fid": 553, "ID": "555", "Calle": "Rivadavia", "Esquina": "Pastor Schneider", "Poste": "No", "Cartel": "No", "Refugio": "Si" }, "geometry": { "type": "Point", "coordinates": [ -67.50382035, -45.86246841 ] } },
{ "type": "Feature", "properties": { "fid": 554, "ID": "556", "Calle": "Rivadavia", "Esquina": "Viamonte", "Poste": "Si", "Cartel": "No", "Refugio": "No" }, "geometry": { "type": "Point", "coordinates": [ -67.50075699, -45.86245198 ] } },
{ "type": "Feature", "properties": { "fid": 555, "ID": "557", "Calle": "Rivadavia", "Esquina": "Alvear", "Poste": "Si", "Cartel": "No", "Refugio": "No" }, "geometry": { "type": "Point", "coordinates": [ -67.49766285, -45.8624641 ] } },
{ "type": "Feature", "properties": { "fid": 556, "ID": "558", "Calle": "Rivadavia", "Esquina": "Alsina", "Poste": "Si", "Cartel": "No", "Refugio": "No" }, "geometry": { "type": "Point", "coordinates": [ -67.494457, -45.862454 ] } },
{ "type": "Feature", "properties": { "fid": 557, "ID": "559", "Calle": "Rivadavia", "Esquina": "Francia", "Poste": "Si", "Cartel": "Si", "Refugio": "No" }, "geometry": { "type": "Point", "coordinates": [ -67.48955542, -45.86245116 ] } },
{ "type": "Feature", "properties": { "fid": 558, "ID": "560", "Calle": "Rivadavia", "Esquina": "España", "Poste": "Si", "Cartel": "Si", "Refugio": "No" }, "geometry": { "type": "Point", "coordinates": [ -67.485783, -45.862469 ] } },
{ "type": "Feature", "properties": { "fid": 559, "ID": "561", "Calle": "Rivadavia", "Esquina": "España", "Poste": "Si", "Cartel": "Si", "Refugio": "No" }, "geometry": { "type": "Point", "coordinates": [ -67.485397, -45.86247 ] } },
{ "type": "Feature", "properties": { "fid": 560, "ID": "562", "Calle": "Rivadavia", "Esquina": "Belgrano", "Poste": "Si", "Cartel": "Si", "Refugio": "No" }, "geometry": { "type": "Point", "coordinates": [ -67.484938, -45.862479 ] } },
{ "type": "Feature", "properties": { "fid": 561, "ID": "563", "Calle": "Hipólito Yrigoyen", "Esquina": "9 de Julio", "Poste": "No", "Cartel": "No", "Refugio": "No" }, "geometry": { "type": "Point", "coordinates": [ -67.478246, -45.864294 ] } },
{ "type": "Feature", "properties": { "fid": 562, "ID": "564", "Calle": "Alsina", "Esquina": "San Martín", "Poste": "No", "Cartel": "No", "Refugio": "No" }, "geometry": { "type": "Point", "coordinates": [ -67.49371419, -45.86120213 ] } },
{ "type": "Feature", "properties": { "fid": 563, "ID": "565", "Calle": "Sarmiento", "Esquina": "Av, Alsina", "Poste": "No", "Cartel": "No", "Refugio": "Si" }, "geometry": { "type": "Point", "coordinates": [ -67.49399709, -45.85988561 ] } },
{ "type": "Feature", "properties": { "fid": 564, "ID": "566", "Calle": "Sarmiento", "Esquina": "Alvear", "Poste": "Si", "Cartel": "No", "Refugio": "No" }, "geometry": { "type": "Point", "coordinates": [ -67.49705841, -45.85990365 ] } },
{ "type": "Feature", "properties": { "fid": 565, "ID": "567", "Calle": "Sarmiento", "Esquina": "Alem", "Poste": "No", "Cartel": "No", "Refugio": "No" }, "geometry": { "type": "Point", "coordinates": [ -67.49858665, -45.85987622 ] } },
{ "type": "Feature", "properties": { "fid": 566, "ID": "568", "Calle": "Alem", "Esquina": "Av. Rivadavia", "Poste": "No", "Cartel": "Si", "Refugio": "No" }, "geometry": { "type": "Point", "coordinates": [ -67.49890258, -45.86196241 ] } },
{ "type": "Feature", "properties": { "fid": 567, "ID": "569", "Calle": "Alem", "Esquina": "Ameghino", "Poste": "No", "Cartel": "Si", "Refugio": "No" }, "geometry": { "type": "Point", "coordinates": [ -67.4988897, -45.86328541 ] } },
{ "type": "Feature", "properties": { "fid": 568, "ID": "570", "Calle": "Alem", "Esquina": "Dorrego", "Poste": "Si", "Cartel": "Si", "Refugio": "No" }, "geometry": { "type": "Point", "coordinates": [ -67.49889992, -45.86542713 ] } },
{ "type": "Feature", "properties": { "fid": 569, "ID": "571", "Calle": "Alem", "Esquina": "Velez Sarsfield", "Poste": "Si", "Cartel": "No", "Refugio": "No" }, "geometry": { "type": "Point", "coordinates": [ -67.498899, -45.867601 ] } },
{ "type": "Feature", "properties": { "fid": 570, "ID": "572", "Calle": "Alem", "Esquina": "Aristobulo del Valle", "Poste": "Si", "Cartel": "Si", "Refugio": "No" }, "geometry": { "type": "Point", "coordinates": [ -67.49890278, -45.86974944 ] } },
{ "type": "Feature", "properties": { "fid": 571, "ID": "573", "Calle": "Ceferino Namuncura", "Esquina": "Fontana", "Poste": "Si", "Cartel": "Si", "Refugio": "No" }, "geometry": { "type": "Point", "coordinates": [ -67.49924065, -45.8732102 ] } },
{ "type": "Feature", "properties": { "fid": 572, "ID": "574", "Calle": "Necochea", "Esquina": "13 de Diciembre", "Poste": "No", "Cartel": "No", "Refugio": "Si" }, "geometry": { "type": "Point", "coordinates": [ -67.50166369, -45.87097577 ] } },
{ "type": "Feature", "properties": { "fid": 573, "ID": "575", "Calle": "Aristobulo del Valle", "Esquina": "13 de Diciembre", "Poste": "Si", "Cartel": "No", "Refugio": "Si" }, "geometry": { "type": "Point", "coordinates": [ -67.50218677, -45.869886519999987 ] } },
{ "type": "Feature", "properties": { "fid": 574, "ID": "576", "Calle": "Salta", "Esquina": "O'Higgins", "Poste": "No", "Cartel": "No", "Refugio": "Si" }, "geometry": { "type": "Point", "coordinates": [ -67.50558246, -45.87085358 ] } },
{ "type": "Feature", "properties": { "fid": 575, "ID": "577", "Calle": "José G. Artigas", "Esquina": "Bolivia", "Poste": "Si", "Cartel": "No", "Refugio": "No" }, "geometry": { "type": "Point", "coordinates": [ -67.507305, -45.872069 ] } },
{ "type": "Feature", "properties": { "fid": 576, "ID": "578", "Calle": "José G. Artigas", "Esquina": "Islas Malvinas Sur", "Poste": "Si", "Cartel": "No", "Refugio": "No" }, "geometry": { "type": "Point", "coordinates": [ -67.509906, -45.872065 ] } },
{ "type": "Feature", "properties": { "fid": 577, "ID": "579", "Calle": "José G. Artigas", "Esquina": "Isla de los Estados", "Poste": "No", "Cartel": "No", "Refugio": "No" }, "geometry": { "type": "Point", "coordinates": [ -67.51235, -45.872079 ] } },
{ "type": "Feature", "properties": { "fid": 578, "ID": "580", "Calle": "Estados Unidos", "Esquina": "Colonos Galeses", "Poste": "Si", "Cartel": "Si", "Refugio": "Si" }, "geometry": { "type": "Point", "coordinates": [ -67.51307469, -45.87361218 ] } },
{ "type": "Feature", "properties": { "fid": 579, "ID": "581", "Calle": "Sargento Ramírez", "Esquina": "José María Rodrigo", "Poste": "No", "Cartel": "No", "Refugio": "No" }, "geometry": { "type": "Point", "coordinates": [ -67.513128, -45.875308 ] } },
{ "type": "Feature", "properties": { "fid": 580, "ID": "582", "Calle": "Sargento Ramirez", "Esquina": "Av. Portugal", "Poste": "Si", "Cartel": "Si", "Refugio": "No" }, "geometry": { "type": "Point", "coordinates": [ -67.51430846, -45.876189710000013 ] } },
{ "type": "Feature", "properties": { "fid": 581, "ID": "583", "Calle": "Sargento Ramírez", "Esquina": "Atahualpa Yupanqui", "Poste": "Si", "Cartel": "No", "Refugio": "No" }, "geometry": { "type": "Point", "coordinates": [ -67.51603034, -45.87748414 ] } },
{ "type": "Feature", "properties": { "fid": 582, "ID": "584", "Calle": "Sargento Ramirez", "Esquina": "Crónica", "Poste": "Si", "Cartel": "Si", "Refugio": "No" }, "geometry": { "type": "Point", "coordinates": [ -67.5176298, -45.87871109 ] } },
{ "type": "Feature", "properties": { "fid": 583, "ID": "585", "Calle": "La Nacion", "Esquina": "La Prensa", "Poste": "No", "Cartel": "No", "Refugio": "No" }, "geometry": { "type": "Point", "coordinates": [ -67.51833243, -45.87963626 ] } },
{ "type": "Feature", "properties": { "fid": 584, "ID": "586", "Calle": "La Nacion", "Esquina": "Coronel Olavarría", "Poste": "Si", "Cartel": "Si", "Refugio": "No" }, "geometry": { "type": "Point", "coordinates": [ -67.52097811, -45.88163091 ] } },
{ "type": "Feature", "properties": { "fid": 585, "ID": "587", "Calle": "Chile", "Esquina": "Anibal Forcada", "Poste": "Si", "Cartel": "No", "Refugio": "No" }, "geometry": { "type": "Point", "coordinates": [ -67.524765, -45.882418 ] } },
{ "type": "Feature", "properties": { "fid": 586, "ID": "588", "Calle": "Chile", "Esquina": "Arturo Frondizi", "Poste": "Si", "Cartel": "No", "Refugio": "No" }, "geometry": { "type": "Point", "coordinates": [ -67.526925, -45.882543 ] } },
{ "type": "Feature", "properties": { "fid": 587, "ID": "589", "Calle": "Chile", "Esquina": "Tripulación Gandul", "Poste": "Si", "Cartel": "No", "Refugio": "No" }, "geometry": { "type": "Point", "coordinates": [ -67.528907, -45.882644 ] } },
{ "type": "Feature", "properties": { "fid": 588, "ID": "590", "Calle": "Chile", "Esquina": "Doctor Tejo", "Poste": "No", "Cartel": "No", "Refugio": "No" }, "geometry": { "type": "Point", "coordinates": [ -67.532301, -45.882791 ] } },
{ "type": "Feature", "properties": { "fid": 589, "ID": "591", "Calle": "Chile", "Esquina": "Doctor Herrera", "Poste": "No", "Cartel": "No", "Refugio": "No" }, "geometry": { "type": "Point", "coordinates": [ -67.53443338, -45.88295281 ] } },
{ "type": "Feature", "properties": { "fid": 590, "ID": "592", "Calle": "Chile", "Esquina": "Ramón Deomar Reina", "Poste": "No", "Cartel": "No", "Refugio": "No" }, "geometry": { "type": "Point", "coordinates": [ -67.53646725, -45.88305422 ] } },
{ "type": "Feature", "properties": { "fid": 591, "ID": "593", "Calle": "Chile", "Esquina": "Doctor Aníbal Arcioni", "Poste": "No", "Cartel": "No", "Refugio": "No" }, "geometry": { "type": "Point", "coordinates": [ -67.540545, -45.883267 ] } },
{ "type": "Feature", "properties": { "fid": 592, "ID": "594", "Calle": "Chile", "Esquina": "Emigdio Ramos", "Poste": "No", "Cartel": "No", "Refugio": "Si" }, "geometry": { "type": "Point", "coordinates": [ -67.540311, -45.883523 ] } },
{ "type": "Feature", "properties": { "fid": 593, "ID": "595", "Calle": "Chile", "Esquina": "Juan Schiabrando", "Poste": "No", "Cartel": "No", "Refugio": "Si" }, "geometry": { "type": "Point", "coordinates": [ -67.53678769, -45.88338395 ] } },
{ "type": "Feature", "properties": { "fid": 594, "ID": "596", "Calle": "Chile", "Esquina": "César Campoy", "Poste": "Si", "Cartel": "No", "Refugio": "Si" }, "geometry": { "type": "Point", "coordinates": [ -67.53390458, -45.883231360000011 ] } },
{ "type": "Feature", "properties": { "fid": 595, "ID": "597", "Calle": "La Razón", "Esquina": "Doctor Tejo", "Poste": "Si", "Cartel": "No", "Refugio": "Si" }, "geometry": { "type": "Point", "coordinates": [ -67.533073, -45.881741 ] } },
{ "type": "Feature", "properties": { "fid": 596, "ID": "598", "Calle": "La Razón", "Esquina": "Av. Constituyentes", "Poste": "Si", "Cartel": "No", "Refugio": "Si" }, "geometry": { "type": "Point", "coordinates": [ -67.53111903, -45.88164071 ] } },
{ "type": "Feature", "properties": { "fid": 597, "ID": "599", "Calle": "La  Razón", "Esquina": "Tripulacion Gandul", "Poste": "No", "Cartel": "No", "Refugio": "No" }, "geometry": { "type": "Point", "coordinates": [ -67.5290979, -45.88152181 ] } },
{ "type": "Feature", "properties": { "fid": 598, "ID": "600", "Calle": "La Razón", "Esquina": "Aníbal Forcada", "Poste": "Si", "Cartel": "Si", "Refugio": "No" }, "geometry": { "type": "Point", "coordinates": [ -67.52545382, -45.88135004 ] } },
{ "type": "Feature", "properties": { "fid": 599, "ID": "601", "Calle": "La Nación", "Esquina": "Coronel Olavarria", "Poste": "Si", "Cartel": "No", "Refugio": "Si" }, "geometry": { "type": "Point", "coordinates": [ -67.52079227, -45.88175695 ] } },
{ "type": "Feature", "properties": { "fid": 600, "ID": "602", "Calle": "La Nacion", "Esquina": "La Prensa", "Poste": "Si", "Cartel": "Si", "Refugio": "No" }, "geometry": { "type": "Point", "coordinates": [ -67.51814403, -45.87971952 ] } },
{ "type": "Feature", "properties": { "fid": 601, "ID": "603", "Calle": "Colonos Galeses", "Esquina": "Polonia", "Poste": "Si", "Cartel": "No", "Refugio": "No" }, "geometry": { "type": "Point", "coordinates": [ -67.5187637, -45.87822346 ] } },
{ "type": "Feature", "properties": { "fid": 602, "ID": "604", "Calle": "Colonos Galeses", "Esquina": "Atahualpa Yupanqui", "Poste": "Si", "Cartel": "No", "Refugio": "No" }, "geometry": { "type": "Point", "coordinates": [ -67.51688311, -45.87679569 ] } },
{ "type": "Feature", "properties": { "fid": 603, "ID": "605", "Calle": "Colonos Galeses", "Esquina": "Portugal", "Poste": "Si", "Cartel": "No", "Refugio": "No" }, "geometry": { "type": "Point", "coordinates": [ -67.51529488, -45.87559743 ] } },
{ "type": "Feature", "properties": { "fid": 604, "ID": "606", "Calle": "Colonos Galeses", "Esquina": "Av Estados Unidos", "Poste": "Si", "Cartel": "No", "Refugio": "Si" }, "geometry": { "type": "Point", "coordinates": [ -67.51295481, -45.87382698 ] } },
{ "type": "Feature", "properties": { "fid": 605, "ID": "607", "Calle": "Figueroa Alcorta", "Esquina": "Islas Orcadas", "Poste": "Si", "Cartel": "No", "Refugio": "No" }, "geometry": { "type": "Point", "coordinates": [ -67.511474, -45.873157 ] } },
{ "type": "Feature", "properties": { "fid": 606, "ID": "608", "Calle": "Figueroa Alcorta", "Esquina": "Isidro Quiroga", "Poste": "Si", "Cartel": "No", "Refugio": "Si" }, "geometry": { "type": "Point", "coordinates": [ -67.508311, -45.873289 ] } },
{ "type": "Feature", "properties": { "fid": 607, "ID": "609", "Calle": "Salta", "Esquina": "Sargento Cabral", "Poste": "Si", "Cartel": "No", "Refugio": "No" }, "geometry": { "type": "Point", "coordinates": [ -67.50457291, -45.87011587 ] } },
{ "type": "Feature", "properties": { "fid": 608, "ID": "610", "Calle": "Aristobulo del Valle", "Esquina": "13 de Diciembre", "Poste": "Si", "Cartel": "Si", "Refugio": "No" }, "geometry": { "type": "Point", "coordinates": [ -67.50215549, -45.87002798 ] } },
{ "type": "Feature", "properties": { "fid": 609, "ID": "611", "Calle": "Aristobulo del Valle", "Esquina": "Alem", "Poste": "No", "Cartel": "No", "Refugio": "No" }, "geometry": { "type": "Point", "coordinates": [ -67.49910967, -45.87001507 ] } },
{ "type": "Feature", "properties": { "fid": 610, "ID": "612", "Calle": "Aristobulo del Valle", "Esquina": "Alvear", "Poste": "Si", "Cartel": "No", "Refugio": "No" }, "geometry": { "type": "Point", "coordinates": [ -67.49762, -45.87003 ] } },
{ "type": "Feature", "properties": { "fid": 611, "ID": "613", "Calle": "Alvear", "Esquina": "Bouchardo", "Poste": "Si", "Cartel": "No", "Refugio": "No" }, "geometry": { "type": "Point", "coordinates": [ -67.49715094, -45.8690968 ] } },
{ "type": "Feature", "properties": { "fid": 612, "ID": "614", "Calle": "Alvear", "Esquina": "Dorrego", "Poste": "Si", "Cartel": "No", "Refugio": "No" }, "geometry": { "type": "Point", "coordinates": [ -67.49716237, -45.86588314 ] } },
{ "type": "Feature", "properties": { "fid": 613, "ID": "615", "Calle": "Alvear", "Esquina": "Rivadavia", "Poste": "No", "Cartel": "No", "Refugio": "Si" }, "geometry": { "type": "Point", "coordinates": [ -67.49711323, -45.86254852 ] } },
{ "type": "Feature", "properties": { "fid": 614, "ID": "616", "Calle": "Alvear", "Esquina": "San Martín", "Poste": "No", "Cartel": "No", "Refugio": "No" }, "geometry": { "type": "Point", "coordinates": [ -67.49715852, -45.86126144 ] } },
{ "type": "Feature", "properties": { "fid": 615, "ID": "617", "Calle": "Salta", "Esquina": "Tierra del Fuego", "Poste": "No", "Cartel": "No", "Refugio": "No" }, "geometry": { "type": "Point", "coordinates": [ -67.506453, -45.872357 ] } },
{ "type": "Feature", "properties": { "fid": 616, "ID": "618", "Calle": "Alvear", "Esquina": "Sarmiento", "Poste": "No", "Cartel": "No", "Refugio": "No" }, "geometry": { "type": "Point", "coordinates": [ -67.497142, -45.860182 ] } },
{ "type": "Feature", "properties": { "fid": 617, "ID": "619", "Calle": "25 de Mayo", "Esquina": "Rivadavia", "Poste": "Si", "Cartel": "Si", "Refugio": "No" }, "geometry": { "type": "Point", "coordinates": [ -67.481576, -45.862566 ] } },
{ "type": "Feature", "properties": { "fid": 618, "ID": "620", "Calle": "25 de Mayo", "Esquina": "Rivadavia", "Poste": "Si", "Cartel": "Si", "Refugio": "No" }, "geometry": { "type": "Point", "coordinates": [ -67.481578, -45.862695 ] } },
{ "type": "Feature", "properties": { "fid": 619, "ID": "621", "Calle": "25 de Mayo", "Esquina": "Rivadavia", "Poste": "Si", "Cartel": "Si", "Refugio": "No" }, "geometry": { "type": "Point", "coordinates": [ -67.481577, -45.862817 ] } },
{ "type": "Feature", "properties": { "fid": 620, "ID": "622", "Calle": "25 de Mayo", "Esquina": "Ameghino", "Poste": "Si", "Cartel": "Si", "Refugio": "Si" }, "geometry": { "type": "Point", "coordinates": [ -67.481565, -45.862946 ] } },
{ "type": "Feature", "properties": { "fid": 621, "ID": "623", "Calle": "25 de Mayo", "Esquina": "Ameghino", "Poste": "Si", "Cartel": "Si", "Refugio": "Si" }, "geometry": { "type": "Point", "coordinates": [ -67.48158, -45.863052 ] } },
{ "type": "Feature", "properties": { "fid": 622, "ID": "624", "Calle": "25 de Mayo", "Esquina": "Ameghino", "Poste": "No", "Cartel": "Si", "Refugio": "Si" }, "geometry": { "type": "Point", "coordinates": [ -67.481577, -45.863166 ] } },
{ "type": "Feature", "properties": { "fid": 623, "ID": "625", "Calle": "Hipolito Yrigoyen", "Esquina": "Belgrano", "Poste": "No", "Cartel": "Si", "Refugio": "Si" }, "geometry": { "type": "Point", "coordinates": [ -67.484013, -45.865656 ] } },
{ "type": "Feature", "properties": { "fid": 624, "ID": "626", "Calle": "H. Yrigoyen", "Esquina": "Democracia", "Poste": "Si", "Cartel": "Si", "Refugio": "Si" }, "geometry": { "type": "Point", "coordinates": [ -67.48724283, -45.86727213 ] } },
{ "type": "Feature", "properties": { "fid": 625, "ID": "627", "Calle": "Hipólito Yrigoyen", "Esquina": "Cruce de los Andes", "Poste": "Si", "Cartel": "No", "Refugio": "Si" }, "geometry": { "type": "Point", "coordinates": [ -67.49035849, -45.8695394 ] } },
{ "type": "Feature", "properties": { "fid": 626, "ID": "628", "Calle": "Hipólito Yrigoyen", "Esquina": "Av. Juan B. Justo", "Poste": "Si", "Cartel": "No", "Refugio": "Si" }, "geometry": { "type": "Point", "coordinates": [ -67.50237793, -45.87619632 ] } },
{ "type": "Feature", "properties": { "fid": 627, "ID": "629", "Calle": "Estados Unidos", "Esquina": "Monseñor De Andrea", "Poste": "No", "Cartel": "Si", "Refugio": "Si" }, "geometry": { "type": "Point", "coordinates": [ -67.50760224, -45.8767508 ] } },
{ "type": "Feature", "properties": { "fid": 628, "ID": "630", "Calle": "Av. Estados Unidos", "Esquina": "Islas Malvinas Sur", "Poste": "No", "Cartel": "No", "Refugio": "No" }, "geometry": { "type": "Point", "coordinates": [ -67.509784, -45.875382 ] } },
{ "type": "Feature", "properties": { "fid": 629, "ID": "631", "Calle": "Estados Unidos", "Esquina": "Avellaneda", "Poste": "No", "Cartel": "No", "Refugio": "No" }, "geometry": { "type": "Point", "coordinates": [ -67.512138, -45.873898 ] } },
{ "type": "Feature", "properties": { "fid": 630, "ID": "632", "Calle": "Estados Unidos", "Esquina": "Artigas", "Poste": "No", "Cartel": "No", "Refugio": "No" }, "geometry": { "type": "Point", "coordinates": [ -67.5144725, -45.87238779 ] } },
{ "type": "Feature", "properties": { "fid": 631, "ID": "633", "Calle": "Canada", "Esquina": "Av. Estados Unidos", "Poste": "No", "Cartel": "No", "Refugio": "Si" }, "geometry": { "type": "Point", "coordinates": [ -67.51753403, -45.87096568 ] } },
{ "type": "Feature", "properties": { "fid": 632, "ID": "634", "Calle": "Canada", "Esquina": "Maestro Genorazzo", "Poste": "Si", "Cartel": "Si", "Refugio": "No" }, "geometry": { "type": "Point", "coordinates": [ -67.51975653, -45.87268817 ] } },
{ "type": "Feature", "properties": { "fid": 633, "ID": "635", "Calle": "Canada", "Esquina": "El Patagonico", "Poste": "Si", "Cartel": "No", "Refugio": "Si" }, "geometry": { "type": "Point", "coordinates": [ -67.52146903, -45.87397888 ] } },
{ "type": "Feature", "properties": { "fid": 634, "ID": "636", "Calle": "Canada", "Esquina": "Cronica", "Poste": "Si", "Cartel": "Si", "Refugio": "No" }, "geometry": { "type": "Point", "coordinates": [ -67.52302509, -45.87517114 ] } },
{ "type": "Feature", "properties": { "fid": 635, "ID": "637", "Calle": "Canada", "Esquina": "Francisco Behr", "Poste": "Si", "Cartel": "Si", "Refugio": "Si" }, "geometry": { "type": "Point", "coordinates": [ -67.52528809, -45.87679597 ] } },
{ "type": "Feature", "properties": { "fid": 636, "ID": "638", "Calle": "Canada", "Esquina": "Julio A. Roca", "Poste": "Si", "Cartel": "No", "Refugio": "No" }, "geometry": { "type": "Point", "coordinates": [ -67.52730016, -45.87841875 ] } },
{ "type": "Feature", "properties": { "fid": 637, "ID": "639", "Calle": "Julio A. Roca", "Esquina": "Colonos Sudafricanos", "Poste": "Si", "Cartel": "No", "Refugio": "No" }, "geometry": { "type": "Point", "coordinates": [ -67.529037, -45.877506 ] } },
{ "type": "Feature", "properties": { "fid": 638, "ID": "640", "Calle": "Julio A. Roca", "Esquina": "John F. Kennedy", "Poste": "Si", "Cartel": "No", "Refugio": "No" }, "geometry": { "type": "Point", "coordinates": [ -67.53169, -45.875787 ] } },
{ "type": "Feature", "properties": { "fid": 639, "ID": "641", "Calle": "Julio A. Roca", "Esquina": "Del Trabajo", "Poste": "No", "Cartel": "No", "Refugio": "No" }, "geometry": { "type": "Point", "coordinates": [ -67.534458, -45.874027 ] } },
{ "type": "Feature", "properties": { "fid": 640, "ID": "642", "Calle": "Del Trabajo", "Esquina": "Gobernador Galina", "Poste": "No", "Cartel": "No", "Refugio": "No" }, "geometry": { "type": "Point", "coordinates": [ -67.5327896, -45.87261008 ] } },
{ "type": "Feature", "properties": { "fid": 641, "ID": "643", "Calle": "Francisco Behr", "Esquina": "Av. Lisandro de la Torre", "Poste": "No", "Cartel": "No", "Refugio": "No" }, "geometry": { "type": "Point", "coordinates": [ -67.533158, -45.871194 ] } },
{ "type": "Feature", "properties": { "fid": 642, "ID": "644", "Calle": "Lisandro de la Torre", "Esquina": "Dr. Cayelli", "Poste": "No", "Cartel": "No", "Refugio": "No" }, "geometry": { "type": "Point", "coordinates": [ -67.53459, -45.871804 ] } },
{ "type": "Feature", "properties": { "fid": 643, "ID": "645", "Calle": "Del Trabajo", "Esquina": "Polonia", "Poste": "No", "Cartel": "No", "Refugio": "No" }, "geometry": { "type": "Point", "coordinates": [ -67.530869, -45.871103 ] } },
{ "type": "Feature", "properties": { "fid": 644, "ID": "646", "Calle": "Lisandro de la Torre", "Esquina": "La Plata", "Poste": "Si", "Cartel": "No", "Refugio": "No" }, "geometry": { "type": "Point", "coordinates": [ -67.539054, -45.875194 ] } },
{ "type": "Feature", "properties": { "fid": 645, "ID": "647", "Calle": "Lisandro de la Torre", "Esquina": "Av. Patricios", "Poste": "Si", "Cartel": "No", "Refugio": "No" }, "geometry": { "type": "Point", "coordinates": [ -67.541027, -45.876683 ] } },
{ "type": "Feature", "properties": { "fid": 646, "ID": "648", "Calle": "Lisandro de la Torre", "Esquina": "Juana Azurduy", "Poste": "Si", "Cartel": "No", "Refugio": "No" }, "geometry": { "type": "Point", "coordinates": [ -67.543087, -45.878226 ] } },
{ "type": "Feature", "properties": { "fid": 647, "ID": "649", "Calle": "Juana Azurduy", "Esquina": "Cabo 2º Julio Benítez", "Poste": "Si", "Cartel": "No", "Refugio": "Si" }, "geometry": { "type": "Point", "coordinates": [ -67.544814, -45.87773 ] } },
{ "type": "Feature", "properties": { "fid": 648, "ID": "650", "Calle": "Juana Azurduy", "Esquina": "Sargento Ayudante Acosta", "Poste": "No", "Cartel": "No", "Refugio": "No" }, "geometry": { "type": "Point", "coordinates": [ -67.54631573, -45.87675081 ] } },
{ "type": "Feature", "properties": { "fid": 649, "ID": "651", "Calle": "Juana Azurduy", "Esquina": "Cerro Blanco", "Poste": "Si", "Cartel": "No", "Refugio": "No" }, "geometry": { "type": "Point", "coordinates": [ -67.54836265, -45.87610577 ] } },
{ "type": "Feature", "properties": { "fid": 650, "ID": "652", "Calle": "Juana Azurduy", "Esquina": "Ricardo Torá", "Poste": "No", "Cartel": "No", "Refugio": "No" }, "geometry": { "type": "Point", "coordinates": [ -67.54999669, -45.87568517 ] } },
{ "type": "Feature", "properties": { "fid": 651, "ID": "653", "Calle": "Ricardo Tora", "Esquina": "Lorenzo Rognetta", "Poste": "Si", "Cartel": "No", "Refugio": "No" }, "geometry": { "type": "Point", "coordinates": [ -67.55184937, -45.87721131 ] } },
{ "type": "Feature", "properties": { "fid": 657, "ID": "659", "Calle": "Ricardo Tora", "Esquina": "Mariano Rodríguez", "Poste": "No", "Cartel": "No", "Refugio": "No" }, "geometry": { "type": "Point", "coordinates": [ -67.55091433, -45.87665302 ] } },
{ "type": "Feature", "properties": { "fid": 658, "ID": "660", "Calle": "Juana Azurduy", "Esquina": "Cerro San Bernardo", "Poste": "Si", "Cartel": "No", "Refugio": "No" }, "geometry": { "type": "Point", "coordinates": [ -67.54971971, -45.87584279 ] } },
{ "type": "Feature", "properties": { "fid": 659, "ID": "661", "Calle": "Juana Azurduy", "Esquina": "Cerro Blanco", "Poste": "Si", "Cartel": "No", "Refugio": "No" }, "geometry": { "type": "Point", "coordinates": [ -67.54826165, -45.87623419 ] } },
{ "type": "Feature", "properties": { "fid": 660, "ID": "662", "Calle": "Juana Azurduy", "Esquina": "Marinero Jorge López", "Poste": "Si", "Cartel": "No", "Refugio": "No" }, "geometry": { "type": "Point", "coordinates": [ -67.54637755, -45.87690994 ] } },
{ "type": "Feature", "properties": { "fid": 661, "ID": "663", "Calle": "Juana Azurduy", "Esquina": "Doctor José Rementería", "Poste": "No", "Cartel": "No", "Refugio": "No" }, "geometry": { "type": "Point", "coordinates": [ -67.54456805, -45.87806265 ] } },
{ "type": "Feature", "properties": { "fid": 662, "ID": "664", "Calle": "Av, Lisandro de la Torre", "Esquina": "Mariano Rodriguez", "Poste": "No", "Cartel": "No", "Refugio": "No" }, "geometry": { "type": "Point", "coordinates": [ -67.5448208, -45.87992408 ] } },
{ "type": "Feature", "properties": { "fid": 663, "ID": "665", "Calle": "Lisandro de la Torre", "Esquina": "Juana Azurduy", "Poste": "Si", "Cartel": "No", "Refugio": "Si" }, "geometry": { "type": "Point", "coordinates": [ -67.54309074, -45.87861099 ] } },
{ "type": "Feature", "properties": { "fid": 664, "ID": "666", "Calle": "Lisandro de la Torre", "Esquina": "Scalabrini Ortiz", "Poste": "No", "Cartel": "No", "Refugio": "No" }, "geometry": { "type": "Point", "coordinates": [ -67.54173308, -45.87759741 ] } },
{ "type": "Feature", "properties": { "fid": 665, "ID": "667", "Calle": "Lisandro de la Torre", "Esquina": "Av. Patricios", "Poste": "No", "Cartel": "No", "Refugio": "Si" }, "geometry": { "type": "Point", "coordinates": [ -67.54035873, -45.87652127 ] } },
{ "type": "Feature", "properties": { "fid": 666, "ID": "668", "Calle": "Lisandro de la Torre", "Esquina": "Diaz Velez", "Poste": "Si", "Cartel": "No", "Refugio": "No" }, "geometry": { "type": "Point", "coordinates": [ -67.53768966, -45.87448581 ] } },
{ "type": "Feature", "properties": { "fid": 667, "ID": "669", "Calle": "Lisandro de la Torre", "Esquina": "Julio A. Roca", "Poste": "No", "Cartel": "No", "Refugio": "Si" }, "geometry": { "type": "Point", "coordinates": [ -67.53578549, -45.87304501 ] } },
{ "type": "Feature", "properties": { "fid": 668, "ID": "670", "Calle": "Lisandro de la Torre", "Esquina": "Francisco Behr", "Poste": "No", "Cartel": "No", "Refugio": "Si" }, "geometry": { "type": "Point", "coordinates": [ -67.53351306, -45.8713413 ] } },
{ "type": "Feature", "properties": { "fid": 669, "ID": "671", "Calle": "Lisandro de la Torre", "Esquina": "Polonia", "Poste": "Si", "Cartel": "No", "Refugio": "No" }, "geometry": { "type": "Point", "coordinates": [ -67.532213, -45.870327 ] } },
{ "type": "Feature", "properties": { "fid": 670, "ID": "672", "Calle": "Polonia", "Esquina": "Lisandro de la Torre", "Poste": "Si", "Cartel": "No", "Refugio": "No" }, "geometry": { "type": "Point", "coordinates": [ -67.53175, -45.870119 ] } },
{ "type": "Feature", "properties": { "fid": 671, "ID": "673", "Calle": "Polonia", "Esquina": "Balcón del Paraíso", "Poste": "No", "Cartel": "No", "Refugio": "No" }, "geometry": { "type": "Point", "coordinates": [ -67.534559, -45.868339 ] } },
{ "type": "Feature", "properties": { "fid": 672, "ID": "674", "Calle": "Polonia", "Esquina": "Bernardo Houssay", "Poste": "No", "Cartel": "No", "Refugio": "No" }, "geometry": { "type": "Point", "coordinates": [ -67.535926, -45.867477 ] } },
{ "type": "Feature", "properties": { "fid": 673, "ID": "675", "Calle": "Polonia", "Esquina": "Carlos O' Donell", "Poste": "Si", "Cartel": "No", "Refugio": "Si" }, "geometry": { "type": "Point", "coordinates": [ -67.539258971882617, -45.865336085152727 ] } },
{ "type": "Feature", "properties": { "fid": 674, "ID": "676", "Calle": "Polonia", "Esquina": "10 de Noviembre", "Poste": "No", "Cartel": "No", "Refugio": "No" }, "geometry": { "type": "Point", "coordinates": [ -67.537909, -45.866185 ] } },
{ "type": "Feature", "properties": { "fid": 675, "ID": "677", "Calle": "Polonia", "Esquina": "Ricardo Balbín", "Poste": "No", "Cartel": "No", "Refugio": "No" }, "geometry": { "type": "Point", "coordinates": [ -67.54263985, -45.86314167 ] } },
{ "type": "Feature", "properties": { "fid": 676, "ID": "678", "Calle": "Polonia", "Esquina": "Hugo del Carril (Iglesia)", "Poste": "Si", "Cartel": "No", "Refugio": "No" }, "geometry": { "type": "Point", "coordinates": [ -67.54487083, -45.8616867 ] } },
{ "type": "Feature", "properties": { "fid": 677, "ID": "679", "Calle": "Polonia", "Esquina": "Cospi", "Poste": "No", "Cartel": "No", "Refugio": "No" }, "geometry": { "type": "Point", "coordinates": [ -67.5469695, -45.86032762 ] } },
{ "type": "Feature", "properties": { "fid": 678, "ID": "680", "Calle": "Polonia", "Esquina": "Juan Luckiewics", "Poste": "No", "Cartel": "No", "Refugio": "No" }, "geometry": { "type": "Point", "coordinates": [ -67.55014879, -45.85787286 ] } },
{ "type": "Feature", "properties": { "fid": 679, "ID": "681", "Calle": "Dr. Eduardo Musacchuio", "Esquina": "Vicente Barbieri", "Poste": "No", "Cartel": "No", "Refugio": "No" }, "geometry": { "type": "Point", "coordinates": [ -67.564602, -45.855368 ] } },
{ "type": "Feature", "properties": { "fid": 680, "ID": "682", "Calle": "Dr. Eduardo Musacchuio", "Esquina": "3116", "Poste": "Si", "Cartel": "No", "Refugio": "Si" }, "geometry": { "type": "Point", "coordinates": [ -67.56626906, -45.85601175 ] } },
{ "type": "Feature", "properties": { "fid": 682, "ID": "684", "Calle": "Haroldo Conti", "Esquina": "3114", "Poste": "Si", "Cartel": "No", "Refugio": "Si" }, "geometry": { "type": "Point", "coordinates": [ -67.566823, -45.858509 ] } },
{ "type": "Feature", "properties": { "fid": 683, "ID": "685", "Calle": "Antonio Di Benedetto", "Esquina": "Miguel Briante", "Poste": "No", "Cartel": "No", "Refugio": "No" }, "geometry": { "type": "Point", "coordinates": [ -67.564532, -45.859435 ] } },
{ "type": "Feature", "properties": { "fid": 684, "ID": "686", "Calle": "Miguel Briante", "Esquina": "Alberto Rivas", "Poste": "No", "Cartel": "No", "Refugio": "No" }, "geometry": { "type": "Point", "coordinates": [ -67.565245, -45.861052 ] } },
{ "type": "Feature", "properties": { "fid": 685, "ID": "687", "Calle": "Alberto Rivas", "Esquina": "Roberto Pairó", "Poste": "Si", "Cartel": "No", "Refugio": "Si" }, "geometry": { "type": "Point", "coordinates": [ -67.566433, -45.860931 ] } },
{ "type": "Feature", "properties": { "fid": 686, "ID": "688", "Calle": "Haroldo Conti", "Esquina": "Concejal Miguel Ángel Mansilla", "Poste": "No", "Cartel": "No", "Refugio": "No" }, "geometry": { "type": "Point", "coordinates": [ -67.571288, -45.86317 ] } },
{ "type": "Feature", "properties": { "fid": 688, "ID": "690", "Calle": "Roberto Pairo", "Esquina": "Concejal Ricardo Alcoleas", "Poste": "No", "Cartel": "No", "Refugio": "Si" }, "geometry": { "type": "Point", "coordinates": [ -67.57002257, -45.866861580000013 ] } },
{ "type": "Feature", "properties": { "fid": 689, "ID": "691", "Calle": "Concejal Ricardo Alcoleas", "Esquina": "3214", "Poste": "No", "Cartel": "No", "Refugio": "No" }, "geometry": { "type": "Point", "coordinates": [ -67.57211149, -45.86641946 ] } },
{ "type": "Feature", "properties": { "fid": 690, "ID": "692", "Calle": "Concejal Ricardo Alcoleas", "Esquina": "3223", "Poste": "Si", "Cartel": "No", "Refugio": "Si" }, "geometry": { "type": "Point", "coordinates": [ -67.57543805, -45.86532917 ] } },
{ "type": "Feature", "properties": { "fid": 691, "ID": "693", "Calle": "Dr. Eduardo Musacchuio", "Esquina": "Ocaso", "Poste": "Si", "Cartel": "No", "Refugio": "Si" }, "geometry": { "type": "Point", "coordinates": [ -67.57807, -45.866187 ] } },
{ "type": "Feature", "properties": { "fid": 692, "ID": "694", "Calle": "Ocaso", "Esquina": "3214", "Poste": "Si", "Cartel": "No", "Refugio": "Si" }, "geometry": { "type": "Point", "coordinates": [ -67.574723, -45.86764 ] } },
{ "type": "Feature", "properties": { "fid": 693, "ID": "695", "Calle": "Ocaso", "Esquina": "-", "Poste": "No", "Cartel": "No", "Refugio": "No" }, "geometry": { "type": "Point", "coordinates": [ -67.57223808, -45.86847323 ] } },
{ "type": "Feature", "properties": { "fid": 694, "ID": "696", "Calle": "Roberto Pairó", "Esquina": "Juan Carlos Duval", "Poste": "No", "Cartel": "No", "Refugio": "Si" }, "geometry": { "type": "Point", "coordinates": [ -67.57057819, -45.86972535 ] } },
{ "type": "Feature", "properties": { "fid": 695, "ID": "697", "Calle": "Calle 3219", "Esquina": "3217", "Poste": "Si", "Cartel": "No", "Refugio": "No" }, "geometry": { "type": "Point", "coordinates": [ -67.57382158, -45.8719187 ] } },
{ "type": "Feature", "properties": { "fid": 696, "ID": "698", "Calle": "Calle 3218", "Esquina": "3219", "Poste": "No", "Cartel": "No", "Refugio": "No" }, "geometry": { "type": "Point", "coordinates": [ -67.57305171, -45.87304219 ] } },
{ "type": "Feature", "properties": { "fid": 697, "ID": "699", "Calle": "Jorge Ludueña", "Esquina": "Soladado Ricardo Austin", "Poste": "Si", "Cartel": "No", "Refugio": "Si" }, "geometry": { "type": "Point", "coordinates": [ -67.57013466, -45.87283427 ] } },
{ "type": "Feature", "properties": { "fid": 698, "ID": "700", "Calle": "Jorge Ludueña", "Esquina": "3220", "Poste": "Si", "Cartel": "No", "Refugio": "No" }, "geometry": { "type": "Point", "coordinates": [ -67.56888803, -45.87259304 ] } },
{ "type": "Feature", "properties": { "fid": 699, "ID": "701", "Calle": "Calle 3220", "Esquina": "3476", "Poste": "No", "Cartel": "No", "Refugio": "No" }, "geometry": { "type": "Point", "coordinates": [ -67.56763, -45.871296 ] } },
{ "type": "Feature", "properties": { "fid": 700, "ID": "702", "Calle": "Jorge Ludueña", "Esquina": "Concejal Francisco Olinik", "Poste": "No", "Cartel": "No", "Refugio": "Si" }, "geometry": { "type": "Point", "coordinates": [ -67.56090693, -45.87113582 ] } },
{ "type": "Feature", "properties": { "fid": 701, "ID": "703", "Calle": "Jorge Ludueña", "Esquina": "Concejal Bernabé Hernández", "Poste": "No", "Cartel": "No", "Refugio": "No" }, "geometry": { "type": "Point", "coordinates": [ -67.55346216, -45.86958463 ] } },
{ "type": "Feature", "properties": { "fid": 702, "ID": "704", "Calle": "10 de Noviembre", "Esquina": "Ricardo Torá", "Poste": "No", "Cartel": "No", "Refugio": "No" }, "geometry": { "type": "Point", "coordinates": [ -67.55053904, -45.86896963 ] } },
{ "type": "Feature", "properties": { "fid": 703, "ID": "705", "Calle": "10 de Noviembre", "Esquina": "887", "Poste": "No", "Cartel": "No", "Refugio": "No" }, "geometry": { "type": "Point", "coordinates": [ -67.54753711, -45.86841482 ] } },
{ "type": "Feature", "properties": { "fid": 704, "ID": "706", "Calle": "10 de Noviembre", "Esquina": "Wilfredo Andrade", "Poste": "No", "Cartel": "No", "Refugio": "No" }, "geometry": { "type": "Point", "coordinates": [ -67.54513333, -45.86794444 ] } },
{ "type": "Feature", "properties": { "fid": 705, "ID": "707", "Calle": "10 de Noviembre", "Esquina": "Julio A. Roca", "Poste": "No", "Cartel": "No", "Refugio": "No" }, "geometry": { "type": "Point", "coordinates": [ -67.54352904, -45.86771615 ] } },
{ "type": "Feature", "properties": { "fid": 706, "ID": "708", "Calle": "10 de Noviembre", "Esquina": "Doctor Andino Cayelli", "Poste": "No", "Cartel": "No", "Refugio": "No" }, "geometry": { "type": "Point", "coordinates": [ -67.54086855, -45.86718096 ] } },
{ "type": "Feature", "properties": { "fid": 707, "ID": "709", "Calle": "Francisco Behr", "Esquina": "Diario La República", "Poste": "No", "Cartel": "No", "Refugio": "No" }, "geometry": { "type": "Point", "coordinates": [ -67.539054, -45.867653 ] } },
{ "type": "Feature", "properties": { "fid": 708, "ID": "710", "Calle": "Francisco Behr", "Esquina": "Juan Almonacid", "Poste": "No", "Cartel": "No", "Refugio": "No" }, "geometry": { "type": "Point", "coordinates": [ -67.537702, -45.868451 ] } },
{ "type": "Feature", "properties": { "fid": 709, "ID": "711", "Calle": "Francisco Behr", "Esquina": "Marinero Jorge López", "Poste": "No", "Cartel": "No", "Refugio": "Si" }, "geometry": { "type": "Point", "coordinates": [ -67.53625924, -45.86938035 ] } },
{ "type": "Feature", "properties": { "fid": 710, "ID": "712", "Calle": "Francisco Behr", "Esquina": "Cabo Julio Benitez", "Poste": "Si", "Cartel": "No", "Refugio": "No" }, "geometry": { "type": "Point", "coordinates": [ -67.53499351, -45.87021346 ] } },
{ "type": "Feature", "properties": { "fid": 711, "ID": "713", "Calle": "Francisco Behr", "Esquina": "Av. Lisandro de la Torre", "Poste": "No", "Cartel": "No", "Refugio": "No" }, "geometry": { "type": "Point", "coordinates": [ -67.53374122, -45.87100263 ] } },
{ "type": "Feature", "properties": { "fid": 715, "ID": "717", "Calle": "Julio A. Roca", "Esquina": "San José de Jachal", "Poste": "", "Cartel": "", "Refugio": "" }, "geometry": { "type": "Point", "coordinates": [ -67.531172, -45.876453 ] } },
{ "type": "Feature", "properties": { "fid": 716, "ID": "718", "Calle": "Julio A. Roca", "Esquina": "Libertad", "Poste": "", "Cartel": "", "Refugio": "" }, "geometry": { "type": "Point", "coordinates": [ -67.529233, -45.877661 ] } },
{ "type": "Feature", "properties": { "fid": 717, "ID": "719", "Calle": "Canada", "Esquina": "Julio A. Roca", "Poste": "Si", "Cartel": "Si", "Refugio": "No" }, "geometry": { "type": "Point", "coordinates": [ -67.52485, -45.877023 ] } },
{ "type": "Feature", "properties": { "fid": 718, "ID": "720", "Calle": "Canada", "Esquina": "Francisco Behr", "Poste": "No", "Cartel": "No", "Refugio": "Si" }, "geometry": { "type": "Point", "coordinates": [ -67.527001, -45.878528 ] } },
{ "type": "Feature", "properties": { "fid": 719, "ID": "721", "Calle": "Canada", "Esquina": "Cronica", "Poste": "No", "Cartel": "No", "Refugio": "Si" }, "geometry": { "type": "Point", "coordinates": [ -67.52282146, -45.875352619999987 ] } },
{ "type": "Feature", "properties": { "fid": 720, "ID": "722", "Calle": "Canadá", "Esquina": "El Patagónico", "Poste": "Si", "Cartel": "No", "Refugio": "No" }, "geometry": { "type": "Point", "coordinates": [ -67.5217814, -45.87456164000001 ] } },
{ "type": "Feature", "properties": { "fid": 721, "ID": "723", "Calle": "Canada", "Esquina": "Av. Portugal", "Poste": "Si", "Cartel": "No", "Refugio": "No" }, "geometry": { "type": "Point", "coordinates": [ -67.52005814, -45.8732566 ] } },
{ "type": "Feature", "properties": { "fid": 722, "ID": "724", "Calle": "Canada", "Esquina": "Estados Árabes", "Poste": "No", "Cartel": "No", "Refugio": "Si" }, "geometry": { "type": "Point", "coordinates": [ -67.5177017, -45.87147679 ] } },
{ "type": "Feature", "properties": { "fid": 723, "ID": "725", "Calle": "Estados Unidos", "Esquina": "El Chubut", "Poste": "No", "Cartel": "No", "Refugio": "No" }, "geometry": { "type": "Point", "coordinates": [ -67.51527806, -45.87223416 ] } },
{ "type": "Feature", "properties": { "fid": 724, "ID": "726", "Calle": "Estados Unidos", "Esquina": "José Suazo", "Poste": "No", "Cartel": "No", "Refugio": "No" }, "geometry": { "type": "Point", "coordinates": [ -67.50994904, -45.87563122 ] } },
{ "type": "Feature", "properties": { "fid": 725, "ID": "727", "Calle": "Estados Unidos", "Esquina": "Monseñor de Andrea", "Poste": "No", "Cartel": "No", "Refugio": "Si" }, "geometry": { "type": "Point", "coordinates": [ -67.50851818, -45.87653528 ] } },
{ "type": "Feature", "properties": { "fid": 726, "ID": "728", "Calle": "Estados Unidos", "Esquina": "Av. H. Yrigoyen", "Poste": "No", "Cartel": "No", "Refugio": "Si" }, "geometry": { "type": "Point", "coordinates": [ -67.50633274, -45.87759154 ] } },
{ "type": "Feature", "properties": { "fid": 727, "ID": "729", "Calle": "H. Yrigoyen", "Esquina": "-", "Poste": "No", "Cartel": "No", "Refugio": "Si" }, "geometry": { "type": "Point", "coordinates": [ -67.50133837, -45.87602481 ] } },
{ "type": "Feature", "properties": { "fid": 728, "ID": "730", "Calle": "Ingeniero Ducós", "Esquina": "-", "Poste": "Si", "Cartel": "No", "Refugio": "No" }, "geometry": { "type": "Point", "coordinates": [ -67.49046281, -45.87240797 ] } },
{ "type": "Feature", "properties": { "fid": 729, "ID": "731", "Calle": "Bahia Bustamente", "Esquina": "García Fernández", "Poste": "Si", "Cartel": "Si", "Refugio": "Si" }, "geometry": { "type": "Point", "coordinates": [ -67.48829364, -45.86986822 ] } },
{ "type": "Feature", "properties": { "fid": 730, "ID": "732", "Calle": "Democracia", "Esquina": "Roque Saenz Peña", "Poste": "No", "Cartel": "No", "Refugio": "No" }, "geometry": { "type": "Point", "coordinates": [ -67.4862473, -45.86818428 ] } },
{ "type": "Feature", "properties": { "fid": 731, "ID": "733", "Calle": "Roque Sáenz Peña", "Esquina": "Hipólito Yrigoyen", "Poste": "No", "Cartel": "No", "Refugio": "No" }, "geometry": { "type": "Point", "coordinates": [ -67.484697, -45.868087 ] } },
{ "type": "Feature", "properties": { "fid": 732, "ID": "734", "Calle": "Mitre", "Esquina": "Girardez", "Poste": "Si", "Cartel": "No", "Refugio": "No" }, "geometry": { "type": "Point", "coordinates": [ -67.48288829, -45.8659484 ] } },
{ "type": "Feature", "properties": { "fid": 733, "ID": "735", "Calle": "Alsina", "Esquina": "Vélez Sarsfield", "Poste": "Si", "Cartel": "No", "Refugio": "Si" }, "geometry": { "type": "Point", "coordinates": [ -67.49367021, -45.86691504 ] } },
{ "type": "Feature", "properties": { "fid": 734, "ID": "736", "Calle": "Rawson", "Esquina": "Saavedra", "Poste": "Si", "Cartel": "No", "Refugio": "No" }, "geometry": { "type": "Point", "coordinates": [ -67.49543657, -45.86449483 ] } },
{ "type": "Feature", "properties": { "fid": 735, "ID": "737", "Calle": "Alvear", "Esquina": "12 de Octubre", "Poste": "Si", "Cartel": "No", "Refugio": "No" }, "geometry": { "type": "Point", "coordinates": [ -67.49717372, -45.85811654 ] } },
{ "type": "Feature", "properties": { "fid": 736, "ID": "738", "Calle": "Misiones", "Esquina": "Cristobal Gimenez", "Poste": "Si", "Cartel": "No", "Refugio": "No" }, "geometry": { "type": "Point", "coordinates": [ -67.49820345, -45.85560458 ] } },
{ "type": "Feature", "properties": { "fid": 737, "ID": "739", "Calle": "13 de Diciembre", "Esquina": "Misiones", "Poste": "Si", "Cartel": "No", "Refugio": "Si" }, "geometry": { "type": "Point", "coordinates": [ -67.50198607, -45.85583984 ] } },
{ "type": "Feature", "properties": { "fid": 738, "ID": "740", "Calle": "13 de Diciembre", "Esquina": "Ingeniero Huergo", "Poste": "Si", "Cartel": "No", "Refugio": "No" }, "geometry": { "type": "Point", "coordinates": [ -67.50199513, -45.85869439 ] } },
{ "type": "Feature", "properties": { "fid": 739, "ID": "741", "Calle": "Ingeniero Huergo", "Esquina": "Alem", "Poste": "No", "Cartel": "No", "Refugio": "No" }, "geometry": { "type": "Point", "coordinates": [ -67.49908756, -45.858962750000011 ] } },
{ "type": "Feature", "properties": { "fid": 740, "ID": "742", "Calle": "Rivadavia", "Esquina": "Mburucuyá", "Poste": "Si", "Cartel": "No", "Refugio": "No" }, "geometry": { "type": "Point", "coordinates": [ -67.51685711, -45.86204066 ] } },
{ "type": "Feature", "properties": { "fid": 741, "ID": "743", "Calle": "Rivadavia", "Esquina": "Los Nogales", "Poste": "No", "Cartel": "No", "Refugio": "No" }, "geometry": { "type": "Point", "coordinates": [ -67.51962725, -45.86202767 ] } },
{ "type": "Feature", "properties": { "fid": 742, "ID": "744", "Calle": "San Martín", "Esquina": "Los Álamos", "Poste": "Si", "Cartel": "No", "Refugio": "No" }, "geometry": { "type": "Point", "coordinates": [ -67.520663, -45.860471 ] } },
{ "type": "Feature", "properties": { "fid": 743, "ID": "745", "Calle": "San Martin", "Esquina": "Las Margaritas", "Poste": "No", "Cartel": "No", "Refugio": "No" }, "geometry": { "type": "Point", "coordinates": [ -67.523598, -45.860374 ] } },
{ "type": "Feature", "properties": { "fid": 744, "ID": "746", "Calle": "San Martin", "Esquina": "Los Claveles", "Poste": "Si", "Cartel": "No", "Refugio": "No" }, "geometry": { "type": "Point", "coordinates": [ -67.52613418, -45.86029485 ] } },
{ "type": "Feature", "properties": { "fid": 745, "ID": "747", "Calle": "San Martin", "Esquina": "Los Pensamientos", "Poste": "Si", "Cartel": "No", "Refugio": "No" }, "geometry": { "type": "Point", "coordinates": [ -67.52818677, -45.860228709999987 ] } },
{ "type": "Feature", "properties": { "fid": 746, "ID": "748", "Calle": "Ingeniero Huergo", "Esquina": "Los Pensamientos", "Poste": "Si", "Cartel": "No", "Refugio": "No" }, "geometry": { "type": "Point", "coordinates": [ -67.52875872, -45.85876992 ] } },
{ "type": "Feature", "properties": { "fid": 747, "ID": "749", "Calle": "Ingeniero Huergo", "Esquina": "Los Perales", "Poste": "Si", "Cartel": "No", "Refugio": "No" }, "geometry": { "type": "Point", "coordinates": [ -67.53235208, -45.85865796 ] } },
{ "type": "Feature", "properties": { "fid": 748, "ID": "750", "Calle": "Ingeniero Huergo", "Esquina": "Los Duraznos", "Poste": "No", "Cartel": "No", "Refugio": "No" }, "geometry": { "type": "Point", "coordinates": [ -67.53437, -45.85831 ] } },
{ "type": "Feature", "properties": { "fid": 749, "ID": "751", "Calle": "Ingeniero Huergo", "Esquina": "Oreste Franzoni", "Poste": "No", "Cartel": "No", "Refugio": "No" }, "geometry": { "type": "Point", "coordinates": [ -67.53634167, -45.85793703 ] } },
{ "type": "Feature", "properties": { "fid": 750, "ID": "752", "Calle": "Ingeniero Huergo", "Esquina": "Glatigni", "Poste": "No", "Cartel": "No", "Refugio": "No" }, "geometry": { "type": "Point", "coordinates": [ -67.53923257, -45.85740735 ] } },
{ "type": "Feature", "properties": { "fid": 751, "ID": "753", "Calle": "Ingeniero Huergo", "Esquina": "Bruno Pieragnoli", "Poste": "No", "Cartel": "No", "Refugio": "No" }, "geometry": { "type": "Point", "coordinates": [ -67.54097726, -45.85706288 ] } },
{ "type": "Feature", "properties": { "fid": 752, "ID": "754", "Calle": "Ingeniero Huergo", "Esquina": "Cafruné", "Poste": "No", "Cartel": "No", "Refugio": "No" }, "geometry": { "type": "Point", "coordinates": [ -67.54330336, -45.85656487 ] } },
{ "type": "Feature", "properties": { "fid": 753, "ID": "755", "Calle": "Ingeniero Huergo", "Esquina": "-", "Poste": "Si", "Cartel": "Si", "Refugio": "Si" }, "geometry": { "type": "Point", "coordinates": [ -67.547091, -45.855802 ] } },
{ "type": "Feature", "properties": { "fid": 754, "ID": "756", "Calle": "Ingeniero Huergo", "Esquina": "Andrés Chazarreta", "Poste": "No", "Cartel": "No", "Refugio": "No" }, "geometry": { "type": "Point", "coordinates": [ -67.546681, -45.856181 ] } },
{ "type": "Feature", "properties": { "fid": 755, "ID": "757", "Calle": "Ingeniero Huergo", "Esquina": "Aníbal Troilo", "Poste": "No", "Cartel": "No", "Refugio": "No" }, "geometry": { "type": "Point", "coordinates": [ -67.54513852, -45.85650714 ] } },
{ "type": "Feature", "properties": { "fid": 756, "ID": "758", "Calle": "Ingeniero Huergo", "Esquina": "Bruno Pieragnoli", "Poste": "No", "Cartel": "No", "Refugio": "Si" }, "geometry": { "type": "Point", "coordinates": [ -67.54242288, -45.85712518 ] } },
{ "type": "Feature", "properties": { "fid": 757, "ID": "759", "Calle": "Ingeniero Huergo", "Esquina": "Glatigni", "Poste": "No", "Cartel": "No", "Refugio": "Si" }, "geometry": { "type": "Point", "coordinates": [ -67.53964305, -45.85744912 ] } },
{ "type": "Feature", "properties": { "fid": 758, "ID": "760", "Calle": "Ingeniero Huergo", "Esquina": "Oreste Franzoni", "Poste": "Si", "Cartel": "No", "Refugio": "Si" }, "geometry": { "type": "Point", "coordinates": [ -67.53680826, -45.85796198 ] } },
{ "type": "Feature", "properties": { "fid": 759, "ID": "761", "Calle": "Ingeniero Huergo", "Esquina": "Los Duraznos", "Poste": "Si", "Cartel": "No", "Refugio": "Si" }, "geometry": { "type": "Point", "coordinates": [ -67.53490836, -45.85835747 ] } },
{ "type": "Feature", "properties": { "fid": 760, "ID": "762", "Calle": "Ingeniero Huergo", "Esquina": "Los Perales", "Poste": "Si", "Cartel": "No", "Refugio": "No" }, "geometry": { "type": "Point", "coordinates": [ -67.5328767, -45.85870936 ] } },
{ "type": "Feature", "properties": { "fid": 761, "ID": "763", "Calle": "Ingeniero Huergo", "Esquina": "Las Violetas", "Poste": "Si", "Cartel": "No", "Refugio": "Si" }, "geometry": { "type": "Point", "coordinates": [ -67.53082258, -45.858847360000013 ] } },
{ "type": "Feature", "properties": { "fid": 762, "ID": "764", "Calle": "Ingeniero Huergo", "Esquina": "Los Pensamientos", "Poste": "Si", "Cartel": "No", "Refugio": "Si" }, "geometry": { "type": "Point", "coordinates": [ -67.52857963, -45.85891434 ] } },
{ "type": "Feature", "properties": { "fid": 763, "ID": "765", "Calle": "Los Pensamientos", "Esquina": "San Martín", "Poste": "No", "Cartel": "No", "Refugio": "Si" }, "geometry": { "type": "Point", "coordinates": [ -67.52854042, -45.860021540000012 ] } },
{ "type": "Feature", "properties": { "fid": 764, "ID": "766", "Calle": "San Martín", "Esquina": "Los Claveles", "Poste": "No", "Cartel": "No", "Refugio": "No" }, "geometry": { "type": "Point", "coordinates": [ -67.52668051, -45.86039369 ] } },
{ "type": "Feature", "properties": { "fid": 765, "ID": "767", "Calle": "San Martín", "Esquina": "Las Margaritas", "Poste": "Si", "Cartel": "No", "Refugio": "No" }, "geometry": { "type": "Point", "coordinates": [ -67.52410658, -45.86047921 ] } },
{ "type": "Feature", "properties": { "fid": 766, "ID": "768", "Calle": "San Martín", "Esquina": "Los Álamos", "Poste": "Si", "Cartel": "No", "Refugio": "Si" }, "geometry": { "type": "Point", "coordinates": [ -67.52123276, -45.86059139 ] } },
{ "type": "Feature", "properties": { "fid": 767, "ID": "769", "Calle": "Rivadavia", "Esquina": "Tabaré", "Poste": "No", "Cartel": "No", "Refugio": "Si" }, "geometry": { "type": "Point", "coordinates": [ -67.52078152, -45.86239521 ] } },
{ "type": "Feature", "properties": { "fid": 768, "ID": "770", "Calle": "Rivadavia", "Esquina": "Juan Moreira", "Poste": "No", "Cartel": "No", "Refugio": "No" }, "geometry": { "type": "Point", "coordinates": [ -67.518809, -45.86241135 ] } },
{ "type": "Feature", "properties": { "fid": 769, "ID": "771", "Calle": "Rivadavia", "Esquina": "Av. John F. Kennedy", "Poste": "No", "Cartel": "No", "Refugio": "No" }, "geometry": { "type": "Point", "coordinates": [ -67.51573476, -45.86244666000001 ] } },
{ "type": "Feature", "properties": { "fid": 770, "ID": "772", "Calle": "Viamonte", "Esquina": "San Martin", "Poste": "Si", "Cartel": "No", "Refugio": "No" }, "geometry": { "type": "Point", "coordinates": [ -67.50027186, -45.8612627 ] } },
{ "type": "Feature", "properties": { "fid": 771, "ID": "773", "Calle": "Viamonte", "Esquina": "Ingeniero Huergo", "Poste": "No", "Cartel": "No", "Refugio": "No" }, "geometry": { "type": "Point", "coordinates": [ -67.50024568, -45.85912304 ] } },
{ "type": "Feature", "properties": { "fid": 772, "ID": "774", "Calle": "Viamonte", "Esquina": "Chaco", "Poste": "Si", "Cartel": "No", "Refugio": "Si" }, "geometry": { "type": "Point", "coordinates": [ -67.50025976, -45.85698633 ] } },
{ "type": "Feature", "properties": { "fid": 773, "ID": "775", "Calle": "Chaco", "Esquina": "Alem", "Poste": "No", "Cartel": "No", "Refugio": "Si" }, "geometry": { "type": "Point", "coordinates": [ -67.49902969, -45.85680115 ] } },
{ "type": "Feature", "properties": { "fid": 774, "ID": "776", "Calle": "Chaco", "Esquina": "Alvear", "Poste": "Si", "Cartel": "No", "Refugio": "Si" }, "geometry": { "type": "Point", "coordinates": [ -67.497461, -45.856773 ] } },
{ "type": "Feature", "properties": { "fid": 775, "ID": "777", "Calle": "Saavedra", "Esquina": "12 de Octubre", "Poste": "Si", "Cartel": "No", "Refugio": "Si" }, "geometry": { "type": "Point", "coordinates": [ -67.49580407, -45.85764006 ] } },
{ "type": "Feature", "properties": { "fid": 776, "ID": "778", "Calle": "Saavedra", "Esquina": "San Martin", "Poste": "Si", "Cartel": "Si", "Refugio": "No" }, "geometry": { "type": "Point", "coordinates": [ -67.49577518, -45.86079488 ] } },
{ "type": "Feature", "properties": { "fid": 777, "ID": "779", "Calle": "Rawson", "Esquina": "Belgrano", "Poste": "Si", "Cartel": "Si", "Refugio": "No" }, "geometry": { "type": "Point", "coordinates": [ -67.48425983, -45.86449267 ] } },
{ "type": "Feature", "properties": { "fid": 778, "ID": "780", "Calle": "Rawson", "Esquina": "Chacabuco", "Poste": "Si", "Cartel": "No", "Refugio": "No" }, "geometry": { "type": "Point", "coordinates": [ -67.490411, -45.86449067 ] } },
{ "type": "Feature", "properties": { "fid": 779, "ID": "781", "Calle": "Rawson", "Esquina": "Alsina", "Poste": "No", "Cartel": "No", "Refugio": "No" }, "geometry": { "type": "Point", "coordinates": [ -67.49354003, -45.86449186 ] } },
{ "type": "Feature", "properties": { "fid": 780, "ID": "782", "Calle": "Saavedra", "Esquina": "Maipú", "Poste": "Si", "Cartel": "No", "Refugio": "No" }, "geometry": { "type": "Point", "coordinates": [ -67.49581502, -45.86651961 ] } },
{ "type": "Feature", "properties": { "fid": 781, "ID": "783", "Calle": "Saavedra", "Esquina": "Bouchardo", "Poste": "Si", "Cartel": "No", "Refugio": "No" }, "geometry": { "type": "Point", "coordinates": [ -67.495804, -45.86865349 ] } },
{ "type": "Feature", "properties": { "fid": 782, "ID": "784", "Calle": "Bouchardo", "Esquina": "Alem", "Poste": "Si", "Cartel": "No", "Refugio": "No" }, "geometry": { "type": "Point", "coordinates": [ -67.49850654, -45.86881064 ] } },
{ "type": "Feature", "properties": { "fid": 783, "ID": "785", "Calle": "Uruguay", "Esquina": "Santiago del Estero", "Poste": "No", "Cartel": "No", "Refugio": "Si" }, "geometry": { "type": "Point", "coordinates": [ -67.50276524, -45.868640420000013 ] } },
{ "type": "Feature", "properties": { "fid": 784, "ID": "786", "Calle": "Salta", "Esquina": "Sargento Cabral", "Poste": "Si", "Cartel": "Si", "Refugio": "Si" }, "geometry": { "type": "Point", "coordinates": [ -67.50411197, -45.86959834 ] } },
{ "type": "Feature", "properties": { "fid": 785, "ID": "787", "Calle": "Sargento Cabral", "Esquina": "Tucuman", "Poste": "No", "Cartel": "No", "Refugio": "No" }, "geometry": { "type": "Point", "coordinates": [ -67.50553803, -45.8689227 ] } },
{ "type": "Feature", "properties": { "fid": 786, "ID": "788", "Calle": "Sargento Cabral", "Esquina": "Mendoza", "Poste": "Si", "Cartel": "No", "Refugio": "No" }, "geometry": { "type": "Point", "coordinates": [ -67.50776975, -45.86762609 ] } },
{ "type": "Feature", "properties": { "fid": 787, "ID": "789", "Calle": "Juan XIII", "Esquina": "10 de Junio (Cementerio)", "Poste": "No", "Cartel": "No", "Refugio": "No" }, "geometry": { "type": "Point", "coordinates": [ -67.51161127, -45.86673107 ] } },
{ "type": "Feature", "properties": { "fid": 788, "ID": "790", "Calle": "Juan XIII", "Esquina": "Isla de los Leones", "Poste": "No", "Cartel": "No", "Refugio": "No" }, "geometry": { "type": "Point", "coordinates": [ -67.51425819, -45.86729621 ] } },
{ "type": "Feature", "properties": { "fid": 789, "ID": "791", "Calle": "Juan XIII", "Esquina": "Quichuas", "Poste": "Si", "Cartel": "No", "Refugio": "Si" }, "geometry": { "type": "Point", "coordinates": [ -67.5171094, -45.86793455 ] } },
{ "type": "Feature", "properties": { "fid": 790, "ID": "792", "Calle": "Juan XIII", "Esquina": "Charruas", "Poste": "Si", "Cartel": "No", "Refugio": "Si" }, "geometry": { "type": "Point", "coordinates": [ -67.5189734, -45.86836116 ] } },
{ "type": "Feature", "properties": { "fid": 791, "ID": "793", "Calle": "Estados Unidos", "Esquina": "John F. Kennedy", "Poste": "No", "Cartel": "No", "Refugio": "Si" }, "geometry": { "type": "Point", "coordinates": [ -67.52201179, -45.86752328 ] } },
{ "type": "Feature", "properties": { "fid": 792, "ID": "794", "Calle": "Estados Unidos", "Esquina": "Obligado", "Poste": "No", "Cartel": "No", "Refugio": "No" }, "geometry": { "type": "Point", "coordinates": [ -67.523534, -45.866499 ] } },
{ "type": "Feature", "properties": { "fid": 793, "ID": "795", "Calle": "Lisandro de la Torre", "Esquina": "Angel Velaz", "Poste": "No", "Cartel": "No", "Refugio": "No" }, "geometry": { "type": "Point", "coordinates": [ -67.52675518, -45.86580593 ] } },
{ "type": "Feature", "properties": { "fid": 794, "ID": "796", "Calle": "Lisandro de la Torre", "Esquina": "Providencia", "Poste": "No", "Cartel": "No", "Refugio": "Si" }, "geometry": { "type": "Point", "coordinates": [ -67.52919017, -45.86765677 ] } },
{ "type": "Feature", "properties": { "fid": 795, "ID": "797", "Calle": "Lisandro de la Torre", "Esquina": "El Patagónico", "Poste": "No", "Cartel": "No", "Refugio": "No" }, "geometry": { "type": "Point", "coordinates": [ -67.530444, -45.86862 ] } },
{ "type": "Feature", "properties": { "fid": 796, "ID": "798", "Calle": "Lisandro de la Torre", "Esquina": "Polonia", "Poste": "No", "Cartel": "No", "Refugio": "No" }, "geometry": { "type": "Point", "coordinates": [ -67.53201504, -45.86982809 ] } },
{ "type": "Feature", "properties": { "fid": 797, "ID": "799", "Calle": "Lisandro de la Torre", "Esquina": "Francisco Behr", "Poste": "Si", "Cartel": "No", "Refugio": "Si" }, "geometry": { "type": "Point", "coordinates": [ -67.53337001, -45.87084832 ] } },
{ "type": "Feature", "properties": { "fid": 798, "ID": "800", "Calle": "Francisco Behr", "Esquina": "Sargento García", "Poste": "No", "Cartel": "No", "Refugio": "No" }, "geometry": { "type": "Point", "coordinates": [ -67.53494925, -45.870082120000014 ] } },
{ "type": "Feature", "properties": { "fid": 799, "ID": "801", "Calle": "Francisco Behr", "Esquina": "Juan Antonio Almonacid", "Poste": "Si", "Cartel": "No", "Refugio": "No" }, "geometry": { "type": "Point", "coordinates": [ -67.53720513, -45.86862242 ] } },
{ "type": "Feature", "properties": { "fid": 800, "ID": "802", "Calle": "Gustavo Bahamonde", "Esquina": "Julio A. Roca", "Poste": "Si", "Cartel": "No", "Refugio": "No" }, "geometry": { "type": "Point", "coordinates": [ -67.539166, -45.86983 ] } },
{ "type": "Feature", "properties": { "fid": 801, "ID": "803", "Calle": "Julio A. Roca", "Esquina": "508", "Poste": "No", "Cartel": "No", "Refugio": "No" }, "geometry": { "type": "Point", "coordinates": [ -67.54110151, -45.8687991 ] } },
{ "type": "Feature", "properties": { "fid": 802, "ID": "804", "Calle": "Julio A. Roca", "Esquina": "10 de Noviembre", "Poste": "No", "Cartel": "No", "Refugio": "No" }, "geometry": { "type": "Point", "coordinates": [ -67.542705, -45.867759 ] } },
{ "type": "Feature", "properties": { "fid": 803, "ID": "805", "Calle": "Carlos O'Donnel", "Esquina": "554", "Poste": "No", "Cartel": "No", "Refugio": "No" }, "geometry": { "type": "Point", "coordinates": [ -67.541146, -45.866438 ] } },
{ "type": "Feature", "properties": { "fid": 804, "ID": "806", "Calle": "Carlos O'Donnel", "Esquina": "Doctor Omar Segura", "Poste": "No", "Cartel": "No", "Refugio": "No" }, "geometry": { "type": "Point", "coordinates": [ -67.54018398, -45.86574324 ] } },
{ "type": "Feature", "properties": { "fid": 808, "ID": "810", "Calle": "Eva Duarte", "Esquina": "Felipe Porcel", "Poste": "No", "Cartel": "No", "Refugio": "No" }, "geometry": { "type": "Point", "coordinates": [ -67.54099153, -45.85758323 ] } },
{ "type": "Feature", "properties": { "fid": 809, "ID": "811", "Calle": "Eva Duarte", "Esquina": "Hugo de Carril", "Poste": "Si", "Cartel": "No", "Refugio": "No" }, "geometry": { "type": "Point", "coordinates": [ -67.53969203, -45.85877355 ] } },
{ "type": "Feature", "properties": { "fid": 810, "ID": "812", "Calle": "Eva Duarte", "Esquina": "Ricardo Balbin", "Poste": "No", "Cartel": "No", "Refugio": "No" }, "geometry": { "type": "Point", "coordinates": [ -67.53843917, -45.85994919 ] } },
{ "type": "Feature", "properties": { "fid": 811, "ID": "813", "Calle": "Eva Duarte", "Esquina": "Hector Campora", "Poste": "No", "Cartel": "No", "Refugio": "No" }, "geometry": { "type": "Point", "coordinates": [ -67.5371837, -45.8611212 ] } },
{ "type": "Feature", "properties": { "fid": 812, "ID": "814", "Calle": "Carlos O'Donell", "Esquina": "Ignacio Rucci", "Poste": "No", "Cartel": "No", "Refugio": "No" }, "geometry": { "type": "Point", "coordinates": [ -67.53677105, -45.86281121 ] } },
{ "type": "Feature", "properties": { "fid": 813, "ID": "815", "Calle": "Carlos O'Donell", "Esquina": "Armando Tejada", "Poste": "No", "Cartel": "No", "Refugio": "No" }, "geometry": { "type": "Point", "coordinates": [ -67.538256, -45.863877 ] } },
{ "type": "Feature", "properties": { "fid": 814, "ID": "816", "Calle": "Caiquén", "Esquina": "Héctor Cámpora", "Poste": "No", "Cartel": "No", "Refugio": "No" }, "geometry": { "type": "Point", "coordinates": [ -67.540081, -45.863357 ] } },
{ "type": "Feature", "properties": { "fid": 816, "ID": "818", "Calle": "Polonia", "Esquina": "Bruno Pieragnoli", "Poste": "No", "Cartel": "No", "Refugio": "Si" }, "geometry": { "type": "Point", "coordinates": [ -67.54502904, -45.86190592 ] } },
{ "type": "Feature", "properties": { "fid": 817, "ID": "819", "Calle": "Polonia", "Esquina": "Ricardo Balbín", "Poste": "Si", "Cartel": "No", "Refugio": "No" }, "geometry": { "type": "Point", "coordinates": [ -67.54321102, -45.86308093 ] } },
{ "type": "Feature", "properties": { "fid": 818, "ID": "820", "Calle": "Polonia", "Esquina": "Carlos O' Donell", "Poste": "Si", "Cartel": "No", "Refugio": "Si" }, "geometry": { "type": "Point", "coordinates": [ -67.54004582, -45.86512884 ] } },
{ "type": "Feature", "properties": { "fid": 819, "ID": "821", "Calle": "Julio A. Roca", "Esquina": "10 de Noviembre", "Poste": "No", "Cartel": "No", "Refugio": "No" }, "geometry": { "type": "Point", "coordinates": [ -67.54313144, -45.86782125 ] } },
{ "type": "Feature", "properties": { "fid": 820, "ID": "822", "Calle": "Julio A. Roca", "Esquina": "Diario La República", "Poste": "Si", "Cartel": "No", "Refugio": "No" }, "geometry": { "type": "Point", "coordinates": [ -67.54107156, -45.86911307 ] } },
{ "type": "Feature", "properties": { "fid": 821, "ID": "823", "Calle": "Diario La República", "Esquina": "Wilfredo Andrade", "Poste": "No", "Cartel": "No", "Refugio": "Si" }, "geometry": { "type": "Point", "coordinates": [ -67.541733, -45.86979 ] } },
{ "type": "Feature", "properties": { "fid": 822, "ID": "824", "Calle": "Calle 829", "Esquina": "Calle 844", "Poste": "Si", "Cartel": "No", "Refugio": "Si" }, "geometry": { "type": "Point", "coordinates": [ -67.541548, -45.871028 ] } },
{ "type": "Feature", "properties": { "fid": 823, "ID": "825", "Calle": "Gustavo Bahamonde", "Esquina": "Julio A. Roca", "Poste": "No", "Cartel": "No", "Refugio": "No" }, "geometry": { "type": "Point", "coordinates": [ -67.53951, -45.870237 ] } },
{ "type": "Feature", "properties": { "fid": 824, "ID": "826", "Calle": "Gustavo Bahamonde", "Esquina": "495", "Poste": "Si", "Cartel": "Si", "Refugio": "Si" }, "geometry": { "type": "Point", "coordinates": [ -67.538264, -45.869236 ] } },
{ "type": "Feature", "properties": { "fid": 825, "ID": "827", "Calle": "Polonia", "Esquina": "Lisandro de la Torre", "Poste": "Si", "Cartel": "No", "Refugio": "Si" }, "geometry": { "type": "Point", "coordinates": [ -67.532481, -45.869975 ] } },
{ "type": "Feature", "properties": { "fid": 826, "ID": "828", "Calle": "Lisandro de la Torre", "Esquina": "El Patagónico", "Poste": "No", "Cartel": "No", "Refugio": "Si" }, "geometry": { "type": "Point", "coordinates": [ -67.53042995, -45.86894379 ] } },
{ "type": "Feature", "properties": { "fid": 827, "ID": "829", "Calle": "Lisandro de la Torre", "Esquina": "Dr. Federicci", "Poste": "No", "Cartel": "No", "Refugio": "No" }, "geometry": { "type": "Point", "coordinates": [ -67.52776137, -45.86694619 ] } },
{ "type": "Feature", "properties": { "fid": 828, "ID": "830", "Calle": "Lisandro de la Torre", "Esquina": "Santa Clara", "Poste": "Si", "Cartel": "No", "Refugio": "Si" }, "geometry": { "type": "Point", "coordinates": [ -67.52633263, -45.86581955 ] } },
{ "type": "Feature", "properties": { "fid": 829, "ID": "831", "Calle": "Estados Unidos", "Esquina": "Magallanes", "Poste": "Si", "Cartel": "No", "Refugio": "Si" }, "geometry": { "type": "Point", "coordinates": [ -67.52448406, -45.86622575 ] } },
{ "type": "Feature", "properties": { "fid": 830, "ID": "832", "Calle": "Estados Unidos", "Esquina": "John F. Kennedy", "Poste": "Si", "Cartel": "No", "Refugio": "Si" }, "geometry": { "type": "Point", "coordinates": [ -67.52152043, -45.86823842 ] } },
{ "type": "Feature", "properties": { "fid": 831, "ID": "833", "Calle": "Juan XIII", "Esquina": "Charruas", "Poste": "No", "Cartel": "No", "Refugio": "Si" }, "geometry": { "type": "Point", "coordinates": [ -67.51920407, -45.86860471 ] } },
{ "type": "Feature", "properties": { "fid": 832, "ID": "834", "Calle": "Juan XIII", "Esquina": "Quichuas", "Poste": "Si", "Cartel": "No", "Refugio": "Si" }, "geometry": { "type": "Point", "coordinates": [ -67.5171698, -45.8681626 ] } },
{ "type": "Feature", "properties": { "fid": 833, "ID": "835", "Calle": "Juan XIII", "Esquina": "Isla de los Leones", "Poste": "Si", "Cartel": "No", "Refugio": "Si" }, "geometry": { "type": "Point", "coordinates": [ -67.51449702, -45.86755517 ] } },
{ "type": "Feature", "properties": { "fid": 834, "ID": "836", "Calle": "Juan XIII", "Esquina": "Soldado Mario Almonacid (Cementerio)", "Poste": "No", "Cartel": "No", "Refugio": "Si" }, "geometry": { "type": "Point", "coordinates": [ -67.51148284, -45.8668872 ] } },
{ "type": "Feature", "properties": { "fid": 835, "ID": "837", "Calle": "Juan XIII", "Esquina": "Islas Malvinas Sur", "Poste": "Si", "Cartel": "Si", "Refugio": "No" }, "geometry": { "type": "Point", "coordinates": [ -67.50905353, -45.86714753 ] } },
{ "type": "Feature", "properties": { "fid": 836, "ID": "838", "Calle": "Sargento Cabral", "Esquina": "Rio Negro", "Poste": "Si", "Cartel": "Si", "Refugio": "Si" }, "geometry": { "type": "Point", "coordinates": [ -67.50749899, -45.86806269 ] } },
{ "type": "Feature", "properties": { "fid": 837, "ID": "839", "Calle": "Sargento Cabral", "Esquina": "Tucuman", "Poste": "Si", "Cartel": "No", "Refugio": "No" }, "geometry": { "type": "Point", "coordinates": [ -67.50607016, -45.8689105 ] } },
{ "type": "Feature", "properties": { "fid": 838, "ID": "840", "Calle": "Sargento Cabral", "Esquina": "Salta", "Poste": "Si", "Cartel": "No", "Refugio": "No" }, "geometry": { "type": "Point", "coordinates": [ -67.50453183, -45.86978345 ] } },
{ "type": "Feature", "properties": { "fid": 840, "ID": "842", "Calle": "Vélez Sársfield", "Esquina": "Alem", "Poste": "No", "Cartel": "No", "Refugio": "No" }, "geometry": { "type": "Point", "coordinates": [ -67.49908821, -45.86782776 ] } },
{ "type": "Feature", "properties": { "fid": 841, "ID": "843", "Calle": "Dorrego", "Esquina": "Alsina", "Poste": "No", "Cartel": "No", "Refugio": "No" }, "geometry": { "type": "Point", "coordinates": [ -67.49461445, -45.86568087 ] } },
{ "type": "Feature", "properties": { "fid": 842, "ID": "844", "Calle": "Dorrego", "Esquina": "Chacabuco", "Poste": "No", "Cartel": "No", "Refugio": "No" }, "geometry": { "type": "Point", "coordinates": [ -67.49099633, -45.86566919 ] } },
{ "type": "Feature", "properties": { "fid": 843, "ID": "845", "Calle": "Dorrego", "Esquina": "España", "Poste": "No", "Cartel": "No", "Refugio": "No" }, "geometry": { "type": "Point", "coordinates": [ -67.48623769, -45.8657054 ] } },
{ "type": "Feature", "properties": { "fid": 844, "ID": "846", "Calle": "Almirante Brown", "Esquina": "Mitre", "Poste": "No", "Cartel": "No", "Refugio": "No" }, "geometry": { "type": "Point", "coordinates": [ -67.48326423, -45.86488104 ] } },
{ "type": "Feature", "properties": { "fid": 845, "ID": "847", "Calle": "Rivadavia", "Esquina": "Los Pensamientos", "Poste": "No", "Cartel": "No", "Refugio": "No" }, "geometry": { "type": "Point", "coordinates": [ -67.52895142, -45.86190811 ] } },
{ "type": "Feature", "properties": { "fid": 846, "ID": "848", "Calle": "Estados Unidos", "Esquina": "Santa Rosa", "Poste": "No", "Cartel": "No", "Refugio": "Si" }, "geometry": { "type": "Point", "coordinates": [ -67.52956093, -45.8629832 ] } },
{ "type": "Feature", "properties": { "fid": 847, "ID": "849", "Calle": "Estados Unidos", "Esquina": "Av. 10 de Noviembre", "Poste": "No", "Cartel": "No", "Refugio": "No" }, "geometry": { "type": "Point", "coordinates": [ -67.52780798, -45.86409522 ] } },
{ "type": "Feature", "properties": { "fid": 848, "ID": "850", "Calle": "10 de Noviembre", "Esquina": "Angel Velaz", "Poste": "No", "Cartel": "No", "Refugio": "No" }, "geometry": { "type": "Point", "coordinates": [ -67.52894481, -45.86450701 ] } },
{ "type": "Feature", "properties": { "fid": 849, "ID": "851", "Calle": "10 de Noviembre", "Esquina": "San Cayetano", "Poste": "No", "Cartel": "No", "Refugio": "Si" }, "geometry": { "type": "Point", "coordinates": [ -67.53187737, -45.86508109 ] } },
{ "type": "Feature", "properties": { "fid": 850, "ID": "852", "Calle": "10 de Noviembre", "Esquina": "Andres Minoli", "Poste": "No", "Cartel": "No", "Refugio": "No" }, "geometry": { "type": "Point", "coordinates": [ -67.5347185, -45.86566028 ] } },
{ "type": "Feature", "properties": { "fid": 851, "ID": "853", "Calle": "10 de Noviembre", "Esquina": "506", "Poste": "No", "Cartel": "No", "Refugio": "No" }, "geometry": { "type": "Point", "coordinates": [ -67.536258, -45.865981 ] } },
{ "type": "Feature", "properties": { "fid": 852, "ID": "854", "Calle": "Polonia", "Esquina": "Diario La República", "Poste": "Si", "Cartel": "No", "Refugio": "Si" }, "geometry": { "type": "Point", "coordinates": [ -67.53690362, -45.86717685 ] } },
{ "type": "Feature", "properties": { "fid": 853, "ID": "855", "Calle": "Gustavo Bahamonde", "Esquina": "844", "Poste": "No", "Cartel": "No", "Refugio": "No" }, "geometry": { "type": "Point", "coordinates": [ -67.54066, -45.870996 ] } },
{ "type": "Feature", "properties": { "fid": 854, "ID": "856", "Calle": "Gustavo Bahamonde", "Esquina": "Monseñor Nevares", "Poste": "No", "Cartel": "No", "Refugio": "No" }, "geometry": { "type": "Point", "coordinates": [ -67.54171401, -45.87209471 ] } },
{ "type": "Feature", "properties": { "fid": 855, "ID": "857", "Calle": "Calle 829", "Esquina": "Calle 848", "Poste": "No", "Cartel": "No", "Refugio": "No" }, "geometry": { "type": "Point", "coordinates": [ -67.54154628, -45.87058316 ] } },
{ "type": "Feature", "properties": { "fid": 856, "ID": "858", "Calle": "Diario La República", "Esquina": "Julio A. Roca", "Poste": "No", "Cartel": "No", "Refugio": "No" }, "geometry": { "type": "Point", "coordinates": [ -67.5409825, -45.86937811 ] } },
{ "type": "Feature", "properties": { "fid": 857, "ID": "859", "Calle": "10 de Noviembre", "Esquina": "Julio A. Roca", "Poste": "No", "Cartel": "No", "Refugio": "No" }, "geometry": { "type": "Point", "coordinates": [ -67.544139, -45.867535 ] } },
{ "type": "Feature", "properties": { "fid": 858, "ID": "860", "Calle": "Calle 821", "Esquina": "Calle 823", "Poste": "No", "Cartel": "No", "Refugio": "No" }, "geometry": { "type": "Point", "coordinates": [ -67.544767, -45.866778 ] } },
{ "type": "Feature", "properties": { "fid": 859, "ID": "861", "Calle": "Ricardo Balbin", "Esquina": "650", "Poste": "No", "Cartel": "No", "Refugio": "No" }, "geometry": { "type": "Point", "coordinates": [ -67.54598325, -45.86551115000001 ] } },
{ "type": "Feature", "properties": { "fid": 860, "ID": "862", "Calle": "Ricardo Balbin", "Esquina": "Lorenzo Rey", "Poste": "No", "Cartel": "No", "Refugio": "No" }, "geometry": { "type": "Point", "coordinates": [ -67.54402674, -45.86404409 ] } },
{ "type": "Feature", "properties": { "fid": 861, "ID": "863", "Calle": "Juan Luckiewics", "Esquina": "Mahuida", "Poste": "Si", "Cartel": "No", "Refugio": "No" }, "geometry": { "type": "Point", "coordinates": [ -67.54961915, -45.85821203 ] } },
{ "type": "Feature", "properties": { "fid": 862, "ID": "864", "Calle": "Juan Luckiewics", "Esquina": "Luis Sandrini", "Poste": "Si", "Cartel": "No", "Refugio": "No" }, "geometry": { "type": "Point", "coordinates": [ -67.54869028, -45.85664331 ] } },
{ "type": "Feature", "properties": { "fid": 863, "ID": "865", "Calle": "Juan Luckiewics", "Esquina": "Mahuida", "Poste": "No", "Cartel": "No", "Refugio": "No" }, "geometry": { "type": "Point", "coordinates": [ -67.549586, -45.857933 ] } },
{ "type": "Feature", "properties": { "fid": 864, "ID": "866", "Calle": "Polonia", "Esquina": "Natalia Payaguala", "Poste": "No", "Cartel": "No", "Refugio": "Si" }, "geometry": { "type": "Point", "coordinates": [ -67.548984, -45.85936 ] } },
{ "type": "Feature", "properties": { "fid": 865, "ID": "867", "Calle": "Polonia", "Esquina": "Cospi", "Poste": "Si", "Cartel": "No", "Refugio": "No" }, "geometry": { "type": "Point", "coordinates": [ -67.54763098, -45.86020554 ] } },
{ "type": "Feature", "properties": { "fid": 866, "ID": "868", "Calle": "Ricardo Balbin", "Esquina": "Lorenzo Rey", "Poste": "Si", "Cartel": "No", "Refugio": "Si" }, "geometry": { "type": "Point", "coordinates": [ -67.54388253, -45.863742990000013 ] } },
{ "type": "Feature", "properties": { "fid": 867, "ID": "869", "Calle": "Ricardo Balbin", "Esquina": "650", "Poste": "No", "Cartel": "No", "Refugio": "No" }, "geometry": { "type": "Point", "coordinates": [ -67.545001529039041, -45.864714020888549 ] } },
{ "type": "Feature", "properties": { "fid": 868, "ID": "870", "Calle": "Ricardo Balbin", "Esquina": "557", "Poste": "Si", "Cartel": "No", "Refugio": "No" }, "geometry": { "type": "Point", "coordinates": [ -67.54644373, -45.86563435 ] } },
{ "type": "Feature", "properties": { "fid": 869, "ID": "871", "Calle": "Calle 651", "Esquina": "Calle 821", "Poste": "No", "Cartel": "No", "Refugio": "No" }, "geometry": { "type": "Point", "coordinates": [ -67.54520672, -45.86607873 ] } },
{ "type": "Feature", "properties": { "fid": 870, "ID": "872", "Calle": "Calle 821", "Esquina": "Av. 10 de Noviembre", "Poste": "Si", "Cartel": "No", "Refugio": "Si" }, "geometry": { "type": "Point", "coordinates": [ -67.54472702, -45.8675158 ] } },
{ "type": "Feature", "properties": { "fid": 871, "ID": "873", "Calle": "Miguel Amado", "Esquina": "Monseñor Jaime de Nevares", "Poste": "No", "Cartel": "No", "Refugio": "No" }, "geometry": { "type": "Point", "coordinates": [ -67.542791, -45.871579 ] } },
{ "type": "Feature", "properties": { "fid": 872, "ID": "874", "Calle": "Monseñor Jaime de Nevares", "Esquina": "Gustavo Bahamonde", "Poste": "Si", "Cartel": "No", "Refugio": "No" }, "geometry": { "type": "Point", "coordinates": [ -67.541911, -45.872192 ] } },
{ "type": "Feature", "properties": { "fid": 873, "ID": "875", "Calle": "Marinero Jorge López", "Esquina": "José Ortega", "Poste": "No", "Cartel": "No", "Refugio": "No" }, "geometry": { "type": "Point", "coordinates": [ -67.53957096, -45.87214868 ] } },
{ "type": "Feature", "properties": { "fid": 874, "ID": "876", "Calle": "Marinero Jorge Lopez", "Esquina": "Julio A. Roca", "Poste": "No", "Cartel": "No", "Refugio": "No" }, "geometry": { "type": "Point", "coordinates": [ -67.53820816, -45.8711251 ] } },
{ "type": "Feature", "properties": { "fid": 875, "ID": "877", "Calle": "Doctor Andino Cayeli", "Esquina": "Gustavo Bahamonde", "Poste": "No", "Cartel": "No", "Refugio": "No" }, "geometry": { "type": "Point", "coordinates": [ -67.53789262, -45.8690754 ] } },
{ "type": "Feature", "properties": { "fid": 876, "ID": "878", "Calle": "10 de Noviembre", "Esquina": "Polonia", "Poste": "No", "Cartel": "No", "Refugio": "No" }, "geometry": { "type": "Point", "coordinates": [ -67.538045, -45.866656 ] } },
{ "type": "Feature", "properties": { "fid": 877, "ID": "879", "Calle": "10 de Noviembre", "Esquina": "Andres Minoli", "Poste": "Si", "Cartel": "No", "Refugio": "Si" }, "geometry": { "type": "Point", "coordinates": [ -67.53516916, -45.865881709999989 ] } },
{ "type": "Feature", "properties": { "fid": 878, "ID": "880", "Calle": "10 de Noviembre", "Esquina": "San Cayetano", "Poste": "No", "Cartel": "No", "Refugio": "Si" }, "geometry": { "type": "Point", "coordinates": [ -67.53175968, -45.8652011 ] } },
{ "type": "Feature", "properties": { "fid": 879, "ID": "881", "Calle": "10 de Noviembre", "Esquina": "Angel Velaz", "Poste": "Si", "Cartel": "No", "Refugio": "No" }, "geometry": { "type": "Point", "coordinates": [ -67.52922879, -45.86469163 ] } },
{ "type": "Feature", "properties": { "fid": 880, "ID": "882", "Calle": "10 de Noviembre", "Esquina": "Estados Unidos", "Poste": "No", "Cartel": "No", "Refugio": "Si" }, "geometry": { "type": "Point", "coordinates": [ -67.52755344, -45.86438445 ] } },
{ "type": "Feature", "properties": { "fid": 881, "ID": "883", "Calle": "Estados Unidos", "Esquina": "Rivadavia", "Poste": "Si", "Cartel": "No", "Refugio": "No" }, "geometry": { "type": "Point", "coordinates": [ -67.5299311, -45.86244909 ] } },
{ "type": "Feature", "properties": { "fid": 882, "ID": "884", "Calle": "Rivadavia", "Esquina": "Capitán Giachino", "Poste": "No", "Cartel": "No", "Refugio": "No" }, "geometry": { "type": "Point", "coordinates": [ -67.52691306, -45.8623045 ] } },
{ "type": "Feature", "properties": { "fid": 883, "ID": "885", "Calle": "Rivadavia", "Esquina": "10 de Noviembre", "Poste": "Si", "Cartel": "No", "Refugio": "No" }, "geometry": { "type": "Point", "coordinates": [ -67.52310265, -45.86235095 ] } },
{ "type": "Feature", "properties": { "fid": 884, "ID": "886", "Calle": "Hipólito Yrigoyen", "Esquina": "Marcos Soto", "Poste": "Si", "Cartel": "No", "Refugio": "Si" }, "geometry": { "type": "Point", "coordinates": [ -67.506686, -45.877917 ] } },
{ "type": "Feature", "properties": { "fid": 885, "ID": "887", "Calle": "Hipólito Yrigoyen", "Esquina": "Polonia", "Poste": "Si", "Cartel": "No", "Refugio": "Si" }, "geometry": { "type": "Point", "coordinates": [ -67.51335758, -45.88113555 ] } },
{ "type": "Feature", "properties": { "fid": 886, "ID": "888", "Calle": "Hipólito Yrigoyen", "Esquina": "Gobernador Galina", "Poste": "No", "Cartel": "No", "Refugio": "No" }, "geometry": { "type": "Point", "coordinates": [ -67.51602, -45.882981 ] } },
{ "type": "Feature", "properties": { "fid": 887, "ID": "889", "Calle": "Hipólito Yrigoyen", "Esquina": "Julio A. Roca", "Poste": "Si", "Cartel": "No", "Refugio": "No" }, "geometry": { "type": "Point", "coordinates": [ -67.51776685, -45.88422937 ] } },
{ "type": "Feature", "properties": { "fid": 888, "ID": "890", "Calle": "Hipólito Yrigoyen", "Esquina": "Salvador Berardi", "Poste": "Si", "Cartel": "No", "Refugio": "No" }, "geometry": { "type": "Point", "coordinates": [ -67.52052875, -45.88558635 ] } },
{ "type": "Feature", "properties": { "fid": 889, "ID": "891", "Calle": "Hipólito Yrigoyen", "Esquina": "Sebastián Peral", "Poste": "No", "Cartel": "No", "Refugio": "No" }, "geometry": { "type": "Point", "coordinates": [ -67.523157, -45.886373 ] } },
{ "type": "Feature", "properties": { "fid": 890, "ID": "892", "Calle": "Hipólito Yrigoyen", "Esquina": "Roque González", "Poste": "Si", "Cartel": "No", "Refugio": "No" }, "geometry": { "type": "Point", "coordinates": [ -67.52619506, -45.88742399 ] } },
{ "type": "Feature", "properties": { "fid": 891, "ID": "893", "Calle": "Hipólito Yrigoyen", "Esquina": "Santos Aroyabé", "Poste": "No", "Cartel": "No", "Refugio": "No" }, "geometry": { "type": "Point", "coordinates": [ -67.529348, -45.888464 ] } },
{ "type": "Feature", "properties": { "fid": 892, "ID": "894", "Calle": "Hipólito Yrigoyen", "Esquina": "Av. Constituyentes", "Poste": "Si", "Cartel": "No", "Refugio": "Si" }, "geometry": { "type": "Point", "coordinates": [ -67.5315429, -45.88932716 ] } },
{ "type": "Feature", "properties": { "fid": 893, "ID": "895", "Calle": "Hipólito Yrigoyen", "Esquina": "Carlos Kirn", "Poste": "No", "Cartel": "No", "Refugio": "No" }, "geometry": { "type": "Point", "coordinates": [ -67.53710433, -45.89300669 ] } },
{ "type": "Feature", "properties": { "fid": 894, "ID": "896", "Calle": "Hipólito Yrigoyen", "Esquina": "Juan Vueguen", "Poste": "No", "Cartel": "No", "Refugio": "No" }, "geometry": { "type": "Point", "coordinates": [ -67.54162105, -45.89605577 ] } },
{ "type": "Feature", "properties": { "fid": 895, "ID": "897", "Calle": "Hipólito Yrigoyen", "Esquina": "Tirso López", "Poste": "No", "Cartel": "No", "Refugio": "Si" }, "geometry": { "type": "Point", "coordinates": [ -67.54446919, -45.89793274 ] } },
{ "type": "Feature", "properties": { "fid": 896, "ID": "898", "Calle": "Hipólito Yrigoyen", "Esquina": "Rogelio Riera", "Poste": "Si", "Cartel": "No", "Refugio": "No" }, "geometry": { "type": "Point", "coordinates": [ -67.55568612, -45.90130667 ] } },
{ "type": "Feature", "properties": { "fid": 897, "ID": "899", "Calle": "Hipólito Yrigoyen", "Esquina": "Martín Venter", "Poste": "No", "Cartel": "No", "Refugio": "No" }, "geometry": { "type": "Point", "coordinates": [ -67.56060523, -45.90258288 ] } },
{ "type": "Feature", "properties": { "fid": 898, "ID": "900", "Calle": "Hipólito Yrigoyen", "Esquina": "Juan Pessolano", "Poste": "No", "Cartel": "No", "Refugio": "No" }, "geometry": { "type": "Point", "coordinates": [ -67.56646626, -45.90281137 ] } },
{ "type": "Feature", "properties": { "fid": 899, "ID": "901", "Calle": "Nicolás Esandi", "Esquina": "Antonio Corrales", "Poste": "No", "Cartel": "No", "Refugio": "Si" }, "geometry": { "type": "Point", "coordinates": [ -67.60867527, -45.90072427 ] } },
{ "type": "Feature", "properties": { "fid": 900, "ID": "902", "Calle": "Antonio Berni", "Esquina": "Luis Blanco", "Poste": "No", "Cartel": "No", "Refugio": "No" }, "geometry": { "type": "Point", "coordinates": [ -67.60829869, -45.89999257 ] } },
{ "type": "Feature", "properties": { "fid": 901, "ID": "903", "Calle": "Hipólito Yrigoyen", "Esquina": "Juan Pessolano", "Poste": "No", "Cartel": "Si", "Refugio": "Si" }, "geometry": { "type": "Point", "coordinates": [ -67.56743269, -45.90318052 ] } },
{ "type": "Feature", "properties": { "fid": 902, "ID": "904", "Calle": "Hipólito Yrigoyen", "Esquina": "-", "Poste": "No", "Cartel": "No", "Refugio": "No" }, "geometry": { "type": "Point", "coordinates": [ -67.560938, -45.903066 ] } },
{ "type": "Feature", "properties": { "fid": 903, "ID": "905", "Calle": "Hipólito Yrigoyen", "Esquina": "Rogelio Riera", "Poste": "No", "Cartel": "No", "Refugio": "No" }, "geometry": { "type": "Point", "coordinates": [ -67.55442264, -45.901351289999987 ] } },
{ "type": "Feature", "properties": { "fid": 904, "ID": "906", "Calle": "Hipólito Yrigoyen", "Esquina": "Calle 980", "Poste": "No", "Cartel": "No", "Refugio": "No" }, "geometry": { "type": "Point", "coordinates": [ -67.550272, -45.900308 ] } },
{ "type": "Feature", "properties": { "fid": 905, "ID": "907", "Calle": "Hipólito Yrigoyen", "Esquina": "Jacinto Garat", "Poste": "No", "Cartel": "No", "Refugio": "No" }, "geometry": { "type": "Point", "coordinates": [ -67.5439873, -45.89816687 ] } },
{ "type": "Feature", "properties": { "fid": 906, "ID": "908", "Calle": "Hipólito Yrigoyen", "Esquina": "Andrés Sañudo", "Poste": "No", "Cartel": "No", "Refugio": "No" }, "geometry": { "type": "Point", "coordinates": [ -67.54020256, -45.89557627 ] } },
{ "type": "Feature", "properties": { "fid": 907, "ID": "909", "Calle": "Hipólito Yrigoyen", "Esquina": "Francisco Salso", "Poste": "No", "Cartel": "No", "Refugio": "No" }, "geometry": { "type": "Point", "coordinates": [ -67.53762843, -45.89369235 ] } },
{ "type": "Feature", "properties": { "fid": 908, "ID": "910", "Calle": "Hipólito Yrigoyen", "Esquina": "Juan Plate", "Poste": "No", "Cartel": "No", "Refugio": "No" }, "geometry": { "type": "Point", "coordinates": [ -67.53329113, -45.89080227 ] } },
{ "type": "Feature", "properties": { "fid": 909, "ID": "911", "Calle": "Hipólito Yrigoyen", "Esquina": "Guillermo Leguizamon", "Poste": "Si", "Cartel": "No", "Refugio": "Si" }, "geometry": { "type": "Point", "coordinates": [ -67.53039251, -45.88922029 ] } },
{ "type": "Feature", "properties": { "fid": 910, "ID": "912", "Calle": "Hipólito Yrigoyen", "Esquina": "Enrique Corcoy", "Poste": "Si", "Cartel": "No", "Refugio": "Si" }, "geometry": { "type": "Point", "coordinates": [ -67.527875, -45.888345 ] } },
{ "type": "Feature", "properties": { "fid": 911, "ID": "913", "Calle": "Hipólito Yrigoyen", "Esquina": "Nicolás Mora", "Poste": "Si", "Cartel": "No", "Refugio": "No" }, "geometry": { "type": "Point", "coordinates": [ -67.52521345, -45.88753709 ] } },
{ "type": "Feature", "properties": { "fid": 912, "ID": "914", "Calle": "Hipólito Yrigoyen", "Esquina": "Ignacio Gatica", "Poste": "No", "Cartel": "No", "Refugio": "Si" }, "geometry": { "type": "Point", "coordinates": [ -67.52360956, -45.88700325 ] } },
{ "type": "Feature", "properties": { "fid": 913, "ID": "915", "Calle": "Hipólito Yrigoyen", "Esquina": "Lorenzo Gastaldi", "Poste": "Si", "Cartel": "No", "Refugio": "No" }, "geometry": { "type": "Point", "coordinates": [ -67.52069019, -45.88604053 ] } },
{ "type": "Feature", "properties": { "fid": 914, "ID": "916", "Calle": "Hipólito Yrigoyen", "Esquina": "Alberto Blanc", "Poste": "Si", "Cartel": "No", "Refugio": "No" }, "geometry": { "type": "Point", "coordinates": [ -67.51715635, -45.884363269999987 ] } },
{ "type": "Feature", "properties": { "fid": 915, "ID": "917", "Calle": "Hipólito Yrigoyen", "Esquina": "Fortunato Carante", "Poste": "Si", "Cartel": "No", "Refugio": "No" }, "geometry": { "type": "Point", "coordinates": [ -67.51252427, -45.88127893 ] } },
{ "type": "Feature", "properties": { "fid": 916, "ID": "918", "Calle": "Hipólito Yrigoyen", "Esquina": "José Álvarez", "Poste": "Si", "Cartel": "No", "Refugio": "No" }, "geometry": { "type": "Point", "coordinates": [ -67.50827504, -45.87909414 ] } },
{ "type": "Feature", "properties": { "fid": 917, "ID": "919", "Calle": "Hipólito Yrigoyen", "Esquina": "Julio Ladyocat", "Poste": "Si", "Cartel": "No", "Refugio": "No" }, "geometry": { "type": "Point", "coordinates": [ -67.50425212, -45.8773226 ] } },
{ "type": "Feature", "properties": { "fid": 918, "ID": "920", "Calle": "Ani Grané", "Esquina": "Bahía Bustamante", "Poste": "No", "Cartel": "No", "Refugio": "Si" }, "geometry": { "type": "Point", "coordinates": [ -67.487392, -45.868951 ] } },
{ "type": "Feature", "properties": { "fid": 919, "ID": "921", "Calle": "Ferrocarril Patagónico", "Esquina": "Ricardo Gutierrez", "Poste": "No", "Cartel": "No", "Refugio": "No" }, "geometry": { "type": "Point", "coordinates": [ -67.454125, -45.813963 ] } },
{ "type": "Feature", "properties": { "fid": 920, "ID": "922", "Calle": "Ferrocarril Roca", "Esquina": "Ferrocarril Patagonico", "Poste": "No", "Cartel": "No", "Refugio": "No" }, "geometry": { "type": "Point", "coordinates": [ -67.45239726, -45.81504713 ] } },
{ "type": "Feature", "properties": { "fid": 921, "ID": "923", "Calle": "Margarita Galetto de Abad", "Esquina": "-", "Poste": "No", "Cartel": "No", "Refugio": "No" }, "geometry": { "type": "Point", "coordinates": [ -67.45071483, -45.81486783 ] } },
{ "type": "Feature", "properties": { "fid": 922, "ID": "924", "Calle": "Margarita Galetto de Abad", "Esquina": "-", "Poste": "No", "Cartel": "No", "Refugio": "Si" }, "geometry": { "type": "Point", "coordinates": [ -67.44904161, -45.81542919 ] } },
{ "type": "Feature", "properties": { "fid": 923, "ID": "925", "Calle": "Margarita Galetto de Abad", "Esquina": "José Barceló", "Poste": "No", "Cartel": "No", "Refugio": "No" }, "geometry": { "type": "Point", "coordinates": [ -67.446429, -45.815087 ] } },
{ "type": "Feature", "properties": { "fid": 924, "ID": "926", "Calle": "Calle 1590", "Esquina": "Reconquista", "Poste": "No", "Cartel": "No", "Refugio": "No" }, "geometry": { "type": "Point", "coordinates": [ -67.44458916, -45.8138036 ] } },
{ "type": "Feature", "properties": { "fid": 925, "ID": "927", "Calle": "Reconquista", "Esquina": "-", "Poste": "No", "Cartel": "No", "Refugio": "Si" }, "geometry": { "type": "Point", "coordinates": [ -67.44141524, -45.81433252 ] } },
{ "type": "Feature", "properties": { "fid": 926, "ID": "928", "Calle": "Reconquista", "Esquina": "-", "Poste": "No", "Cartel": "No", "Refugio": "Si" }, "geometry": { "type": "Point", "coordinates": [ -67.44368294, -45.81387236 ] } },
{ "type": "Feature", "properties": { "fid": 927, "ID": "929", "Calle": "Reconquista", "Esquina": "-", "Poste": "No", "Cartel": "No", "Refugio": "No" }, "geometry": { "type": "Point", "coordinates": [ -67.44720317, -45.81240626 ] } },
{ "type": "Feature", "properties": { "fid": 928, "ID": "930", "Calle": "Calle 1641", "Esquina": "1646", "Poste": "No", "Cartel": "No", "Refugio": "Si" }, "geometry": { "type": "Point", "coordinates": [ -67.4499271, -45.81015774 ] } },
{ "type": "Feature", "properties": { "fid": 929, "ID": "931", "Calle": "Los Patagónicos", "Esquina": "José Cambareri", "Poste": "No", "Cartel": "No", "Refugio": "No" }, "geometry": { "type": "Point", "coordinates": [ -67.454531, -45.808363 ] } },
{ "type": "Feature", "properties": { "fid": 930, "ID": "932", "Calle": "José Cambareri", "Esquina": "Juan García Marcet", "Poste": "No", "Cartel": "No", "Refugio": "No" }, "geometry": { "type": "Point", "coordinates": [ -67.45583628, -45.80761506 ] } },
{ "type": "Feature", "properties": { "fid": 931, "ID": "933", "Calle": "Juan García Marcet", "Esquina": "Los Boyeros", "Poste": "No", "Cartel": "No", "Refugio": "No" }, "geometry": { "type": "Point", "coordinates": [ -67.457105, -45.80835 ] } },
{ "type": "Feature", "properties": { "fid": 932, "ID": "934", "Calle": "Baldomero Terraza", "Esquina": "Humphreys", "Poste": "No", "Cartel": "No", "Refugio": "Si" }, "geometry": { "type": "Point", "coordinates": [ -67.45829709, -45.80874969 ] } },
{ "type": "Feature", "properties": { "fid": 933, "ID": "935", "Calle": "Baldomero Terraza", "Esquina": "Los Petroleros", "Poste": "No", "Cartel": "No", "Refugio": "No" }, "geometry": { "type": "Point", "coordinates": [ -67.459588, -45.808369 ] } },
{ "type": "Feature", "properties": { "fid": 934, "ID": "936", "Calle": "Juan Zabalo", "Esquina": "Ferroviarios", "Poste": "No", "Cartel": "No", "Refugio": "Si" }, "geometry": { "type": "Point", "coordinates": [ -67.46085826, -45.80754279 ] } },
{ "type": "Feature", "properties": { "fid": 935, "ID": "937", "Calle": "Juan Zabalo", "Esquina": "Los Sargentos", "Poste": "No", "Cartel": "No", "Refugio": "No" }, "geometry": { "type": "Point", "coordinates": [ -67.462524, -45.807628 ] } },
{ "type": "Feature", "properties": { "fid": 936, "ID": "938", "Calle": "Los Sargentos", "Esquina": "Pedro Granzón", "Poste": "No", "Cartel": "No", "Refugio": "No" }, "geometry": { "type": "Point", "coordinates": [ -67.463286, -45.80682 ] } },
{ "type": "Feature", "properties": { "fid": 937, "ID": "939", "Calle": "Baldomero Terraza", "Esquina": "Los Sargentos", "Poste": "No", "Cartel": "No", "Refugio": "No" }, "geometry": { "type": "Point", "coordinates": [ -67.4624704, -45.808454620000013 ] } },
{ "type": "Feature", "properties": { "fid": 938, "ID": "940", "Calle": "Soldado Argentino", "Esquina": "Félix Sanfedele", "Poste": "No", "Cartel": "No", "Refugio": "Si" }, "geometry": { "type": "Point", "coordinates": [ -67.46140075, -45.80970726 ] } },
{ "type": "Feature", "properties": { "fid": 939, "ID": "941", "Calle": "José Ingenieros", "Esquina": "Avenida del Parque", "Poste": "No", "Cartel": "No", "Refugio": "No" }, "geometry": { "type": "Point", "coordinates": [ -67.455537, -45.810549 ] } },
{ "type": "Feature", "properties": { "fid": 940, "ID": "942", "Calle": "Ruta Nacional Nº 3", "Esquina": "Calle 1159", "Poste": "No", "Cartel": "No", "Refugio": "No" }, "geometry": { "type": "Point", "coordinates": [ -67.47702623, -45.85094257 ] } },
{ "type": "Feature", "properties": { "fid": 941, "ID": "943", "Calle": "Sarmiento", "Esquina": "Pellegrini", "Poste": "Si", "Cartel": "Si", "Refugio": "No" }, "geometry": { "type": "Point", "coordinates": [ -67.47965277, -45.859876150000012 ] } },
{ "type": "Feature", "properties": { "fid": 944, "ID": "946", "Calle": "13 de Diciembre", "Esquina": "Uruguay", "Poste": "No", "Cartel": "No", "Refugio": "No" }, "geometry": { "type": "Point", "coordinates": [ -67.502027, -45.868322 ] } },
{ "type": "Feature", "properties": { "fid": 945, "ID": "947", "Calle": "13 de Diciembre", "Esquina": "Aristóbulo del Valle", "Poste": "No", "Cartel": "No", "Refugio": "No" }, "geometry": { "type": "Point", "coordinates": [ -67.50202608, -45.86979432 ] } },
{ "type": "Feature", "properties": { "fid": 948, "ID": "950", "Calle": "Monseñor de Andrea", "Esquina": "Estados Árabes", "Poste": "No", "Cartel": "No", "Refugio": "No" }, "geometry": { "type": "Point", "coordinates": [ -67.50850371, -45.87686708 ] } },
{ "type": "Feature", "properties": { "fid": 949, "ID": "951", "Calle": "José Dalle Mura", "Esquina": "Antonio Cañal", "Poste": "No", "Cartel": "No", "Refugio": "No" }, "geometry": { "type": "Point", "coordinates": [ -67.508565, -45.880383 ] } },
{ "type": "Feature", "properties": { "fid": 950, "ID": "952", "Calle": "Alfredo Llames", "Esquina": "Dalle Mura", "Poste": "Si", "Cartel": "Si", "Refugio": "No" }, "geometry": { "type": "Point", "coordinates": [ -67.50679144, -45.88203904 ] } },
{ "type": "Feature", "properties": { "fid": 951, "ID": "953", "Calle": "Eustaquio Molina", "Esquina": "Fortunato Carante", "Poste": "No", "Cartel": "No", "Refugio": "No" }, "geometry": { "type": "Point", "coordinates": [ -67.50850111, -45.88410929 ] } },
{ "type": "Feature", "properties": { "fid": 952, "ID": "954", "Calle": "Eustaquio Molina", "Esquina": "Jose Pinedo", "Poste": "No", "Cartel": "No", "Refugio": "No" }, "geometry": { "type": "Point", "coordinates": [ -67.51011152, -45.88637034 ] } },
{ "type": "Feature", "properties": { "fid": 953, "ID": "955", "Calle": "Eustaquio Molina", "Esquina": "Alberto Blanc", "Poste": "No", "Cartel": "No", "Refugio": "No" }, "geometry": { "type": "Point", "coordinates": [ -67.511133, -45.887803 ] } },
{ "type": "Feature", "properties": { "fid": 954, "ID": "956", "Calle": "Eustaquio Molina", "Esquina": "Benito Grillo", "Poste": "No", "Cartel": "No", "Refugio": "No" }, "geometry": { "type": "Point", "coordinates": [ -67.512083, -45.889766 ] } },
{ "type": "Feature", "properties": { "fid": 955, "ID": "957", "Calle": "Calle 540", "Esquina": "Juan Domingo Perón", "Poste": "No", "Cartel": "No", "Refugio": "Si" }, "geometry": { "type": "Point", "coordinates": [ -67.51470337, -45.893280870000012 ] } },
{ "type": "Feature", "properties": { "fid": 957, "ID": "959", "Calle": "Dalmacio Miranda", "Esquina": "Ignacio Gatica", "Poste": "No", "Cartel": "No", "Refugio": "Si" }, "geometry": { "type": "Point", "coordinates": [ -67.51792336, -45.89398552 ] } },
{ "type": "Feature", "properties": { "fid": 958, "ID": "960", "Calle": "Presidente Ramón Castillo", "Esquina": "837", "Poste": "Si", "Cartel": "No", "Refugio": "No" }, "geometry": { "type": "Point", "coordinates": [ -67.51894341, -45.8948457 ] } },
{ "type": "Feature", "properties": { "fid": 959, "ID": "961", "Calle": "Presidente Ramón Castillo", "Esquina": "Vicente Dente", "Poste": "Si", "Cartel": "No", "Refugio": "Si" }, "geometry": { "type": "Point", "coordinates": [ -67.52056142, -45.89537848 ] } },
{ "type": "Feature", "properties": { "fid": 960, "ID": "962", "Calle": "Vicente Torraca", "Esquina": "Dalmacio Miranda", "Poste": "No", "Cartel": "No", "Refugio": "No" }, "geometry": { "type": "Point", "coordinates": [ -67.52263592, -45.89491179 ] } },
{ "type": "Feature", "properties": { "fid": 961, "ID": "963", "Calle": "Carlos Saavedra Lamas", "Esquina": "919", "Poste": "Si", "Cartel": "No", "Refugio": "Si" }, "geometry": { "type": "Point", "coordinates": [ -67.52292122, -45.89377394 ] } },
{ "type": "Feature", "properties": { "fid": 962, "ID": "964", "Calle": "Carlos Saavedra Lamas", "Esquina": "826", "Poste": "No", "Cartel": "No", "Refugio": "Si" }, "geometry": { "type": "Point", "coordinates": [ -67.52638961, -45.89365458 ] } },
{ "type": "Feature", "properties": { "fid": 963, "ID": "965", "Calle": "Carlos Saavedra Lamas", "Esquina": "903", "Poste": "Si", "Cartel": "No", "Refugio": "Si" }, "geometry": { "type": "Point", "coordinates": [ -67.52780148, -45.89393418 ] } },
{ "type": "Feature", "properties": { "fid": 964, "ID": "966", "Calle": "Antonio Roqueta Prat", "Esquina": "Raúl Oneto", "Poste": "Si", "Cartel": "No", "Refugio": "Si" }, "geometry": { "type": "Point", "coordinates": [ -67.52609528, -45.89294574 ] } },
{ "type": "Feature", "properties": { "fid": 965, "ID": "967", "Calle": "Antonio Roqueta Prat", "Esquina": "923", "Poste": "No", "Cartel": "No", "Refugio": "No" }, "geometry": { "type": "Point", "coordinates": [ -67.52406665, -45.89229924 ] } },
{ "type": "Feature", "properties": { "fid": 969, "ID": "971", "Calle": "Dalmacio Miranda", "Esquina": "Ignacio Gatica", "Poste": "No", "Cartel": "No", "Refugio": "No" }, "geometry": { "type": "Point", "coordinates": [ -67.51843162, -45.89425218 ] } },
{ "type": "Feature", "properties": { "fid": 970, "ID": "972", "Calle": "Calle 561", "Esquina": "Marcial Riadigos", "Poste": "No", "Cartel": "No", "Refugio": "No" }, "geometry": { "type": "Point", "coordinates": [ -67.517581, -45.893462 ] } },
{ "type": "Feature", "properties": { "fid": 971, "ID": "973", "Calle": "Lorenzo Gastaldi", "Esquina": "Calle 516", "Poste": "Si", "Cartel": "No", "Refugio": "No" }, "geometry": { "type": "Point", "coordinates": [ -67.51614521, -45.89250177 ] } },
{ "type": "Feature", "properties": { "fid": 972, "ID": "974", "Calle": "Calle 516", "Esquina": "Luis Gallino", "Poste": "Si", "Cartel": "No", "Refugio": "No" }, "geometry": { "type": "Point", "coordinates": [ -67.51456459, -45.89186656 ] } },
{ "type": "Feature", "properties": { "fid": 973, "ID": "975", "Calle": "Luis Gallino", "Esquina": "Calle 519", "Poste": "Si", "Cartel": "No", "Refugio": "No" }, "geometry": { "type": "Point", "coordinates": [ -67.51403615, -45.8923946 ] } },
{ "type": "Feature", "properties": { "fid": 974, "ID": "976", "Calle": "Eustaquio Molina", "Esquina": "Alberto Blanc", "Poste": "Si", "Cartel": "No", "Refugio": "Si" }, "geometry": { "type": "Point", "coordinates": [ -67.51123183, -45.88832319 ] } },
{ "type": "Feature", "properties": { "fid": 975, "ID": "977", "Calle": "Eustaquio Molina", "Esquina": "Jose Pinedo", "Poste": "No", "Cartel": "No", "Refugio": "No" }, "geometry": { "type": "Point", "coordinates": [ -67.509937, -45.886475 ] } },
{ "type": "Feature", "properties": { "fid": 976, "ID": "978", "Calle": "Eustaquio Molina", "Esquina": "Casimira Pella", "Poste": "Si", "Cartel": "No", "Refugio": "No" }, "geometry": { "type": "Point", "coordinates": [ -67.50843742, -45.88434535 ] } },
{ "type": "Feature", "properties": { "fid": 977, "ID": "979", "Calle": "Eustaquio Molina", "Esquina": "Hugo Manso", "Poste": "No", "Cartel": "No", "Refugio": "No" }, "geometry": { "type": "Point", "coordinates": [ -67.50767496, -45.88325813 ] } },
{ "type": "Feature", "properties": { "fid": 978, "ID": "980", "Calle": "Alfredo Llames", "Esquina": "Dalle Mura", "Poste": "No", "Cartel": "No", "Refugio": "No" }, "geometry": { "type": "Point", "coordinates": [ -67.50623155, -45.88204136 ] } },
{ "type": "Feature", "properties": { "fid": 979, "ID": "981", "Calle": "José Dalle Mura", "Esquina": "Antonio Cañal", "Poste": "No", "Cartel": "No", "Refugio": "No" }, "geometry": { "type": "Point", "coordinates": [ -67.507841, -45.880468 ] } },
{ "type": "Feature", "properties": { "fid": 980, "ID": null, "Calle": "Avenida Polonia", "Esquina": "Andrés Chazarreta", "Poste": "Si", "Cartel": "No", "Refugio": "No" }, "geometry": { "type": "Point", "coordinates": [ -67.549027203473614, -45.859006497165616 ] } },
{ "type": "Feature", "properties": { "fid": 981, "ID": null, "Calle": "Avenida Polonia", "Esquina": "Avenida Canadá", "Poste": "Si", "Cartel": "No", "Refugio": "No" }, "geometry": { "type": "Point", "coordinates": [ -67.523507197550586, -45.875433263635394 ] } },
{ "type": "Feature", "properties": { "fid": 982, "ID": null, "Calle": "Avenida Polonia", "Esquina": "Avenida Canadá", "Poste": "Si", "Cartel": "No", "Refugio": "No" }, "geometry": { "type": "Point", "coordinates": [ -67.523741030525244, -45.875585970884153 ] } },
{ "type": "Feature", "properties": { "fid": 983, "ID": null, "Calle": "Avenida Polonia", "Esquina": "Sargento Ramírez", "Poste": "Si", "Cartel": "No", "Refugio": "No" }, "geometry": { "type": "Point", "coordinates": [ -67.517234270097759, -45.879475233625897 ] } },
{ "type": "Feature", "properties": { "fid": 984, "ID": null, "Calle": "Avenida Polonia", "Esquina": "La Nación", "Poste": "Si", "Cartel": "No", "Refugio": "No" }, "geometry": { "type": "Point", "coordinates": [ -67.517413223904896, -45.879635099026942 ] } },
{ "type": "Feature", "properties": { "fid": 985, "ID": null, "Calle": "Avenida Polonia", "Esquina": "Avenida Hipólito Yrigoyen", "Poste": "Si", "Cartel": "No", "Refugio": "No" }, "geometry": { "type": "Point", "coordinates": [ -67.51438055338663, -45.881317264814022 ] } },
{ "type": "Feature", "properties": { "fid": 986, "ID": null, "Calle": "Avenida Polonia", "Esquina": "Avenida Hipólito Yrigoyen", "Poste": "Si", "Cartel": "No", "Refugio": "No" }, "geometry": { "type": "Point", "coordinates": [ -67.514619158462807, -45.881455655758209 ] } },
{ "type": "Feature", "properties": { "fid": 987, "ID": null, "Calle": "Avenida Polonia", "Esquina": "Avenida John Fitzgerald Kennedy", "Poste": "Si", "Cartel": "No", "Refugio": "No" }, "geometry": { "type": "Point", "coordinates": [ -67.527885600698497, -45.872942226640056 ] } },
{ "type": "Feature", "properties": { "fid": 988, "ID": null, "Calle": "Avenida Polonia", "Esquina": "Avenida John Fitzgerald Kennedy", "Poste": "Si", "Cartel": "No", "Refugio": "No" }, "geometry": { "type": "Point", "coordinates": [ -67.528222033855911, -45.872412523370933 ] } },
{ "type": "Feature", "properties": { "fid": 989, "ID": null, "Calle": "Avenida Polonia", "Esquina": "Carlos Gustavino", "Poste": "Si", "Cartel": null, "Refugio": null }, "geometry": { "type": "Point", "coordinates": [ -67.537294324336671, -45.866593126591013 ] } },
{ "type": "Feature", "properties": { "fid": 990, "ID": null, "Calle": "Avenida José Tomás Pedraza", "Esquina": "Raúl Gutiérrez", "Poste": "No", "Cartel": "No", "Refugio": "No" }, "geometry": { "type": "Point", "coordinates": [ -67.541521527546109, -45.884365932432324 ] } },
{ "type": "Feature", "properties": { "fid": 991, "ID": null, "Calle": "Avenida José Tomás Pedraza", "Esquina": "Elio René Medrano", "Poste": "No", "Cartel": "No", "Refugio": "No" }, "geometry": { "type": "Point", "coordinates": [ -67.541383574086467, -45.885578971473983 ] } },
{ "type": "Feature", "properties": { "fid": 992, "ID": null, "Calle": "Ramón Ángel Coliboro", "Esquina": "Elio René Medrano", "Poste": "No", "Cartel": "No", "Refugio": "No" }, "geometry": { "type": "Point", "coordinates": [ -67.542361140843582, -45.886247332200895 ] } },
{ "type": "Feature", "properties": { "fid": 993, "ID": null, "Calle": "Ramón Ángel Coliboro", "Esquina": "Julio Argentino Cabezas", "Poste": "No", "Cartel": "No", "Refugio": "No" }, "geometry": { "type": "Point", "coordinates": [ -67.542214862606215, -45.88765184113052 ] } },
{ "type": "Feature", "properties": { "fid": 994, "ID": null, "Calle": "Julio Argentino Cabezas", "Esquina": "Juan Davies", "Poste": "No", "Cartel": "No", "Refugio": "No" }, "geometry": { "type": "Point", "coordinates": [ -67.539335678763194, -45.890096947277257 ] } },
{ "type": "Feature", "properties": { "fid": 995, "ID": null, "Calle": "Julio Argentino Cabezas", "Esquina": "Belarmino Menéndez", "Poste": "No", "Cartel": "No", "Refugio": "No" }, "geometry": { "type": "Point", "coordinates": [ -67.537594610962202, -45.891583514730272 ] } },
{ "type": "Feature", "properties": { "fid": 996, "ID": null, "Calle": "Belarmino Menéndez", "Esquina": "Carlos Kirn", "Poste": "No", "Cartel": "No", "Refugio": "No" }, "geometry": { "type": "Point", "coordinates": [ -67.538274864228711, -45.892351772789993 ] } },
{ "type": "Feature", "properties": { "fid": 997, "ID": null, "Calle": "Belarmino Menéndez", "Esquina": "Antonio López Arias", "Poste": "No", "Cartel": "No", "Refugio": "No" }, "geometry": { "type": "Point", "coordinates": [ -67.539504552825861, -45.892991591421769 ] } },
{ "type": "Feature", "properties": { "fid": 998, "ID": null, "Calle": "Belarmino Menéndez", "Esquina": "Soil Brohman", "Poste": "No", "Cartel": "No", "Refugio": "No" }, "geometry": { "type": "Point", "coordinates": [ -67.541450172308373, -45.894509079477814 ] } },
{ "type": "Feature", "properties": { "fid": 999, "ID": null, "Calle": "Belarmino Menéndez", "Esquina": "Nicolás Mañas", "Poste": "No", "Cartel": "No", "Refugio": "No" }, "geometry": { "type": "Point", "coordinates": [ -67.543804895153983, -45.896095544263687 ] } },
{ "type": "Feature", "properties": { "fid": 1000, "ID": null, "Calle": "Nicolás Mañas", "Esquina": "Fernando Paternoster", "Poste": "No", "Cartel": "No", "Refugio": "No" }, "geometry": { "type": "Point", "coordinates": [ -67.545312869178346, -45.895343935759435 ] } },
{ "type": "Feature", "properties": { "fid": 1001, "ID": null, "Calle": "Nicolás Mañas", "Esquina": "Juan Davies", "Poste": "No", "Cartel": "No", "Refugio": "No" }, "geometry": { "type": "Point", "coordinates": [ -67.545965769603725, -45.894698170857843 ] } },
{ "type": "Feature", "properties": { "fid": 1002, "ID": null, "Calle": "Juan Vueguen", "Esquina": "Juan Davies", "Poste": "No", "Cartel": "No", "Refugio": "No" }, "geometry": { "type": "Point", "coordinates": [ -67.544391197357456, -45.893920398766404 ] } },
{ "type": "Feature", "properties": { "fid": 1003, "ID": null, "Calle": "Juan Vueguen", "Esquina": "Fernando Paternoster", "Poste": "No", "Cartel": "No", "Refugio": "No" }, "geometry": { "type": "Point", "coordinates": [ -67.544103397898553, -45.894143978511337 ] } },
{ "type": "Feature", "properties": { "fid": 1005, "ID": null, "Calle": "Pasaje Domingo Ramón Miranda", "Esquina": "Carlos Pellegrini", "Poste": "No", "Cartel": "No", "Refugio": "No" }, "geometry": { "type": "Point", "coordinates": [ -67.478903488641549, -45.862786468033072 ] } },
{ "type": "Feature", "properties": { "fid": 1006, "ID": null, "Calle": "Ligustrina", "Esquina": "Madreselva", "Poste": "Si", "Cartel": "No", "Refugio": "Si" }, "geometry": { "type": "Point", "coordinates": [ -67.444768359368581, -45.763620857354887 ] } },
{ "type": "Feature", "properties": { "fid": 1007, "ID": null, "Calle": "Colectora CERET", "Esquina": "Dr. Marcelino Reyes", "Poste": "Si", "Cartel": "Si", "Refugio": "Si" }, "geometry": { "type": "Point", "coordinates": [ -67.47678454836057, -45.838888562016855 ] } },
{ "type": "Feature", "properties": { "fid": 1008, "ID": null, "Calle": "Concejal A. A. Sánchez", "Esquina": "Silvina Ocampo", "Poste": null, "Cartel": null, "Refugio": null }, "geometry": { "type": "Point", "coordinates": [ -67.556702040167366, -45.854225960905147 ] } },
{ "type": "Feature", "properties": { "fid": 1009, "ID": null, "Calle": "Gobernador Roque González", "Esquina": null, "Poste": null, "Cartel": null, "Refugio": null }, "geometry": { "type": "Point", "coordinates": [ -67.543399340627175, -45.84490489256526 ] } },
{ "type": "Feature", "properties": { "fid": 1010, "ID": null, "Calle": "Gobernador Roque González", "Esquina": null, "Poste": null, "Cartel": null, "Refugio": null }, "geometry": { "type": "Point", "coordinates": [ -67.544151592694092, -45.844853368451083 ] } },
{ "type": "Feature", "properties": { "fid": 1011, "ID": null, "Calle": "Fabián Arienti", "Esquina": null, "Poste": null, "Cartel": null, "Refugio": null }, "geometry": { "type": "Point", "coordinates": [ -67.520275318186606, -45.842338991679469 ] } },
{ "type": "Feature", "properties": { "fid": 1012, "ID": null, "Calle": "Ocaso", "Esquina": null, "Poste": null, "Cartel": null, "Refugio": null }, "geometry": { "type": "Point", "coordinates": [ -67.577147635410086, -45.86687863915693 ] } },
{ "type": "Feature", "properties": { "fid": 1013, "ID": null, "Calle": "Concejal R. Alcoleas", "Esquina": null, "Poste": null, "Cartel": null, "Refugio": null }, "geometry": { "type": "Point", "coordinates": [ -67.572858252905249, -45.86621140187841 ] } },
{ "type": "Feature", "properties": { "fid": 1014, "ID": null, "Calle": "Punta Loma", "Esquina": "Península Valdés", "Poste": null, "Cartel": null, "Refugio": null }, "geometry": { "type": "Point", "coordinates": [ -67.609650334732905, -45.893568130298284 ] } },
{ "type": "Feature", "properties": { "fid": 1015, "ID": null, "Calle": "Ruta Provincial N 26", "Esquina": null, "Poste": null, "Cartel": null, "Refugio": null }, "geometry": { "type": "Point", "coordinates": [ -67.591776619526499, -45.907397202542164 ] } },
{ "type": "Feature", "properties": { "fid": 1016, "ID": null, "Calle": "Ruta Provincial N 26", "Esquina": null, "Poste": null, "Cartel": null, "Refugio": null }, "geometry": { "type": "Point", "coordinates": [ -67.591889972577675, -45.907672856552985 ] } },
{ "type": "Feature", "properties": { "fid": 1017, "ID": null, "Calle": "Avenida del Progreso", "Esquina": null, "Poste": null, "Cartel": null, "Refugio": null }, "geometry": { "type": "Point", "coordinates": [ -67.574175982125212, -45.902546207192863 ] } },
{ "type": "Feature", "properties": { "fid": 1018, "ID": null, "Calle": "Avenida del Progreso", "Esquina": null, "Poste": null, "Cartel": null, "Refugio": null }, "geometry": { "type": "Point", "coordinates": [ -67.574142491450999, -45.902744575032429 ] } },
{ "type": "Feature", "properties": { "fid": 1019, "ID": null, "Calle": "Avenida del Progeso", "Esquina": "Grua Titan", "Poste": null, "Cartel": null, "Refugio": null }, "geometry": { "type": "Point", "coordinates": [ -67.58278566160341, -45.90279352294089 ] } },
{ "type": "Feature", "properties": { "fid": 1020, "ID": null, "Calle": "Avenida del Progreso", "Esquina": "Grua Titan", "Poste": null, "Cartel": null, "Refugio": null }, "geometry": { "type": "Point", "coordinates": [ -67.582731561283524, -45.903002195603285 ] } },
{ "type": "Feature", "properties": { "fid": 1021, "ID": null, "Calle": "Avenida del Progreso", "Esquina": "Pioneros Patagónicos", "Poste": null, "Cartel": null, "Refugio": null }, "geometry": { "type": "Point", "coordinates": [ -67.587399646027535, -45.903146463122972 ] } },
{ "type": "Feature", "properties": { "fid": 1022, "ID": null, "Calle": "Avenida Hipólito Yrigoyen", "Esquina": null, "Poste": null, "Cartel": null, "Refugio": null }, "geometry": { "type": "Point", "coordinates": [ -67.575404832248168, -45.905150751164292 ] } },
{ "type": "Feature", "properties": { "fid": 1023, "ID": null, "Calle": "María Magdalena Güemes", "Esquina": "Facundo Cabral", "Poste": null, "Cartel": null, "Refugio": null }, "geometry": { "type": "Point", "coordinates": [ -67.579292326662497, -45.885538097104579 ] } },
{ "type": "Feature", "properties": { "fid": 1024, "ID": null, "Calle": "María Magdalena Güemes", "Esquina": "Mercedes Sosa", "Poste": null, "Cartel": null, "Refugio": null }, "geometry": { "type": "Point", "coordinates": [ -67.583978444846466, -45.885337153059318 ] } },
{ "type": "Feature", "properties": { "fid": 1025, "ID": null, "Calle": "José Leonardo Trevisan", "Esquina": "3521", "Poste": null, "Cartel": null, "Refugio": null }, "geometry": { "type": "Point", "coordinates": [ -67.575984478532675, -45.88966002623841 ] } },
{ "type": "Feature", "properties": { "fid": 1026, "ID": null, "Calle": "José Leonardo Trevisan", "Esquina": "3521", "Poste": null, "Cartel": null, "Refugio": null }, "geometry": { "type": "Point", "coordinates": [ -67.575974173709838, -45.889858394077976 ] } },
{ "type": "Feature", "properties": { "fid": 1027, "ID": null, "Calle": "José Leonardo Trevisan", "Esquina": "3518", "Poste": null, "Cartel": null, "Refugio": null }, "geometry": { "type": "Point", "coordinates": [ -67.573524202080932, -45.889307086056327 ] } },
{ "type": "Feature", "properties": { "fid": 1028, "ID": null, "Calle": "José Leonardo Trevisan", "Esquina": "3518", "Poste": null, "Cartel": null, "Refugio": null }, "geometry": { "type": "Point", "coordinates": [ -67.573534506903769, -45.88948226804451 ] } },
{ "type": "Feature", "properties": { "fid": 1029, "ID": null, "Calle": "José Leonardo Trevisán", "Esquina": "3516", "Poste": null, "Cartel": null, "Refugio": null }, "geometry": { "type": "Point", "coordinates": [ -67.571835499238944, -45.889067498925421 ] } },
{ "type": "Feature", "properties": { "fid": 1030, "ID": null, "Calle": "José Leonardo Trevisan", "Esquina": "3516", "Poste": null, "Cartel": null, "Refugio": null }, "geometry": { "type": "Point", "coordinates": [ -67.571879294735979, -45.889232376090774 ] } },
{ "type": "Feature", "properties": { "fid": 1031, "ID": null, "Calle": "José Leonardo Trevisán", "Esquina": "Facundo Cabral", "Poste": null, "Cartel": null, "Refugio": null }, "geometry": { "type": "Point", "coordinates": [ -67.580492838522744, -45.889462946501723 ] } },
{ "type": "Feature", "properties": { "fid": 1032, "ID": null, "Calle": "3514", "Esquina": "3526", "Poste": null, "Cartel": null, "Refugio": null }, "geometry": { "type": "Point", "coordinates": [ -67.568595276508987, -45.887340797049298 ] } },
{ "type": "Feature", "properties": { "fid": 1033, "ID": null, "Calle": "3514", "Esquina": null, "Poste": null, "Cartel": null, "Refugio": null }, "geometry": { "type": "Point", "coordinates": [ -67.568108373630054, -45.886650373919402 ] } },
{ "type": "Feature", "properties": { "fid": 1034, "ID": null, "Calle": "748", "Esquina": "3513", "Poste": null, "Cartel": null, "Refugio": null }, "geometry": { "type": "Point", "coordinates": [ -67.567331647608896, -45.886390177142829 ] } },
{ "type": "Feature", "properties": { "fid": 1035, "ID": null, "Calle": "Concejal Silvia Cristina Ávila", "Esquina": "Raúl Cercos", "Poste": null, "Cartel": null, "Refugio": null }, "geometry": { "type": "Point", "coordinates": [ -67.566038392343174, -45.88272037211091 ] } },
{ "type": "Feature", "properties": { "fid": 1036, "ID": null, "Calle": "Raúl Cercos", "Esquina": "Analía Grosso", "Poste": null, "Cartel": null, "Refugio": null }, "geometry": { "type": "Point", "coordinates": [ -67.564827575660132, -45.88150826732501 ] } },
{ "type": "Feature", "properties": { "fid": 1037, "ID": null, "Calle": "748", "Esquina": "Concejal F. Quintana", "Poste": null, "Cartel": null, "Refugio": null }, "geometry": { "type": "Point", "coordinates": [ -67.556037561782318, -45.886145437600518 ] } },
{ "type": "Feature", "properties": { "fid": 1038, "ID": null, "Calle": "748", "Esquina": "Concejal F. Quintana", "Poste": null, "Cartel": null, "Refugio": null }, "geometry": { "type": "Point", "coordinates": [ -67.555465644115003, -45.885965103200917 ] } },
{ "type": "Feature", "properties": { "fid": 1039, "ID": null, "Calle": "748", "Esquina": "Concejal B. Hernández", "Poste": null, "Cartel": null, "Refugio": null }, "geometry": { "type": "Point", "coordinates": [ -67.553072349011714, -45.886055270400739 ] } },
{ "type": "Feature", "properties": { "fid": 1040, "ID": null, "Calle": "748", "Esquina": "Concejal B. Hernández", "Poste": null, "Cartel": null, "Refugio": null }, "geometry": { "type": "Point", "coordinates": [ -67.552703951595376, -45.885936764938137 ] } },
{ "type": "Feature", "properties": { "fid": 1041, "ID": null, "Calle": "Reverendo Padre Juan Corti", "Esquina": "Avenida Chile", "Poste": null, "Cartel": null, "Refugio": null }, "geometry": { "type": "Point", "coordinates": [ -67.550035002481238, -45.884275112256098 ] } },
{ "type": "Feature", "properties": { "fid": 1042, "ID": null, "Calle": "Avenida Lisandro de la Torre", "Esquina": "Pilar de Moirón", "Poste": null, "Cartel": null, "Refugio": null }, "geometry": { "type": "Point", "coordinates": [ -67.548115729228329, -45.882433125174437 ] } },
{ "type": "Feature", "properties": { "fid": 1043, "ID": null, "Calle": "Tirso López", "Esquina": "Juan Davies", "Poste": null, "Cartel": null, "Refugio": null }, "geometry": { "type": "Point", "coordinates": [ -67.547353172338617, -45.89519822446065 ] } },
{ "type": "Feature", "properties": { "fid": 1044, "ID": null, "Calle": "Tirso López", "Esquina": "Juan Davies", "Poste": null, "Cartel": null, "Refugio": null }, "geometry": { "type": "Point", "coordinates": [ -67.547056908682123, -45.895406897123046 ] } },
{ "type": "Feature", "properties": { "fid": 1045, "ID": null, "Calle": "Tirso López", "Esquina": "Berlamino Menéndez", "Poste": null, "Cartel": null, "Refugio": null }, "geometry": { "type": "Point", "coordinates": [ -67.544937979486747, -45.896926858491128 ] } },
{ "type": "Feature", "properties": { "fid": 1046, "ID": null, "Calle": "Avenida Hipólito Yrigoyen", "Esquina": "Soil Brohman", "Poste": null, "Cartel": null, "Refugio": null }, "geometry": { "type": "Point", "coordinates": [ -67.5406176825134, -45.895306425100401 ] } },
{ "type": "Feature", "properties": { "fid": 1047, "ID": null, "Calle": "Aenida Hipólito Yrigoyen", "Esquina": "Santiago Farrel", "Poste": null, "Cartel": null, "Refugio": null }, "geometry": { "type": "Point", "coordinates": [ -67.536421043414052, -45.892941468259913 ] } },
{ "type": "Feature", "properties": { "fid": 1048, "ID": null, "Calle": "Enrique Corcoy", "Esquina": "Antonio Roqueta Prat", "Poste": null, "Cartel": null, "Refugio": null }, "geometry": { "type": "Point", "coordinates": [ -67.523416356996933, -45.891851733245183 ] } },
{ "type": "Feature", "properties": { "fid": 1049, "ID": null, "Calle": "Pablo Ortega", "Esquina": "Avenida Ignacio Gatica", "Poste": null, "Cartel": null, "Refugio": null }, "geometry": { "type": "Point", "coordinates": [ -67.522112796908374, -45.889030787994251 ] } },
{ "type": "Feature", "properties": { "fid": 1050, "ID": null, "Calle": "Pablo Ortega", "Esquina": "Avenida Ignacio Gatica", "Poste": null, "Cartel": null, "Refugio": null }, "geometry": { "type": "Point", "coordinates": [ -67.521467457378364, -45.889032076097095 ] } },
{ "type": "Feature", "properties": { "fid": 1051, "ID": null, "Calle": "Antonio Roqueta Prat", "Esquina": "Avenida Ignacio Gatica", "Poste": null, "Cartel": null, "Refugio": null }, "geometry": { "type": "Point", "coordinates": [ -67.520684290842951, -45.89098226381855 ] } },
{ "type": "Feature", "properties": { "fid": 1052, "ID": null, "Calle": "Antonio Roqueta Prat", "Esquina": "Avenida Ignacio Gatica", "Poste": null, "Cartel": null, "Refugio": null }, "geometry": { "type": "Point", "coordinates": [ -67.520648223963022, -45.891178055452407 ] } },
{ "type": "Feature", "properties": { "fid": 1053, "ID": null, "Calle": "Avenida Ignacio Gatica", "Esquina": "Eustacio Molina", "Poste": null, "Cartel": null, "Refugio": null }, "geometry": { "type": "Point", "coordinates": [ -67.520009324947296, -45.891827259290977 ] } },
{ "type": "Feature", "properties": { "fid": 1054, "ID": null, "Calle": "Avenida Ignacio Gatica", "Esquina": "Eustaquio Molina", "Poste": null, "Cartel": null, "Refugio": null }, "geometry": { "type": "Point", "coordinates": [ -67.51940649281147, -45.892100337096096 ] } },
{ "type": "Feature", "properties": { "fid": 1055, "ID": null, "Calle": "Carlos Saavedra Lamas", "Esquina": "Carlos Oso Omar Barreilles", "Poste": null, "Cartel": null, "Refugio": null }, "geometry": { "type": "Point", "coordinates": [ -67.52407457755551, -45.893710465663958 ] } },
{ "type": "Feature", "properties": { "fid": 1056, "ID": null, "Calle": "Carlos Alanis", "Esquina": "Carlos Saavedra Lamas", "Poste": null, "Cartel": null, "Refugio": null }, "geometry": { "type": "Point", "coordinates": [ -67.524789474639661, -45.893872766623595 ] } },
{ "type": "Feature", "properties": { "fid": 1057, "ID": null, "Calle": "Antonio Roqueta Prat", "Esquina": "Carlos Oso Omar Barreilles", "Poste": null, "Cartel": null, "Refugio": null }, "geometry": { "type": "Point", "coordinates": [ -67.524949199393589, -45.892522834832292 ] } },
{ "type": "Feature", "properties": { "fid": 1058, "ID": null, "Calle": "Avenida Ignacio Gatica", "Esquina": "Presidente Ramón Castillo", "Poste": null, "Cartel": null, "Refugio": null }, "geometry": { "type": "Point", "coordinates": [ -67.51801662983172, -45.894661085570462 ] } },
{ "type": "Feature", "properties": { "fid": 1059, "ID": null, "Calle": "Avenida Ignacio Gatica", "Esquina": "Dante Mastrodicasa", "Poste": null, "Cartel": null, "Refugio": null }, "geometry": { "type": "Point", "coordinates": [ -67.517694604118134, -45.894689423833256 ] } },
{ "type": "Feature", "properties": { "fid": 1060, "ID": null, "Calle": "Avenida Los Constituyentes", "Esquina": "Juan de Dios Trevisan", "Poste": null, "Cartel": null, "Refugio": null }, "geometry": { "type": "Point", "coordinates": [ -67.531218395985533, -45.886605290319601 ] } },
{ "type": "Feature", "properties": { "fid": 1061, "ID": null, "Calle": "Avenida Los Constituyentes", "Esquina": "Juan de Dios Trevisan", "Poste": null, "Cartel": null, "Refugio": null }, "geometry": { "type": "Point", "coordinates": [ -67.531542997904822, -45.886368279394411 ] } },
{ "type": "Feature", "properties": { "fid": 1062, "ID": null, "Calle": "Avenida Los Constituyentes", "Esquina": "Avenida Chile", "Poste": null, "Cartel": null, "Refugio": null }, "geometry": { "type": "Point", "coordinates": [ -67.531293105951079, -45.883243341869864 ] } },
{ "type": "Feature", "properties": { "fid": 1063, "ID": null, "Calle": "Avenida Los Constituyentes", "Esquina": "Avenida Chile", "Poste": null, "Cartel": null, "Refugio": null }, "geometry": { "type": "Point", "coordinates": [ -67.531656350955984, -45.882607019059826 ] } },
{ "type": "Feature", "properties": { "fid": 1064, "ID": null, "Calle": "Avenida Los Constituyentes", "Esquina": "Avenida Callao", "Poste": null, "Cartel": null, "Refugio": null }, "geometry": { "type": "Point", "coordinates": [ -67.531617707870367, -45.879206427524444 ] } },
{ "type": "Feature", "properties": { "fid": 1065, "ID": null, "Calle": "Avenida Los Constituyentes", "Esquina": "Avenida Callao", "Poste": null, "Cartel": null, "Refugio": null }, "geometry": { "type": "Point", "coordinates": [ -67.532027324578038, -45.878832877696688 ] } },
{ "type": "Feature", "properties": { "fid": 1066, "ID": null, "Calle": "Avenida Los Constituyentes", "Esquina": "Ramal Los Constituyentes", "Poste": null, "Cartel": null, "Refugio": null }, "geometry": { "type": "Point", "coordinates": [ -67.532266911708959, -45.876978009586473 ] } },
{ "type": "Feature", "properties": { "fid": 1067, "ID": null, "Calle": "Avenida Lisandro de la Torre", "Esquina": "José Ortega", "Poste": null, "Cartel": null, "Refugio": null }, "geometry": { "type": "Point", "coordinates": [ -67.53689892957307, -45.873538774965454 ] } },
{ "type": "Feature", "properties": { "fid": 1068, "ID": null, "Calle": "Héctor Cámpora", "Esquina": "Antonio Garces", "Poste": null, "Cartel": null, "Refugio": null }, "geometry": { "type": "Point", "coordinates": [ -67.538302549972897, -45.862009221529476 ] } },
{ "type": "Feature", "properties": { "fid": 1069, "ID": null, "Calle": "Héctor Cámpora", "Esquina": "Ramón Lorenzo", "Poste": null, "Cartel": null, "Refugio": null }, "geometry": { "type": "Point", "coordinates": [ -67.537157426535416, -45.861362815402138 ] } },
{ "type": "Feature", "properties": { "fid": 1070, "ID": null, "Calle": "Bruno Pieragnoli", "Esquina": "Armando Tejeda Gómez", "Poste": null, "Cartel": null, "Refugio": null }, "geometry": { "type": "Point", "coordinates": [ -67.543983218389869, -45.859969403518406 ] } },
{ "type": "Feature", "properties": { "fid": 1071, "ID": null, "Calle": "Bruno Pieragnoli", "Esquina": "Roberto Goyeneche", "Poste": null, "Cartel": null, "Refugio": null }, "geometry": { "type": "Point", "coordinates": [ -67.543653594073277, -45.859049023933125 ] } },
{ "type": "Feature", "properties": { "fid": 1072, "ID": null, "Calle": "Luis Argentino Huergo", "Esquina": "Aníbal Troilo", "Poste": null, "Cartel": null, "Refugio": null }, "geometry": { "type": "Point", "coordinates": [ -67.544685275375826, -45.856302868100784 ] } },
{ "type": "Feature", "properties": { "fid": 1073, "ID": null, "Calle": "Avenida Eva Duarte", "Esquina": "Felipe Porcel", "Poste": null, "Cartel": null, "Refugio": null }, "geometry": { "type": "Point", "coordinates": [ -67.540650588124137, -45.857452272373543 ] } },
{ "type": "Feature", "properties": { "fid": 1074, "ID": null, "Calle": "Avenida Eva Duarte", "Esquina": "Cornitos", "Poste": null, "Cartel": null, "Refugio": null }, "geometry": { "type": "Point", "coordinates": [ -67.538948956100228, -45.858995513492069 ] } },
{ "type": "Feature", "properties": { "fid": 1075, "ID": null, "Calle": "Avenida Bernardino Rivadavia", "Esquina": "Las Rosas", "Poste": null, "Cartel": null, "Refugio": null }, "geometry": { "type": "Point", "coordinates": [ -67.525233159862054, -45.861947149417823 ] } },
{ "type": "Feature", "properties": { "fid": 1076, "ID": null, "Calle": "Avenida Bernardino Rivadavia", "Esquina": "Las Orquídeas", "Poste": null, "Cartel": null, "Refugio": null }, "geometry": { "type": "Point", "coordinates": [ -67.522692484123226, -45.861968553594217 ] } },
{ "type": "Feature", "properties": { "fid": 1077, "ID": null, "Calle": "San Martín", "Esquina": "Las Orquídeas", "Poste": null, "Cartel": null, "Refugio": null }, "geometry": { "type": "Point", "coordinates": [ -67.522583322823564, -45.860376082869934 ] } },
{ "type": "Feature", "properties": { "fid": 1078, "ID": null, "Calle": "Federico Carstens", "Esquina": null, "Poste": null, "Cartel": null, "Refugio": null }, "geometry": { "type": "Point", "coordinates": [ -67.492690250061187, -45.872111992790899 ] } },
{ "type": "Feature", "properties": { "fid": 1079, "ID": null, "Calle": "Bahía Bustamante", "Esquina": "Daniel Candel López", "Poste": null, "Cartel": null, "Refugio": null }, "geometry": { "type": "Point", "coordinates": [ -67.48966691014445, -45.870701457566035 ] } },
{ "type": "Feature", "properties": { "fid": 1080, "ID": null, "Calle": "Rawson", "Esquina": "Urquiza", "Poste": null, "Cartel": null, "Refugio": null }, "geometry": { "type": "Point", "coordinates": [ -67.491959297437077, -45.864487825156679 ] } },
{ "type": "Feature", "properties": { "fid": 1081, "ID": null, "Calle": "Carlos Pellegrini", "Esquina": "Domingo Ramón Miranda", "Poste": null, "Cartel": null, "Refugio": null }, "geometry": { "type": "Point", "coordinates": [ -67.479869148396702, -45.863130800372822 ] } },
{ "type": "Feature", "properties": { "fid": 1082, "ID": null, "Calle": "Gil Álvarez", "Esquina": "25 de Mayo", "Poste": null, "Cartel": null, "Refugio": null }, "geometry": { "type": "Point", "coordinates": [ -67.48113627563967, -45.862694155174239 ] } },
{ "type": "Feature", "properties": { "fid": 1083, "ID": null, "Calle": "25 de Mayo", "Esquina": "San Martín", "Poste": null, "Cartel": null, "Refugio": null }, "geometry": { "type": "Point", "coordinates": [ -67.481579342091166, -45.860896204356493 ] } },
{ "type": "Feature", "properties": { "fid": 1084, "ID": null, "Calle": "Domingo Faustino Sarmiento", "Esquina": "Bartolomé Mitre", "Poste": null, "Cartel": null, "Refugio": null }, "geometry": { "type": "Point", "coordinates": [ -67.482696640099334, -45.859898769736176 ] } },
{ "type": "Feature", "properties": { "fid": 1085, "ID": null, "Calle": "Bernardino Rivadavia", "Esquina": "25 de Mayo", "Poste": null, "Cartel": null, "Refugio": null }, "geometry": { "type": "Point", "coordinates": [ -67.480741368585058, -45.862045608629181 ] } },
{ "type": "Feature", "properties": { "fid": 1086, "ID": null, "Calle": "José Suazo", "Esquina": "Clarín", "Poste": null, "Cartel": null, "Refugio": null }, "geometry": { "type": "Point", "coordinates": [ -67.511671473694065, -45.877126991321667 ] } },
{ "type": "Feature", "properties": { "fid": 1087, "ID": null, "Calle": "Jorge Daniel Ludueña", "Esquina": "Acueducto", "Poste": null, "Cartel": null, "Refugio": null }, "geometry": { "type": "Point", "coordinates": [ -67.556566733696243, -45.870269093202609 ] } },
{ "type": "Feature", "properties": { "fid": 1088, "ID": null, "Calle": "Haroldo Conti", "Esquina": "3446", "Poste": null, "Cartel": null, "Refugio": null }, "geometry": { "type": "Point", "coordinates": [ -67.56990153559444, -45.861660333453912 ] } },
{ "type": "Feature", "properties": { "fid": 1089, "ID": null, "Calle": "Avenida Estados Unidos", "Esquina": "Almafuerte", "Poste": null, "Cartel": null, "Refugio": null }, "geometry": { "type": "Point", "coordinates": [ -67.525046943527386, -45.865536629800189 ] } },
{ "type": "Feature", "properties": { "fid": 1090, "ID": null, "Calle": "General Lavalle", "Esquina": "1 de Noviembre", "Poste": null, "Cartel": null, "Refugio": null }, "geometry": { "type": "Point", "coordinates": [ -67.48925380953996, -45.794766931154989 ] } },
{ "type": "Feature", "properties": { "fid": 1091, "ID": null, "Calle": "Antártida Argentina", "Esquina": "General Lavalle", "Poste": null, "Cartel": null, "Refugio": null }, "geometry": { "type": "Point", "coordinates": [ -67.483755076622387, -45.794577504193825 ] } },
{ "type": "Feature", "properties": { "fid": 1092, "ID": null, "Calle": "Avenida Juan José Paso", "Esquina": "Antártida Argentina", "Poste": null, "Cartel": null, "Refugio": null }, "geometry": { "type": "Point", "coordinates": [ -67.482708412396363, -45.795609185496374 ] } },
{ "type": "Feature", "properties": { "fid": 1093, "ID": null, "Calle": "Avenida Juan José Paso", "Esquina": "Vicente Almonacid", "Poste": null, "Cartel": null, "Refugio": null }, "geometry": { "type": "Point", "coordinates": [ -67.48063648812068, -45.795480760437968 ] } },
{ "type": "Feature", "properties": { "fid": 1094, "ID": null, "Calle": "Avenida Juan José Paso", "Esquina": "Vicente Almonacid", "Poste": null, "Cartel": null, "Refugio": null }, "geometry": { "type": "Point", "coordinates": [ -67.480641304060342, -45.795584035589094 ] } },
{ "type": "Feature", "properties": { "fid": 1095, "ID": null, "Calle": "Avenida Juan José Paso", "Esquina": "Alférez Varando", "Poste": null, "Cartel": null, "Refugio": null }, "geometry": { "type": "Point", "coordinates": [ -67.478070662474536, -45.795457750948323 ] } },
{ "type": "Feature", "properties": { "fid": 1096, "ID": null, "Calle": "Avenida Juan José Paso", "Esquina": "Observador Tomás Davies", "Poste": null, "Cartel": null, "Refugio": null }, "geometry": { "type": "Point", "coordinates": [ -67.463051351893597, -45.794802783150445 ] } },
{ "type": "Feature", "properties": { "fid": 1097, "ID": null, "Calle": "Avenida Juan José Paso", "Esquina": "Observatorio Tomás Davies", "Poste": null, "Cartel": null, "Refugio": null }, "geometry": { "type": "Point", "coordinates": [ -67.463370274121985, -45.794904452988348 ] } },
{ "type": "Feature", "properties": { "fid": 1098, "ID": null, "Calle": "Intendente Mario Morejón", "Esquina": "Departamento Biedma", "Poste": null, "Cartel": null, "Refugio": null }, "geometry": { "type": "Point", "coordinates": [ -67.449537825122519, -45.799381136482701 ] } },
{ "type": "Feature", "properties": { "fid": 1099, "ID": null, "Calle": "Intendente Mario Morejón", "Esquina": "1776", "Poste": null, "Cartel": null, "Refugio": null }, "geometry": { "type": "Point", "coordinates": [ -67.449828921921579, -45.799368293976862 ] } },
{ "type": "Feature", "properties": { "fid": 1100, "ID": null, "Calle": "Amelí Concepción Mandrano", "Esquina": "Francisco Pietrobelli", "Poste": null, "Cartel": null, "Refugio": null }, "geometry": { "type": "Point", "coordinates": [ -67.431842992491383, -45.79504250992612 ] } },
{ "type": "Feature", "properties": { "fid": 1101, "ID": null, "Calle": "Francisco Pietrobelli", "Esquina": "Raúl Ríos", "Poste": null, "Cartel": null, "Refugio": null }, "geometry": { "type": "Point", "coordinates": [ -67.431774499126902, -45.79462726890393 ] } },
{ "type": "Feature", "properties": { "fid": 1102, "ID": null, "Calle": "Carlos Darwin", "Esquina": "Francisco Pietrobelli", "Poste": null, "Cartel": null, "Refugio": null }, "geometry": { "type": "Point", "coordinates": [ -67.431597914671585, -45.792563906298795 ] } },
{ "type": "Feature", "properties": { "fid": 1103, "ID": null, "Calle": "Carlos Darwin", "Esquina": "Francisco Pietrobelli", "Poste": null, "Cartel": null, "Refugio": null }, "geometry": { "type": "Point", "coordinates": [ -67.431636442189102, -45.792467587504987 ] } },
{ "type": "Feature", "properties": { "fid": 1104, "ID": null, "Calle": "Francisco Pietrobelli", "Esquina": "2857", "Poste": null, "Cartel": null, "Refugio": null }, "geometry": { "type": "Point", "coordinates": [ -67.431471630030813, -45.790620407081541 ] } },
{ "type": "Feature", "properties": { "fid": 1105, "ID": null, "Calle": "Los Arrayanes", "Esquina": "Los Coihues", "Poste": null, "Cartel": null, "Refugio": null }, "geometry": { "type": "Point", "coordinates": [ -67.434198522104367, -45.783565590539588 ] } },
{ "type": "Feature", "properties": { "fid": 1106, "ID": null, "Calle": "2438", "Esquina": "Lisazu Rafael Andres Cabo 1°", "Poste": null, "Cartel": null, "Refugio": null }, "geometry": { "type": "Point", "coordinates": [ -67.426475895258704, -45.78592861161431 ] } },
{ "type": "Feature", "properties": { "fid": 1107, "ID": null, "Calle": "Avenida Juan José Paso", "Esquina": "Luro Cambaceres", "Poste": null, "Cartel": null, "Refugio": null }, "geometry": { "type": "Point", "coordinates": [ -67.490116932953327, -45.796140544175458 ] } },
{ "type": "Feature", "properties": { "fid": 1108, "ID": null, "Calle": "Independencia", "Esquina": "Fitz Roy", "Poste": null, "Cartel": null, "Refugio": null }, "geometry": { "type": "Point", "coordinates": [ -67.498955787598362, -45.79633960301598 ] } },
{ "type": "Feature", "properties": { "fid": 1109, "ID": null, "Calle": "Independencia", "Esquina": "Fitz Roy", "Poste": null, "Cartel": null, "Refugio": null }, "geometry": { "type": "Point", "coordinates": [ -67.498932243004319, -45.796474449327306 ] } },
{ "type": "Feature", "properties": { "fid": 1110, "ID": null, "Calle": "1 de Mayo", "Esquina": null, "Poste": null, "Cartel": null, "Refugio": null }, "geometry": { "type": "Point", "coordinates": [ -67.498664690799316, -45.79710801294879 ] } },
{ "type": "Feature", "properties": { "fid": 1111, "ID": null, "Calle": "Fitz Roy", "Esquina": null, "Poste": null, "Cartel": null, "Refugio": null }, "geometry": { "type": "Point", "coordinates": [ -67.4992607971121, -45.79553373577447 ] } },
{ "type": "Feature", "properties": { "fid": 1112, "ID": null, "Calle": "El Baqueano", "Esquina": "El Payador", "Poste": null, "Cartel": null, "Refugio": null }, "geometry": { "type": "Point", "coordinates": [ -67.506490057691721, -45.796055997678643 ] } },
{ "type": "Feature", "properties": { "fid": 1113, "ID": null, "Calle": "Cerro Mercedario", "Esquina": "Cerro La Plata", "Poste": null, "Cartel": null, "Refugio": null }, "geometry": { "type": "Point", "coordinates": [ -67.519724259960782, -45.79426018727856 ] } },
{ "type": "Feature", "properties": { "fid": 1114, "ID": null, "Calle": "Monte Pissis", "Esquina": "Cerro Mercedario", "Poste": null, "Cartel": null, "Refugio": null }, "geometry": { "type": "Point", "coordinates": [ -67.522099053332511, -45.793625553448265 ] } },
{ "type": "Feature", "properties": { "fid": 1115, "ID": null, "Calle": "Bahía Solano", "Esquina": "Cerro Domuyo", "Poste": null, "Cartel": null, "Refugio": null }, "geometry": { "type": "Point", "coordinates": [ -67.525278643736954, -45.791522593116802 ] } },
{ "type": "Feature", "properties": { "fid": 1116, "ID": null, "Calle": "Ruta Provincial N 1", "Esquina": null, "Poste": null, "Cartel": null, "Refugio": null }, "geometry": { "type": "Point", "coordinates": [ -67.373054281586889, -45.753425299539714 ] } },
{ "type": "Feature", "properties": { "fid": 1117, "ID": null, "Calle": "Ruta Provincial N 1", "Esquina": null, "Poste": null, "Cartel": null, "Refugio": null }, "geometry": { "type": "Point", "coordinates": [ -67.382604825097246, -45.773455327816265 ] } },
{ "type": "Feature", "properties": { "fid": 1118, "ID": null, "Calle": "Ruta Provincial N 1", "Esquina": null, "Poste": null, "Cartel": null, "Refugio": null }, "geometry": { "type": "Point", "coordinates": [ -67.38241004709198, -45.773401817375259 ] } },
{ "type": "Feature", "properties": { "fid": 1119, "ID": null, "Calle": "Ítalo Dell'Oro", "Esquina": "Miguel A. Giménez", "Poste": null, "Cartel": null, "Refugio": null }, "geometry": { "type": "Point", "coordinates": [ -67.428399060508269, -45.796051716843344 ] } },
{ "type": "Feature", "properties": { "fid": 1120, "ID": null, "Calle": "Miguel A. Giménez", "Esquina": "Antonio Lamarque", "Poste": null, "Cartel": null, "Refugio": null }, "geometry": { "type": "Point", "coordinates": [ -67.425000077295707, -45.796678859211909 ] } },
{ "type": "Feature", "properties": { "fid": 1121, "ID": null, "Calle": "Alejandro Maíz", "Esquina": "José Ardiles", "Poste": null, "Cartel": null, "Refugio": null }, "geometry": { "type": "Point", "coordinates": [ -67.422498999283192, -45.796294654245514 ] } },
{ "type": "Feature", "properties": { "fid": 1122, "ID": null, "Calle": "Moyano", "Esquina": "Los Búlgaros", "Poste": null, "Cartel": null, "Refugio": null }, "geometry": { "type": "Point", "coordinates": [ -67.474687494570105, -45.839726879334634 ] } },
{ "type": "Feature", "properties": { "fid": 1123, "ID": null, "Calle": "Avenida Buque Fray Luis Beltrán", "Esquina": "Carlos Calvo", "Poste": null, "Cartel": null, "Refugio": null }, "geometry": { "type": "Point", "coordinates": [ -67.480879484978871, -45.838804121507536 ] } },
{ "type": "Feature", "properties": { "fid": 1124, "ID": null, "Calle": "Avenida Buque Fray Luis Beltrán", "Esquina": "Gustavo Kunzel", "Poste": null, "Cartel": null, "Refugio": null }, "geometry": { "type": "Point", "coordinates": [ -67.48386465411437, -45.839114244241173 ] } },
{ "type": "Feature", "properties": { "fid": 1125, "ID": null, "Calle": "Avenida Buque Fray Luis Beltrán", "Esquina": "Santa Lucía", "Poste": null, "Cartel": null, "Refugio": null }, "geometry": { "type": "Point", "coordinates": [ -67.489319389558219, -45.839085705339329 ] } },
{ "type": "Feature", "properties": { "fid": 1126, "ID": null, "Calle": "Dr. Manuel Sueiro", "Esquina": null, "Poste": null, "Cartel": null, "Refugio": null }, "geometry": { "type": "Point", "coordinates": [ -67.497761196730977, -45.839696437839315 ] } }
]
}
