{"type":"FeatureCollection","name":"recorridos","crs":{"type":"name","properties":{"name":"urn:ogc:def:crs:OGC:1.3:CRS84"}},"generado":"2026-09-03","features":[{"type":"Feature","properties":{"linea":"1","sentido":"ida","nombre":"Máximo Abásolo - Centro"},"geometry":{"type":"LineString","coordinates":[[-67.548831,-45.859392],[-67.548738,-45.859334],[-67.549751,-45.858628],[-67.549848,-45.858555],[-67.549885,-45.858534],[-67.549333,-45.857546],[-67.548777,-45.856604],[-67.548665,-45.856419],[-67.548564,-45.856323],[-67.548554,-45.856316],[-67.5482,-45.856209],[-67.547721,-45.856032],[-67.547547,-45.855976],[-67.547429,-45.855961],[-67.546458,-45.856158],[-67.546298,-45.856206],[-67.542307,-45.857073],[-67.542255,-45.85715],[-67.542163,-45.857248],[-67.54197,-45.857298],[-67.541759,-45.85725],[-67.541522,-45.857117],[-67.541333,-45.857069],[-67.541141,-45.857128],[-67.533029,-45.858662],[-67.532656,-45.858707],[-67.532418,-45.858738],[-67.528535,-45.858866],[-67.528429,-45.858922],[-67.528435,-45.85905],[-67.528501,-45.860188],[-67.528396,-45.860301],[-67.526399,-45.86036],[-67.5211,-45.860508],[-67.520971,-45.860563],[-67.520985,-45.862197],[-67.520884,-45.862295],[-67.520535,-45.862316],[-67.508293,-45.862434],[-67.501699,-45.862385],[-67.500979,-45.862417],[-67.500642,-45.862417],[-67.500491,-45.86239],[-67.500373,-45.862265],[-67.500351,-45.859451],[-67.500384,-45.856822],[-67.500367,-45.856769],[-67.500262,-45.856736],[-67.499772,-45.856742],[-67.495944,-45.85675],[-67.495812,-45.856822],[-67.495744,-45.856927],[-67.495749,-45.857222],[-67.495708,-45.862286],[-67.495637,-45.862391],[-67.495456,-45.862419],[-67.48468,-45.862402],[-67.48458,-45.8625],[-67.4846,-45.863426],[-67.484581,-45.865663],[-67.484537,-45.865896],[-67.484395,-45.865969],[-67.484311,-45.866079],[-67.484301,-45.866421],[-67.484302,-45.866643],[-67.484322,-45.867372],[-67.484322,-45.86797],[-67.484314,-45.868019],[-67.484292,-45.868064],[-67.484228,-45.868091],[-67.484121,-45.868089],[-67.480021,-45.866167],[-67.479968,-45.86605],[-67.479857,-45.862774],[-67.480844,-45.862782]]}},{"type":"Feature","properties":{"linea":"1","sentido":"vuelta","nombre":"Máximo Abásolo - Centro"},"geometry":{"type":"LineString","coordinates":[[-67.480912,-45.862764],[-67.480931,-45.862791],[-67.48149,-45.862779],[-67.481502,-45.863937],[-67.481503,-45.864054],[-67.481515,-45.864302],[-67.481559,-45.864659],[-67.483346,-45.865423],[-67.48616,-45.866664],[-67.491938,-45.870682],[-67.49329,-45.869772],[-67.493781,-45.869179],[-67.493802,-45.864571],[-67.497293,-45.864575],[-67.497302,-45.855723],[-67.49737,-45.855676],[-67.498551,-45.855677],[-67.4988,-45.855663],[-67.499202,-45.855649],[-67.499748,-45.855655],[-67.500083,-45.855655],[-67.500319,-45.855656],[-67.500452,-45.855696],[-67.501726,-45.8557],[-67.501865,-45.8557],[-67.501914,-45.855739],[-67.50193,-45.858857],[-67.501884,-45.858896],[-67.499039,-45.858897],[-67.498911,-45.858903],[-67.498855,-45.858953],[-67.498837,-45.861972],[-67.498869,-45.862105],[-67.498919,-45.86214],[-67.50764,-45.86215],[-67.509663,-45.862162],[-67.515125,-45.862112],[-67.516698,-45.862098],[-67.5196,-45.862052],[-67.519814,-45.862046],[-67.519905,-45.862023],[-67.519963,-45.861954],[-67.519945,-45.861373],[-67.519944,-45.861043],[-67.519935,-45.860678],[-67.520008,-45.860597],[-67.520101,-45.860522],[-67.523775,-45.86041],[-67.525252,-45.860361],[-67.528196,-45.860276],[-67.52839,-45.860258],[-67.528462,-45.860174],[-67.528394,-45.859017],[-67.528404,-45.85889],[-67.528585,-45.858828],[-67.532551,-45.858682],[-67.532841,-45.858657],[-67.535781,-45.85808],[-67.540695,-45.857151],[-67.541256,-45.857041],[-67.547013,-45.855906],[-67.547299,-45.855857],[-67.547535,-45.855896],[-67.548494,-45.856254],[-67.548655,-45.856347],[-67.549121,-45.857127],[-67.549757,-45.858239],[-67.549903,-45.858355],[-67.550013,-45.85845],[-67.550126,-45.858477],[-67.550251,-45.858561],[-67.550353,-45.858727],[-67.55053,-45.859023],[-67.55071,-45.859317],[-67.550709,-45.859432],[-67.55039,-45.85948],[-67.548944,-45.859526],[-67.548798,-45.859505],[-67.54875,-45.859434]]}},{"type":"Feature","properties":{"linea":"2","sentido":"ida","nombre":"Máximo Abásolo - Centro"},"geometry":{"type":"LineString","coordinates":[[-67.548806,-45.859491],[-67.548605,-45.859372],[-67.549879,-45.858504],[-67.548644,-45.856383],[-67.547424,-45.856005],[-67.542398,-45.85708],[-67.542089,-45.857269],[-67.541798,-45.857298],[-67.541646,-45.857162],[-67.541423,-45.857172],[-67.541098,-45.857376],[-67.535905,-45.862266],[-67.537395,-45.863352],[-67.538418,-45.864088],[-67.538958,-45.864569],[-67.539811,-45.865164],[-67.542563,-45.867177],[-67.543727,-45.867326],[-67.543867,-45.867514],[-67.543644,-45.867674],[-67.543182,-45.867669],[-67.5409,-45.869173],[-67.541792,-45.869953],[-67.541445,-45.871176],[-67.540878,-45.871207],[-67.537439,-45.868555],[-67.533458,-45.871119],[-67.533288,-45.871109],[-67.527938,-45.866968],[-67.525825,-45.865364],[-67.525668,-45.865351],[-67.520431,-45.868826],[-67.511376,-45.866794],[-67.50969,-45.866786],[-67.504318,-45.869893],[-67.503967,-45.869986],[-67.497247,-45.869994],[-67.497243,-45.865662],[-67.485921,-45.865636],[-67.484663,-45.865403],[-67.484556,-45.865466],[-67.484544,-45.865875],[-67.484255,-45.866072],[-67.484311,-45.868144],[-67.484203,-45.868144],[-67.479962,-45.866174],[-67.479934,-45.863167],[-67.479946,-45.862772],[-67.481089,-45.862753]]}},{"type":"Feature","properties":{"linea":"2","sentido":"vuelta","nombre":"Máximo Abásolo - Centro"},"geometry":{"type":"LineString","coordinates":[[-67.480715,-45.862788],[-67.48152,-45.862808],[-67.48153,-45.863907],[-67.482833,-45.864448],[-67.48311,-45.864494],[-67.49579,-45.864554],[-67.49576,-45.868943],[-67.501991,-45.868953],[-67.502009,-45.868705],[-67.502931,-45.868729],[-67.504297,-45.869852],[-67.509735,-45.866645],[-67.511739,-45.866743],[-67.520368,-45.868671],[-67.525813,-45.865207],[-67.525931,-45.865234],[-67.533467,-45.871003],[-67.53357,-45.871003],[-67.537501,-45.868478],[-67.539374,-45.86998],[-67.539448,-45.869956],[-67.542895,-45.867712],[-67.542661,-45.867475],[-67.539703,-45.865252],[-67.539749,-45.865099],[-67.54128,-45.86413],[-67.541292,-45.864061],[-67.539267,-45.862535],[-67.538639,-45.862122],[-67.536865,-45.86116],[-67.536897,-45.861068],[-67.541056,-45.85712],[-67.547287,-45.85587],[-67.547378,-45.855873],[-67.548588,-45.856299],[-67.548758,-45.856474],[-67.549804,-45.858288],[-67.550008,-45.858421],[-67.550225,-45.858451],[-67.550306,-45.858586],[-67.550753,-45.859423],[-67.550574,-45.859507],[-67.54886,-45.859526]]}},{"type":"Feature","properties":{"linea":"3","sentido":"ida","nombre":"Estadio Centenario - Abel Amaya"},"geometry":{"type":"LineString","coordinates":[[-67.541738,-45.883536],[-67.541707,-45.883347],[-67.541744,-45.883214],[-67.533332,-45.876845],[-67.531768,-45.875606],[-67.530766,-45.87487],[-67.5295,-45.873882],[-67.527213,-45.872159],[-67.523546,-45.869332],[-67.521676,-45.867901],[-67.518262,-45.864997],[-67.515836,-45.862881],[-67.515378,-45.862466],[-67.515186,-45.862408],[-67.514843,-45.862398],[-67.514335,-45.862411],[-67.513213,-45.862412],[-67.507222,-45.862433],[-67.503671,-45.862431],[-67.502853,-45.862409],[-67.501718,-45.862391],[-67.501186,-45.862392],[-67.500325,-45.862421],[-67.498808,-45.862433],[-67.490581,-45.862419],[-67.489226,-45.862419],[-67.487776,-45.862427],[-67.484762,-45.862439],[-67.484639,-45.862476],[-67.484577,-45.862596],[-67.484596,-45.862811],[-67.484584,-45.863295],[-67.484577,-45.863438],[-67.484528,-45.863489],[-67.484378,-45.863506],[-67.48408,-45.86351],[-67.481707,-45.863473],[-67.481575,-45.863538],[-67.481512,-45.863581],[-67.481411,-45.863686],[-67.481286,-45.863721],[-67.480894,-45.863725],[-67.480095,-45.863733],[-67.479907,-45.863618],[-67.479929,-45.862288],[-67.48002,-45.862187],[-67.480296,-45.86215],[-67.481266,-45.862201],[-67.481432,-45.862211],[-67.481516,-45.862401],[-67.481476,-45.864256],[-67.481485,-45.864536],[-67.481565,-45.864597],[-67.481802,-45.86472],[-67.482812,-45.865187],[-67.483611,-45.865566],[-67.484384,-45.865882],[-67.484999,-45.866132],[-67.485554,-45.86635],[-67.486111,-45.866642],[-67.48675,-45.867009],[-67.487489,-45.867492],[-67.48834,-45.868097],[-67.489191,-45.868772],[-67.489922,-45.869266],[-67.490696,-45.869891],[-67.491719,-45.870624],[-67.492541,-45.871089],[-67.493182,-45.871401],[-67.4934,-45.8715],[-67.493414,-45.871596],[-67.492988,-45.871957],[-67.492753,-45.872138]]}},{"type":"Feature","properties":{"linea":"3","sentido":"vuelta","nombre":"Estadio Centenario - Abel Amaya"},"geometry":{"type":"LineString","coordinates":[[-67.492555,-45.872259],[-67.49202,-45.8727],[-67.491793,-45.872881],[-67.491566,-45.872879],[-67.489508,-45.871704],[-67.486662,-45.869962],[-67.486346,-45.869725],[-67.486306,-45.869573],[-67.486229,-45.869177],[-67.486108,-45.869037],[-67.485464,-45.868707],[-67.480246,-45.866315],[-67.480083,-45.866223],[-67.479943,-45.865996],[-67.479983,-45.862697],[-67.479983,-45.862226],[-67.480011,-45.862183],[-67.480081,-45.862158],[-67.480173,-45.862152],[-67.480311,-45.862149],[-67.481339,-45.862144],[-67.483419,-45.862145],[-67.484584,-45.862142],[-67.486781,-45.862117],[-67.487331,-45.862139],[-67.487812,-45.862158],[-67.488273,-45.862173],[-67.488475,-45.862177],[-67.488827,-45.862179],[-67.489264,-45.862147],[-67.489731,-45.862136],[-67.490492,-45.862129],[-67.490843,-45.862136],[-67.491159,-45.862136],[-67.492546,-45.862148],[-67.493135,-45.862136],[-67.493799,-45.862136],[-67.49898,-45.862133],[-67.511765,-45.862144],[-67.515188,-45.862113],[-67.515589,-45.86211],[-67.515923,-45.862113],[-67.516093,-45.86215],[-67.516212,-45.862178],[-67.516375,-45.862177],[-67.516854,-45.862201],[-67.516994,-45.862267],[-67.517064,-45.8624],[-67.517012,-45.862547],[-67.516963,-45.862719],[-67.516806,-45.862925],[-67.516674,-45.863098],[-67.516682,-45.863272],[-67.516724,-45.863436],[-67.516957,-45.86369],[-67.519018,-45.865445],[-67.521383,-45.867465],[-67.521926,-45.867905],[-67.525538,-45.870663],[-67.527972,-45.872491],[-67.531842,-45.875451],[-67.535262,-45.878087],[-67.540843,-45.882322],[-67.541962,-45.883217],[-67.542123,-45.883289],[-67.54232,-45.883349],[-67.54243,-45.883441],[-67.542431,-45.883538],[-67.542328,-45.883573],[-67.54205,-45.883573]]}},{"type":"Feature","properties":{"linea":"4","sentido":"ida","nombre":"Abel Amaya - Estadio Centenario"},"geometry":{"type":"LineString","coordinates":[[-67.550015,-45.883954],[-67.548184,-45.883866],[-67.54824,-45.883615],[-67.549053,-45.883084],[-67.54888,-45.882941],[-67.545958,-45.880719],[-67.545773,-45.880599],[-67.540361,-45.876428],[-67.536173,-45.873184],[-67.534583,-45.874139],[-67.533481,-45.874877],[-67.527475,-45.878711],[-67.52731,-45.878688],[-67.525281,-45.877118],[-67.525149,-45.87708],[-67.524811,-45.876834],[-67.524757,-45.876711],[-67.519797,-45.872965],[-67.517219,-45.87103],[-67.517024,-45.87103],[-67.514638,-45.872585],[-67.510561,-45.875153],[-67.508091,-45.876742],[-67.505971,-45.877727],[-67.505813,-45.877806],[-67.505701,-45.877915],[-67.505411,-45.877783],[-67.502274,-45.876423],[-67.501629,-45.876145],[-67.501462,-45.876067],[-67.501362,-45.875943],[-67.500533,-45.875449],[-67.499709,-45.87488],[-67.499373,-45.874724],[-67.498876,-45.874575],[-67.498419,-45.874574],[-67.498075,-45.874612],[-67.49775,-45.874746],[-67.497276,-45.874982],[-67.496911,-45.875156],[-67.496341,-45.87533],[-67.495818,-45.875362],[-67.49534,-45.875259],[-67.494387,-45.874718],[-67.493489,-45.874131],[-67.491761,-45.873075],[-67.490121,-45.872033],[-67.490848,-45.871365],[-67.489559,-45.870516],[-67.488995,-45.870193],[-67.488802,-45.870031],[-67.488688,-45.870015],[-67.48862,-45.869952],[-67.488009,-45.869595],[-67.487752,-45.869556],[-67.487461,-45.869502],[-67.487141,-45.869293],[-67.486731,-45.869049],[-67.486473,-45.868877],[-67.486429,-45.868791],[-67.486374,-45.868066],[-67.484351,-45.868037],[-67.484246,-45.868131],[-67.480178,-45.866265],[-67.480043,-45.866194],[-67.479964,-45.866092],[-67.479931,-45.865967],[-67.479911,-45.864617],[-67.47984,-45.864415],[-67.479545,-45.864362],[-67.47685,-45.86376],[-67.475767,-45.863593],[-67.4755,-45.8635],[-67.475226,-45.863382],[-67.475154,-45.863205],[-67.475062,-45.862902],[-67.474902,-45.862572],[-67.474628,-45.862368],[-67.474564,-45.862218],[-67.474652,-45.862127],[-67.474909,-45.862128],[-67.481387,-45.862123],[-67.481531,-45.862304],[-67.481534,-45.864558],[-67.48167,-45.864668],[-67.482588,-45.865068],[-67.483466,-45.865489],[-67.4843,-45.865847],[-67.484739,-45.866031],[-67.485251,-45.866225],[-67.48565,-45.866393],[-67.48617,-45.866676],[-67.486686,-45.866959],[-67.487076,-45.86719],[-67.487452,-45.867492],[-67.4881,-45.867963],[-67.48873,-45.868409],[-67.489318,-45.868851],[-67.489957,-45.869328],[-67.490705,-45.869887],[-67.491317,-45.870343],[-67.491944,-45.870788],[-67.493303,-45.871446],[-67.493386,-45.871506],[-67.4934,-45.871608],[-67.493304,-45.87173],[-67.492878,-45.872011]]}},{"type":"Feature","properties":{"linea":"4","sentido":"vuelta","nombre":"Abel Amaya - Estado Centenario"},"geometry":{"type":"LineString","coordinates":[[-67.492673,-45.872222],[-67.491956,-45.872766],[-67.491668,-45.872909],[-67.49142,-45.872831],[-67.489508,-45.871695],[-67.486492,-45.869864],[-67.486304,-45.869695],[-67.486269,-45.86948],[-67.486247,-45.869154],[-67.486117,-45.869003],[-67.485804,-45.868858],[-67.480368,-45.86636],[-67.480127,-45.866232],[-67.480004,-45.86613],[-67.479931,-45.86597],[-67.47994,-45.86584],[-67.479949,-45.864602],[-67.479899,-45.864518],[-67.479774,-45.86446],[-67.479406,-45.86439],[-67.476879,-45.863833],[-67.476275,-45.86371],[-67.475992,-45.863625],[-67.475727,-45.863596],[-67.475357,-45.863463],[-67.475162,-45.863221],[-67.475082,-45.86286],[-67.47482,-45.862551],[-67.474609,-45.862324],[-67.474528,-45.862227],[-67.47459,-45.862156],[-67.474838,-45.862131],[-67.481372,-45.862152],[-67.48148,-45.862217],[-67.481472,-45.862442],[-67.48149,-45.863037],[-67.481505,-45.864428],[-67.481525,-45.864558],[-67.481633,-45.86464],[-67.481971,-45.864784],[-67.484344,-45.865848],[-67.484592,-45.866002],[-67.484917,-45.866124],[-67.485359,-45.866277],[-67.485672,-45.866377],[-67.486021,-45.866588],[-67.486863,-45.867077],[-67.487732,-45.867656],[-67.488553,-45.868252],[-67.489302,-45.86882],[-67.490309,-45.86959],[-67.49055,-45.869785],[-67.490952,-45.870084],[-67.491375,-45.870385],[-67.491831,-45.870689],[-67.492776,-45.871167],[-67.493673,-45.871584],[-67.494821,-45.872114],[-67.495984,-45.87255],[-67.496686,-45.872848],[-67.497193,-45.873079],[-67.497603,-45.873293],[-67.498026,-45.87357],[-67.498633,-45.873933],[-67.498986,-45.874224],[-67.499381,-45.874546],[-67.499852,-45.874876],[-67.500276,-45.875187],[-67.500668,-45.875441],[-67.501115,-45.875685],[-67.501658,-45.875924],[-67.502684,-45.87636],[-67.503504,-45.876693],[-67.503622,-45.876703],[-67.503713,-45.876722],[-67.504016,-45.876828],[-67.505674,-45.877541],[-67.505836,-45.877609],[-67.506058,-45.877586],[-67.506885,-45.87717],[-67.507956,-45.87669],[-67.508236,-45.876495],[-67.512309,-45.87389],[-67.515806,-45.871641],[-67.516713,-45.87104],[-67.516941,-45.870926],[-67.517048,-45.87087],[-67.517323,-45.870975],[-67.517486,-45.871053],[-67.519303,-45.87242],[-67.522335,-45.874728],[-67.524818,-45.87655],[-67.525005,-45.876689],[-67.525341,-45.876913],[-67.525497,-45.877093],[-67.525691,-45.877309],[-67.526531,-45.877906],[-67.527343,-45.878549],[-67.527439,-45.878567],[-67.527562,-45.878509],[-67.528341,-45.877979],[-67.533153,-45.874933],[-67.535971,-45.87312],[-67.536041,-45.873089],[-67.53613,-45.873058],[-67.536283,-45.873133],[-67.536455,-45.873253],[-67.539394,-45.875515],[-67.543493,-45.878622],[-67.545734,-45.880337],[-67.546481,-45.880944],[-67.547723,-45.881879],[-67.549288,-45.883051],[-67.549857,-45.883493],[-67.550025,-45.883637],[-67.550051,-45.883768],[-67.55005,-45.883876]]}},{"type":"Feature","properties":{"linea":"5","sentido":"ida","nombre":"Estadio Centenario - Abel Amaya"},"geometry":{"type":"LineString","coordinates":[[-67.541983,-45.883572],[-67.541607,-45.883558],[-67.533662,-45.88312],[-67.533601,-45.883008],[-67.533768,-45.881715],[-67.532633,-45.881665],[-67.523664,-45.881226],[-67.521948,-45.88228],[-67.521833,-45.882393],[-67.521668,-45.882411],[-67.521589,-45.882357],[-67.521589,-45.88226],[-67.519736,-45.880893],[-67.51964,-45.880875],[-67.519544,-45.880905],[-67.519448,-45.880959],[-67.518839,-45.880511],[-67.518874,-45.880438],[-67.519046,-45.880308],[-67.517821,-45.879412],[-67.517735,-45.879319],[-67.5178,-45.879207],[-67.517844,-45.87914],[-67.519014,-45.878391],[-67.518975,-45.878327],[-67.518902,-45.87827],[-67.512727,-45.873605],[-67.512704,-45.87355],[-67.512705,-45.873399],[-67.51271,-45.873331],[-67.512687,-45.873286],[-67.512585,-45.87325],[-67.512334,-45.873235],[-67.50656,-45.873236],[-67.506494,-45.873188],[-67.50651,-45.872304],[-67.506409,-45.872104],[-67.505651,-45.87101],[-67.504459,-45.869924],[-67.504375,-45.869876],[-67.504227,-45.869915],[-67.504068,-45.869968],[-67.503867,-45.870007],[-67.501919,-45.870011],[-67.49736,-45.869983],[-67.497267,-45.869929],[-67.497256,-45.862467],[-67.497196,-45.862433],[-67.49579,-45.862437],[-67.495639,-45.862432],[-67.484738,-45.862457],[-67.484619,-45.862494],[-67.484605,-45.862543],[-67.484619,-45.863464],[-67.484466,-45.863492],[-67.481661,-45.863476],[-67.481512,-45.863556],[-67.481334,-45.863647],[-67.480898,-45.863674],[-67.480247,-45.863675],[-67.479965,-45.863637],[-67.479939,-45.86346],[-67.479957,-45.862817],[-67.479974,-45.86236],[-67.479978,-45.862201],[-67.480044,-45.862162],[-67.48026,-45.862157],[-67.481396,-45.862166],[-67.481482,-45.862219],[-67.481513,-45.863326],[-67.481521,-45.863912],[-67.481497,-45.864432],[-67.48151,-45.864529],[-67.481615,-45.864612],[-67.481875,-45.864746],[-67.482877,-45.865208],[-67.4831,-45.86534],[-67.483788,-45.865649],[-67.484394,-45.865901],[-67.484718,-45.866034],[-67.485132,-45.866182],[-67.485641,-45.866391],[-67.486247,-45.866747],[-67.486956,-45.867147],[-67.48779,-45.867733],[-67.489239,-45.868776],[-67.49,-45.869331],[-67.490304,-45.86958],[-67.490788,-45.869982],[-67.491221,-45.870298],[-67.491841,-45.870733],[-67.492297,-45.870965],[-67.492745,-45.871215],[-67.493311,-45.871477],[-67.493437,-45.871565],[-67.493402,-45.871652],[-67.492832,-45.872077]]}},{"type":"Feature","properties":{"linea":"5","sentido":"vuelta","nombre":"Estadio Centenario - Abel Amaya"},"geometry":{"type":"LineString","coordinates":[[-67.492696,-45.872161],[-67.491983,-45.872766],[-67.491753,-45.872875],[-67.491604,-45.872867],[-67.491401,-45.872753],[-67.490097,-45.872013],[-67.487991,-45.87077],[-67.486519,-45.869857],[-67.486301,-45.869717],[-67.486239,-45.869526],[-67.486235,-45.869182],[-67.48618,-45.86902],[-67.485951,-45.868923],[-67.480259,-45.866285],[-67.480104,-45.866196],[-67.480007,-45.866059],[-67.479946,-45.86581],[-67.479954,-45.864698],[-67.479942,-45.862327],[-67.479954,-45.862226],[-67.48006,-45.862153],[-67.487886,-45.862155],[-67.488312,-45.862168],[-67.48896,-45.862163],[-67.490598,-45.862134],[-67.493682,-45.862127],[-67.493751,-45.8621],[-67.493791,-45.862065],[-67.493842,-45.862002],[-67.493827,-45.861791],[-67.493814,-45.860113],[-67.493834,-45.860069],[-67.493894,-45.860028],[-67.494001,-45.860014],[-67.496562,-45.860003],[-67.498661,-45.860011],[-67.498717,-45.860022],[-67.498776,-45.860058],[-67.49881,-45.860112],[-67.49882,-45.860184],[-67.498832,-45.862222],[-67.498881,-45.870966],[-67.498927,-45.871017],[-67.499108,-45.871072],[-67.499211,-45.871198],[-67.499248,-45.873378],[-67.499336,-45.873382],[-67.500273,-45.873231],[-67.500346,-45.873195],[-67.500369,-45.871044],[-67.501826,-45.871042],[-67.501895,-45.871018],[-67.50196,-45.870867],[-67.501925,-45.870677],[-67.501933,-45.869986],[-67.502028,-45.869938],[-67.502205,-45.869933],[-67.503605,-45.869951],[-67.503743,-45.869948],[-67.503855,-45.869925],[-67.504082,-45.869833],[-67.504151,-45.869797],[-67.504297,-45.869794],[-67.504396,-45.869821],[-67.504543,-45.869931],[-67.504832,-45.870164],[-67.505534,-45.870815],[-67.505672,-45.870963],[-67.505786,-45.871094],[-67.506213,-45.871728],[-67.506423,-45.872052],[-67.506507,-45.872143],[-67.506667,-45.872164],[-67.506888,-45.872192],[-67.512701,-45.872158],[-67.512696,-45.873231],[-67.513067,-45.873247],[-67.513288,-45.873406],[-67.511845,-45.874357],[-67.511911,-45.874444],[-67.512402,-45.87481],[-67.517889,-45.878962],[-67.518037,-45.879118],[-67.518037,-45.879162],[-67.517933,-45.879241],[-67.517829,-45.879324],[-67.517884,-45.879365],[-67.519075,-45.880214],[-67.519154,-45.880256],[-67.519236,-45.880253],[-67.519368,-45.880171],[-67.519491,-45.880171],[-67.51956,-45.880206],[-67.52002,-45.880555],[-67.52002,-45.880634],[-67.519966,-45.880678],[-67.519902,-45.880748],[-67.519889,-45.880812],[-67.519962,-45.880891],[-67.521629,-45.882133],[-67.521996,-45.882344],[-67.522206,-45.882379],[-67.522822,-45.8824],[-67.524074,-45.882468],[-67.528217,-45.882671],[-67.529872,-45.882755],[-67.531196,-45.882824],[-67.534589,-45.883012],[-67.535605,-45.883059],[-67.536807,-45.883125],[-67.541485,-45.88335],[-67.541661,-45.883349],[-67.541833,-45.883327],[-67.542023,-45.883305],[-67.542209,-45.883311],[-67.542332,-45.883393],[-67.542351,-45.883472],[-67.542305,-45.883551],[-67.542201,-45.883576]]}},{"type":"Feature","properties":{"linea":"5U","sentido":"completo","nombre":"Abel Amaya - Las Orquídeas"},"geometry":{"type":"MultiLineString","coordinates":[[[-67.468205,-45.823423],[-67.467908,-45.823717],[-67.467292,-45.823983],[-67.466774,-45.82413],[-67.466541,-45.823407],[-67.466645,-45.82307],[-67.466985,-45.822759],[-67.467574,-45.822696],[-67.467947,-45.822827],[-67.4682,-45.823026],[-67.468205,-45.823423]],[[-67.475375,-45.862183],[-67.493868,-45.862135],[-67.493894,-45.860031],[-67.498871,-45.859987],[-67.498813,-45.869981],[-67.497297,-45.869976],[-67.49726,-45.862456],[-67.495718,-45.862463],[-67.484537,-45.862445],[-67.484573,-45.865864],[-67.484291,-45.866074],[-67.484303,-45.868056],[-67.480039,-45.86624],[-67.479881,-45.86445],[-67.47619,-45.863714],[-67.475425,-45.863572],[-67.475066,-45.863295],[-67.475003,-45.862828],[-67.474042,-45.861662],[-67.474185,-45.861201],[-67.475282,-45.859318],[-67.476109,-45.856521],[-67.476118,-45.855655],[-67.476382,-45.855107],[-67.476742,-45.854727],[-67.477414,-45.854228],[-67.477697,-45.853814],[-67.477697,-45.853427],[-67.47739,-45.852789],[-67.476781,-45.851851],[-67.476674,-45.851494],[-67.476671,-45.851308],[-67.477091,-45.84962],[-67.47714,-45.849189],[-67.477056,-45.848842],[-67.476734,-45.848377],[-67.475939,-45.847756],[-67.475394,-45.847302],[-67.475151,-45.846942],[-67.475086,-45.846397],[-67.475692,-45.844591],[-67.476104,-45.843342],[-67.476386,-45.841511],[-67.476343,-45.839549],[-67.475806,-45.839455],[-67.474744,-45.839466],[-67.474781,-45.837794],[-67.476254,-45.838087],[-67.476341,-45.837993],[-67.476373,-45.837085],[-67.476131,-45.836277],[-67.475356,-45.835658],[-67.474046,-45.834659],[-67.46915,-45.828932],[-67.468456,-45.827983],[-67.468064,-45.827286],[-67.467347,-45.826365],[-67.465964,-45.824796],[-67.465869,-45.824762],[-67.465535,-45.824685],[-67.46529,-45.824495],[-67.464968,-45.824332],[-67.463845,-45.824266],[-67.462849,-45.824025],[-67.460213,-45.822679],[-67.45927,-45.822457],[-67.458678,-45.822352],[-67.458107,-45.822393],[-67.45771,-45.822306],[-67.456909,-45.821454],[-67.456572,-45.82059],[-67.456223,-45.819528],[-67.456248,-45.819383],[-67.45633,-45.819262],[-67.456484,-45.819206],[-67.456727,-45.819185],[-67.456875,-45.819094],[-67.457168,-45.81768],[-67.457116,-45.817272],[-67.455967,-45.813483],[-67.455715,-45.813505],[-67.454628,-45.81394],[-67.454343,-45.813893],[-67.453978,-45.813967],[-67.453781,-45.814126],[-67.453467,-45.81426],[-67.452712,-45.815137],[-67.452518,-45.815139],[-67.452055,-45.814722],[-67.451165,-45.814321],[-67.450674,-45.814855],[-67.450288,-45.815052],[-67.449862,-45.815246],[-67.449051,-45.815401],[-67.445722,-45.814951],[-67.444791,-45.81396],[-67.444581,-45.813738],[-67.444543,-45.813676],[-67.444123,-45.813854],[-67.440419,-45.8146],[-67.440251,-45.814758],[-67.440082,-45.814657],[-67.44012,-45.814518],[-67.440344,-45.81452],[-67.440586,-45.814508],[-67.444045,-45.813818],[-67.447153,-45.812474],[-67.447712,-45.812234],[-67.448896,-45.811711],[-67.449273,-45.811488],[-67.449566,-45.811144],[-67.450038,-45.810149],[-67.450088,-45.809409],[-67.450112,-45.808864],[-67.449949,-45.808701],[-67.449658,-45.808501],[-67.449629,-45.808286],[-67.450092,-45.808147],[-67.450736,-45.808033],[-67.451428,-45.808044],[-67.452825,-45.808178],[-67.454079,-45.808319],[-67.454654,-45.808405],[-67.455603,-45.80788],[-67.456002,-45.807555],[-67.457129,-45.808448],[-67.457474,-45.808406],[-67.458239,-45.808953],[-67.458199,-45.8088],[-67.459981,-45.808349],[-67.461055,-45.808278],[-67.461774,-45.808316],[-67.462374,-45.808381],[-67.462894,-45.807072],[-67.462942,-45.807057],[-67.463673,-45.806765],[-67.464968,-45.808018],[-67.463123,-45.808428],[-67.463069,-45.808872],[-67.459865,-45.810319],[-67.455828,-45.810259],[-67.45548,-45.810502],[-67.455396,-45.811089],[-67.456627,-45.815273],[-67.457327,-45.817892],[-67.456767,-45.820421],[-67.45734,-45.821628],[-67.457854,-45.82202],[-67.458784,-45.822253],[-67.460109,-45.822557],[-67.460636,-45.822759],[-67.462629,-45.823802],[-67.463671,-45.824147],[-67.464715,-45.824232],[-67.465523,-45.824231],[-67.465908,-45.824231],[-67.466375,-45.824244],[-67.466774,-45.82413],[-67.466838,-45.824328],[-67.467999,-45.826788],[-67.46918,-45.828698],[-67.472417,-45.832508],[-67.473729,-45.83396],[-67.474744,-45.834879],[-67.475391,-45.835452],[-67.475849,-45.835861],[-67.476121,-45.83613],[-67.476504,-45.83687],[-67.476492,-45.836999],[-67.476504,-45.837539],[-67.476442,-45.838033],[-67.476577,-45.838141],[-67.476595,-45.838518],[-67.47665,-45.839607],[-67.476608,-45.83992],[-67.476561,-45.840025],[-67.476505,-45.841592],[-67.476233,-45.843326],[-67.475531,-45.84553],[-67.475225,-45.846501],[-67.47523,-45.846741],[-67.475305,-45.847008],[-67.475524,-45.847299],[-67.476825,-45.848361],[-67.477088,-45.848662],[-67.477241,-45.848975],[-67.477281,-45.849184],[-67.477215,-45.849844],[-67.477108,-45.850202],[-67.47686,-45.851192],[-67.476872,-45.851536],[-67.476936,-45.851777],[-67.477094,-45.852171],[-67.47766,-45.852897],[-67.477837,-45.853344],[-67.477922,-45.853707],[-67.47772,-45.854142],[-67.477262,-45.854497],[-67.476726,-45.854952],[-67.476473,-45.855342],[-67.47627,-45.855875],[-67.476308,-45.856267],[-67.476263,-45.856646],[-67.475517,-45.859195],[-67.475391,-45.860018],[-67.475371,-45.860962],[-67.475375,-45.862183]],[[-67.504347,-45.869845],[-67.504014,-45.869998],[-67.501893,-45.869991],[-67.501891,-45.869919],[-67.504114,-45.869942],[-67.504364,-45.869747],[-67.505663,-45.87092],[-67.506671,-45.872198],[-67.51273,-45.872155],[-67.512722,-45.8732],[-67.51308,-45.873228],[-67.513303,-45.873382],[-67.512877,-45.873661],[-67.512728,-45.873547],[-67.512712,-45.87329],[-67.512489,-45.873225],[-67.506512,-45.873212],[-67.506541,-45.872188],[-67.505649,-45.870941],[-67.504347,-45.869845]],[[-67.499207,-45.871093],[-67.498807,-45.871064],[-67.498813,-45.869981],[-67.501893,-45.869991],[-67.501928,-45.871063],[-67.50036,-45.871005],[-67.500405,-45.873309],[-67.499227,-45.873487],[-67.499207,-45.871093]],[[-67.517957,-45.879053],[-67.511831,-45.874346],[-67.512877,-45.873661],[-67.519047,-45.878358],[-67.517957,-45.879053]],[[-67.518786,-45.880491],[-67.519057,-45.880347],[-67.517623,-45.879266],[-67.517957,-45.879053],[-67.51807,-45.87914],[-67.517816,-45.879341],[-67.519213,-45.880292],[-67.519442,-45.880144],[-67.520168,-45.880642],[-67.519882,-45.880841],[-67.521941,-45.8823],[-67.521752,-45.882422],[-67.5197,-45.88081],[-67.519405,-45.880985],[-67.518786,-45.880491]],[[-67.528893,-45.882694],[-67.527264,-45.882629],[-67.52204,-45.88237],[-67.521941,-45.8823],[-67.523648,-45.8812],[-67.528439,-45.881456],[-67.531718,-45.881646],[-67.533735,-45.881713],[-67.533644,-45.882932],[-67.531331,-45.882811],[-67.528893,-45.882694]],[[-67.54071,-45.882432],[-67.541204,-45.882839],[-67.541567,-45.883058],[-67.541726,-45.88327],[-67.541704,-45.883349],[-67.541548,-45.883354],[-67.540851,-45.88334],[-67.540066,-45.883274],[-67.538854,-45.883204],[-67.53878,-45.883157],[-67.53885,-45.882157],[-67.538912,-45.881985],[-67.540215,-45.882034],[-67.54071,-45.882432]],[[-67.542084,-45.883572],[-67.538651,-45.883376],[-67.533626,-45.883179],[-67.533644,-45.882932],[-67.538799,-45.883201],[-67.538854,-45.883204],[-67.538939,-45.883258],[-67.539841,-45.883315],[-67.541509,-45.883391],[-67.541691,-45.883398],[-67.541683,-45.883428],[-67.541813,-45.883515],[-67.542218,-45.883539],[-67.542084,-45.883572]],[[-67.541948,-45.883323],[-67.542205,-45.883337],[-67.542379,-45.883431],[-67.54238,-45.883549],[-67.542218,-45.883539],[-67.542248,-45.883532],[-67.542287,-45.883468],[-67.542233,-45.883394],[-67.542079,-45.883377],[-67.541832,-45.883381],[-67.541692,-45.883398],[-67.541691,-45.883398],[-67.541704,-45.883349],[-67.54176,-45.883347],[-67.541948,-45.883323]]]}},{"type":"Feature","properties":{"linea":"6H","sentido":"horario","nombre":"Estadio Centenario - Stella Maris - Máximo Abásolo - General Mosconi - Centro"},"geometry":{"type":"LineString","coordinates":[[-67.492804,-45.872139],[-67.491959,-45.872814],[-67.491688,-45.872944],[-67.490262,-45.8721],[-67.490253,-45.872033],[-67.49035,-45.871957],[-67.491546,-45.870979],[-67.491707,-45.870911],[-67.491862,-45.870872],[-67.492085,-45.870892],[-67.49487,-45.87215],[-67.497339,-45.87311],[-67.498431,-45.873741],[-67.499257,-45.874446],[-67.500815,-45.875646],[-67.502026,-45.87603],[-67.5038,-45.876694],[-67.506781,-45.875326],[-67.509103,-45.877471],[-67.510702,-45.87643],[-67.512542,-45.877885],[-67.506258,-45.881887],[-67.507377,-45.882334],[-67.50753,-45.882692],[-67.511312,-45.888029],[-67.511592,-45.888644],[-67.511782,-45.889211],[-67.511958,-45.889835],[-67.512366,-45.8909],[-67.513912,-45.892646],[-67.514645,-45.89342],[-67.515012,-45.894293],[-67.515265,-45.894699],[-67.515544,-45.895123],[-67.51673,-45.895514],[-67.517104,-45.895503],[-67.517356,-45.895293],[-67.523248,-45.886569],[-67.53106,-45.889147],[-67.531162,-45.888949],[-67.531436,-45.885658],[-67.531496,-45.884686],[-67.531455,-45.883591],[-67.53134,-45.883068],[-67.531332,-45.882737],[-67.531715,-45.87948],[-67.531761,-45.879058],[-67.527615,-45.87882],[-67.527439,-45.878667],[-67.52748,-45.878592],[-67.528907,-45.877656],[-67.534676,-45.873935],[-67.530684,-45.870883],[-67.549899,-45.858549],[-67.550069,-45.858328],[-67.550588,-45.857053],[-67.550726,-45.856838],[-67.556769,-45.854813],[-67.55691,-45.854534],[-67.556837,-45.854075],[-67.556905,-45.853838],[-67.557195,-45.853585],[-67.558581,-45.853211],[-67.559359,-45.853171],[-67.559957,-45.853163],[-67.560699,-45.85334],[-67.561096,-45.853412],[-67.561564,-45.853315],[-67.562224,-45.853019],[-67.562396,-45.852588],[-67.562236,-45.852221],[-67.561854,-45.851751],[-67.560897,-45.851081],[-67.560314,-45.850907],[-67.558667,-45.85053],[-67.551144,-45.849236],[-67.549772,-45.848889],[-67.54898,-45.848609],[-67.547994,-45.847949],[-67.546299,-45.846224],[-67.545546,-45.845611],[-67.544704,-45.845197],[-67.543991,-45.844946],[-67.543522,-45.844872],[-67.542713,-45.844738],[-67.541039,-45.844708],[-67.540065,-45.844782],[-67.534111,-45.846598],[-67.533656,-45.846688],[-67.533005,-45.846695],[-67.530767,-45.846318],[-67.529163,-45.846193],[-67.526473,-45.8457],[-67.523268,-45.845496],[-67.520178,-45.844399],[-67.519053,-45.843933],[-67.518776,-45.843892],[-67.518728,-45.843773],[-67.518669,-45.843717],[-67.517931,-45.843371],[-67.515771,-45.842354],[-67.514425,-45.841739],[-67.510205,-45.839277],[-67.509953,-45.839244],[-67.509605,-45.839252],[-67.506279,-45.839755],[-67.503481,-45.839747],[-67.50346,-45.839909],[-67.503369,-45.839928],[-67.50254,-45.839924],[-67.501794,-45.839911],[-67.501415,-45.839894],[-67.500668,-45.839875],[-67.499944,-45.83977],[-67.499471,-45.839703],[-67.499062,-45.839677],[-67.497683,-45.839647],[-67.496999,-45.839791],[-67.496617,-45.839869],[-67.496524,-45.839831],[-67.496335,-45.839476],[-67.496242,-45.839414],[-67.495278,-45.839424],[-67.492944,-45.839353],[-67.490185,-45.839212],[-67.487702,-45.839162],[-67.48412,-45.839067],[-67.479741,-45.838828],[-67.479403,-45.838823],[-67.479276,-45.838916],[-67.479224,-45.839078],[-67.479129,-45.83974],[-67.479031,-45.83978],[-67.476746,-45.839784],[-67.476607,-45.839907],[-67.476513,-45.840097],[-67.476504,-45.84159],[-67.476256,-45.843268],[-67.476214,-45.843661],[-67.475224,-45.846388],[-67.47518,-45.846748],[-67.475291,-45.847101],[-67.475506,-45.847339],[-67.47669,-45.848231],[-67.476999,-45.848543],[-67.477177,-45.848813],[-67.477258,-45.849024],[-67.4773,-45.849273],[-67.477248,-45.849593],[-67.47686,-45.85106],[-67.476821,-45.851335],[-67.476838,-45.85164],[-67.477062,-45.852061],[-67.477566,-45.852802],[-67.477768,-45.853148],[-67.477839,-45.853485],[-67.477863,-45.853728],[-67.477764,-45.854004],[-67.477523,-45.854316],[-67.477008,-45.854699],[-67.476646,-45.855038],[-67.47641,-45.855348],[-67.476307,-45.855567],[-67.476278,-45.85587],[-67.476256,-45.856223],[-67.476265,-45.856527],[-67.476177,-45.856923],[-67.475953,-45.857749],[-67.475708,-45.858646],[-67.475765,-45.85902],[-67.476109,-45.859554],[-67.476643,-45.859865],[-67.477129,-45.859987],[-67.478468,-45.860007],[-67.481411,-45.859983],[-67.481488,-45.860071],[-67.481523,-45.864589],[-67.481596,-45.864649],[-67.482472,-45.865018],[-67.483603,-45.865558],[-67.484563,-45.865994],[-67.485264,-45.866249],[-67.485755,-45.866459],[-67.487403,-45.86741],[-67.489431,-45.868947],[-67.491995,-45.870772],[-67.492675,-45.871148],[-67.493298,-45.871504],[-67.493425,-45.871592],[-67.493129,-45.87185],[-67.492909,-45.872036]]}},{"type":"Feature","properties":{"linea":"6AH","sentido":"antihorario","nombre":"Estadio Centenario - Centro - General Mosconi - Máximo Abásolo - Stella Maris - Centro"},"geometry":{"type":"LineString","coordinates":[[-67.492682,-45.87215],[-67.49186,-45.872836],[-67.491709,-45.87293],[-67.491494,-45.872845],[-67.488202,-45.870933],[-67.486621,-45.869942],[-67.486384,-45.869785],[-67.486268,-45.869641],[-67.486274,-45.869259],[-67.486209,-45.869093],[-67.480134,-45.866235],[-67.479986,-45.86612],[-67.479951,-45.865893],[-67.479945,-45.864569],[-67.479851,-45.864473],[-67.475702,-45.863618],[-67.475442,-45.863544],[-67.475266,-45.863403],[-67.475173,-45.863235],[-67.47512,-45.862938],[-67.474824,-45.862557],[-67.47441,-45.862148],[-67.474159,-45.861767],[-67.474128,-45.861441],[-67.474416,-45.860852],[-67.47511,-45.859701],[-67.47536,-45.859181],[-67.475633,-45.858236],[-67.475842,-45.857437],[-67.476021,-45.856783],[-67.476114,-45.856442],[-67.476102,-45.855833],[-67.476172,-45.855466],[-67.476318,-45.855188],[-67.476488,-45.855011],[-67.476854,-45.854674],[-67.477365,-45.854294],[-67.477591,-45.854027],[-67.477736,-45.853597],[-67.477678,-45.853286],[-67.477507,-45.852977],[-67.477096,-45.852348],[-67.476785,-45.851813],[-67.476707,-45.851386],[-67.47674,-45.85093],[-67.476988,-45.850119],[-67.477108,-45.849508],[-67.477111,-45.849116],[-67.477064,-45.848828],[-67.47686,-45.848536],[-67.476601,-45.848261],[-67.475917,-45.847755],[-67.475295,-45.847239],[-67.475103,-45.846876],[-67.475113,-45.846391],[-67.475512,-45.84512],[-67.476026,-45.843692],[-67.476201,-45.842783],[-67.476402,-45.84165],[-67.476441,-45.840893],[-67.476422,-45.840073],[-67.476348,-45.839665],[-67.47625,-45.839562],[-67.4761,-45.839518],[-67.475841,-45.839472],[-67.475624,-45.839472],[-67.475286,-45.839463],[-67.474972,-45.839471],[-67.474811,-45.839467],[-67.474754,-45.839399],[-67.474749,-45.83926],[-67.474745,-45.838761],[-67.474746,-45.838381],[-67.474728,-45.838051],[-67.474738,-45.837901],[-67.474785,-45.837822],[-67.47489,-45.837799],[-67.475066,-45.837818],[-67.475635,-45.837943],[-67.47613,-45.838066],[-67.476412,-45.838141],[-67.476595,-45.838165],[-67.476891,-45.838241],[-67.477498,-45.838397],[-67.477751,-45.838453],[-67.478575,-45.838645],[-67.478948,-45.838704],[-67.479249,-45.838745],[-67.479975,-45.838785],[-67.480979,-45.838863],[-67.482334,-45.838932],[-67.48353,-45.839005],[-67.485046,-45.839064],[-67.486107,-45.839057],[-67.487868,-45.839126],[-67.488384,-45.839137],[-67.489119,-45.839142],[-67.489987,-45.839158],[-67.49099,-45.839201],[-67.494048,-45.839363],[-67.494841,-45.839372],[-67.495424,-45.839376],[-67.495805,-45.839337],[-67.496052,-45.839305],[-67.496299,-45.839333],[-67.496522,-45.839632],[-67.497375,-45.839665],[-67.499278,-45.839699],[-67.499981,-45.839788],[-67.50064,-45.83986],[-67.501516,-45.839913],[-67.50236,-45.8399],[-67.502814,-45.839922],[-67.503421,-45.839948],[-67.503439,-45.839808],[-67.503471,-45.839703],[-67.504746,-45.839734],[-67.506301,-45.839732],[-67.50675,-45.839691],[-67.507696,-45.839535],[-67.508484,-45.839399],[-67.509203,-45.839273],[-67.509659,-45.839205],[-67.510307,-45.839052],[-67.510833,-45.838947],[-67.511163,-45.838947],[-67.511486,-45.83913],[-67.511488,-45.839426],[-67.511489,-45.839738],[-67.511736,-45.840024],[-67.513673,-45.841185],[-67.514962,-45.841893],[-67.516314,-45.842482],[-67.518214,-45.843338],[-67.518461,-45.843489],[-67.518687,-45.843553],[-67.519141,-45.843641],[-67.519237,-45.843828],[-67.519663,-45.84406],[-67.52062,-45.844519],[-67.521805,-45.844956],[-67.522766,-45.845288],[-67.523706,-45.845493],[-67.525384,-45.845544],[-67.526567,-45.845633],[-67.527615,-45.845823],[-67.528547,-45.845988],[-67.529096,-45.846091],[-67.529929,-45.846159],[-67.530573,-45.84622],[-67.531382,-45.846319],[-67.532106,-45.846456],[-67.532691,-45.846577],[-67.533301,-45.846644],[-67.533934,-45.846577],[-67.534732,-45.846346],[-67.538453,-45.845128],[-67.53943,-45.844836],[-67.540063,-45.844709],[-67.540809,-45.844612],[-67.541668,-45.844627],[-67.542333,-45.844662],[-67.543208,-45.844741],[-67.543938,-45.844854],[-67.544904,-45.845171],[-67.545686,-45.845593],[-67.546465,-45.84621],[-67.546889,-45.846705],[-67.547561,-45.847444],[-67.548283,-45.848056],[-67.549181,-45.848598],[-67.550406,-45.848977],[-67.55205,-45.849318],[-67.553747,-45.849613],[-67.55637,-45.850014],[-67.558225,-45.85035],[-67.559273,-45.850597],[-67.560459,-45.850889],[-67.561085,-45.85113],[-67.561749,-45.851524],[-67.562115,-45.851906],[-67.56241,-45.852303],[-67.562558,-45.852649],[-67.562559,-45.852852],[-67.562566,-45.853181],[-67.562563,-45.85347],[-67.562534,-45.853657],[-67.562326,-45.853819],[-67.562061,-45.853879],[-67.561743,-45.853798],[-67.561271,-45.853645],[-67.560637,-45.853419],[-67.560063,-45.853241],[-67.559604,-45.853218],[-67.559156,-45.853226],[-67.558684,-45.853266],[-67.558113,-45.853348],[-67.557578,-45.853534],[-67.557139,-45.853732],[-67.556923,-45.854014],[-67.556949,-45.854312],[-67.556969,-45.854575],[-67.556793,-45.854884],[-67.556243,-45.855147],[-67.554844,-45.85556],[-67.552761,-45.856249],[-67.551546,-45.856639],[-67.551062,-45.856791],[-67.550784,-45.856932],[-67.55073,-45.856987],[-67.550639,-45.857176],[-67.550496,-45.857595],[-67.55028,-45.858106],[-67.550272,-45.858466],[-67.550417,-45.858693],[-67.550786,-45.859426],[-67.550585,-45.859466],[-67.550386,-45.85946],[-67.548808,-45.859515],[-67.548501,-45.859568],[-67.545547,-45.861527],[-67.528288,-45.872603],[-67.528249,-45.87268],[-67.528289,-45.872764],[-67.532086,-45.875655],[-67.532466,-45.875982],[-67.532606,-45.876066],[-67.532626,-45.876204],[-67.532575,-45.876295],[-67.532393,-45.876472],[-67.532221,-45.876571],[-67.532221,-45.876825],[-67.531727,-45.881222],[-67.531595,-45.882859],[-67.531616,-45.883149],[-67.531556,-45.883459],[-67.531567,-45.883823],[-67.531609,-45.884569],[-67.531542,-45.885235],[-67.531211,-45.888662],[-67.531176,-45.888939],[-67.53112,-45.889175],[-67.530815,-45.889318],[-67.53032,-45.889149],[-67.529012,-45.888695],[-67.524677,-45.887294],[-67.52345,-45.886888],[-67.523221,-45.886888],[-67.52307,-45.887141],[-67.520715,-45.890586],[-67.517538,-45.895291],[-67.517391,-45.895463],[-67.517303,-45.895541],[-67.517155,-45.895596],[-67.517034,-45.895653],[-67.51695,-45.895758],[-67.516865,-45.89589],[-67.516685,-45.896014],[-67.516485,-45.896003],[-67.516389,-45.895998],[-67.51626,-45.89593],[-67.51597,-45.895657],[-67.515639,-45.895352],[-67.515333,-45.895022],[-67.515013,-45.894556],[-67.514724,-45.893824],[-67.514588,-45.893447],[-67.514124,-45.892875],[-67.513247,-45.891984],[-67.512554,-45.891247],[-67.512275,-45.890793],[-67.512038,-45.890227],[-67.511855,-45.889654],[-67.511695,-45.889147],[-67.511511,-45.888706],[-67.511348,-45.888397],[-67.510998,-45.887888],[-67.510089,-45.886448],[-67.508629,-45.884391],[-67.507829,-45.883308],[-67.507452,-45.882677],[-67.50734,-45.882497],[-67.507104,-45.882393],[-67.506427,-45.882085],[-67.506078,-45.881913],[-67.506047,-45.88174],[-67.506314,-45.88159],[-67.50939,-45.879596],[-67.50944,-45.879511],[-67.509156,-45.879354],[-67.50602,-45.87805],[-67.50278,-45.876663],[-67.502576,-45.876599],[-67.502299,-45.876461],[-67.50213,-45.876335],[-67.501678,-45.87612],[-67.500973,-45.875822],[-67.500436,-45.87542],[-67.499963,-45.875072],[-67.499375,-45.874714],[-67.498907,-45.874567],[-67.498518,-45.874532],[-67.498172,-45.874578],[-67.497601,-45.874788],[-67.496974,-45.875126],[-67.496374,-45.87529],[-67.4959,-45.87531],[-67.495433,-45.875222],[-67.495149,-45.875113],[-67.491685,-45.873036],[-67.490269,-45.872173],[-67.490158,-45.872071],[-67.490423,-45.871877],[-67.491053,-45.87134],[-67.491557,-45.870947],[-67.491741,-45.870912],[-67.491908,-45.870888],[-67.492167,-45.870943],[-67.492757,-45.871226],[-67.493195,-45.871445],[-67.493374,-45.871514],[-67.493382,-45.871629],[-67.493232,-45.871738],[-67.49292,-45.871981],[-67.492754,-45.872097]]}},{"type":"Feature","properties":{"linea":"7","sentido":"ida","nombre":"Estadio Centenario - Laprida"},"geometry":{"type":"LineString","coordinates":[[-67.492617,-45.872245],[-67.491903,-45.872864],[-67.491671,-45.87292],[-67.490263,-45.872081],[-67.490265,-45.871993],[-67.490931,-45.87144],[-67.490839,-45.871331],[-67.488711,-45.870012],[-67.487999,-45.869638],[-67.487814,-45.869577],[-67.487577,-45.869528],[-67.487339,-45.869455],[-67.487023,-45.869253],[-67.486361,-45.868823],[-67.486365,-45.86807],[-67.484458,-45.868075],[-67.484071,-45.868072],[-67.480153,-45.866269],[-67.479904,-45.865976],[-67.479869,-45.86451],[-67.479795,-45.864445],[-67.475923,-45.863638],[-67.475584,-45.863583],[-67.475424,-45.863532],[-67.475136,-45.86327],[-67.475084,-45.863009],[-67.474964,-45.86279],[-67.474805,-45.862577],[-67.474527,-45.86227],[-67.474114,-45.861774],[-67.474016,-45.86154],[-67.474224,-45.861182],[-67.474529,-45.860705],[-67.474914,-45.860027],[-67.475155,-45.859601],[-67.475376,-45.859031],[-67.475666,-45.858165],[-67.475914,-45.857284],[-67.476108,-45.856637],[-67.476122,-45.85626],[-67.47611,-45.855914],[-67.476167,-45.855531],[-67.476381,-45.855085],[-67.476761,-45.854705],[-67.476919,-45.854597],[-67.477234,-45.854394],[-67.477498,-45.854094],[-67.477655,-45.853775],[-67.4777,-45.853545],[-67.477656,-45.853266],[-67.477574,-45.853111],[-67.477212,-45.852511],[-67.477029,-45.852234],[-67.476798,-45.851873],[-67.476709,-45.851574],[-67.476723,-45.851284],[-67.476807,-45.85084],[-67.476935,-45.850254],[-67.477045,-45.849847],[-67.477058,-45.849558],[-67.477111,-45.849199],[-67.477074,-45.848937],[-67.476986,-45.848759],[-67.476833,-45.848431],[-67.476597,-45.848231],[-67.475588,-45.847481],[-67.475366,-45.847305],[-67.475193,-45.847028],[-67.475115,-45.846791],[-67.475094,-45.846547],[-67.475215,-45.846199],[-67.47538,-45.845623],[-67.475627,-45.844864],[-67.476055,-45.843614],[-67.476127,-45.843347],[-67.476204,-45.842917],[-67.476321,-45.841996],[-67.476383,-45.841673],[-67.476421,-45.841293],[-67.476444,-45.840914],[-67.476414,-45.840331],[-67.476399,-45.839909],[-67.476366,-45.839687],[-67.476293,-45.839561],[-67.476165,-45.839493],[-67.475382,-45.839474],[-67.475102,-45.839497],[-67.474871,-45.839462],[-67.474805,-45.839356],[-67.4748,-45.838912],[-67.47475,-45.838027],[-67.474878,-45.837895],[-67.475052,-45.83789],[-67.475453,-45.837939],[-67.476207,-45.83808],[-67.476733,-45.838192],[-67.477616,-45.838359],[-67.477888,-45.838393],[-67.478067,-45.83831],[-67.47818,-45.837353],[-67.478299,-45.837016],[-67.478264,-45.836811],[-67.477979,-45.836776],[-67.477643,-45.836726],[-67.477388,-45.836578],[-67.47746,-45.836317],[-67.478071,-45.83598],[-67.478213,-45.835873],[-67.478339,-45.835706],[-67.478416,-45.835377],[-67.478398,-45.835086],[-67.478281,-45.834795],[-67.478163,-45.834453],[-67.478001,-45.834217],[-67.477857,-45.834057],[-67.477441,-45.833451],[-67.476904,-45.832825],[-67.476316,-45.831957],[-67.476056,-45.831614],[-67.47576,-45.831362],[-67.475508,-45.831199],[-67.475266,-45.831084],[-67.474839,-45.830868],[-67.473393,-45.830068],[-67.471771,-45.82916],[-67.470639,-45.828519],[-67.470226,-45.828334],[-67.469966,-45.828306],[-67.469738,-45.828421],[-67.469538,-45.828704],[-67.469407,-45.828851],[-67.469237,-45.828929],[-67.469059,-45.828857],[-67.468767,-45.828462],[-67.468339,-45.827816],[-67.468189,-45.827522],[-67.467768,-45.82698],[-67.467433,-45.826466],[-67.467076,-45.826025],[-67.466372,-45.825278],[-67.466158,-45.825047],[-67.465975,-45.82484],[-67.465685,-45.824771],[-67.46545,-45.824681],[-67.465355,-45.824475],[-67.465461,-45.824308],[-67.46576,-45.82424],[-67.466176,-45.824239],[-67.46662,-45.824218],[-67.467211,-45.824057],[-67.46779,-45.823906],[-67.468304,-45.823699],[-67.468595,-45.823471],[-67.469119,-45.823022],[-67.469667,-45.822554],[-67.470419,-45.821922],[-67.470901,-45.82141],[-67.471457,-45.821092],[-67.472189,-45.820863],[-67.472901,-45.820655],[-67.473847,-45.820429],[-67.474942,-45.820118],[-67.475625,-45.819915],[-67.476239,-45.819783],[-67.476765,-45.81972],[-67.477637,-45.819671],[-67.478221,-45.819708],[-67.478865,-45.819782],[-67.479499,-45.819936],[-67.48028,-45.820268],[-67.480835,-45.820457],[-67.481662,-45.820584],[-67.482946,-45.820666],[-67.483972,-45.820724],[-67.485082,-45.820655],[-67.486314,-45.820606],[-67.487268,-45.820515],[-67.488281,-45.820437],[-67.490043,-45.820368],[-67.491219,-45.820348],[-67.492034,-45.820466],[-67.494142,-45.821138],[-67.495385,-45.821518],[-67.495875,-45.821586],[-67.496472,-45.821489],[-67.49712,-45.821207],[-67.497626,-45.821061],[-67.498045,-45.82099],[-67.498678,-45.820983],[-67.499768,-45.820971],[-67.500819,-45.820978],[-67.502301,-45.820779],[-67.503305,-45.820599],[-67.503909,-45.820379],[-67.503908,-45.820287],[-67.503516,-45.820092],[-67.502852,-45.819844],[-67.502493,-45.819733],[-67.502207,-45.819561],[-67.501908,-45.819483],[-67.502031,-45.819363],[-67.503201,-45.818164],[-67.50356,-45.818294],[-67.503696,-45.818355],[-67.503918,-45.818493],[-67.502897,-45.819476],[-67.502727,-45.819682],[-67.502998,-45.819776],[-67.503257,-45.819887],[-67.50365,-45.820066],[-67.504005,-45.820125],[-67.504311,-45.820125],[-67.505138,-45.819912],[-67.505975,-45.819771],[-67.506833,-45.819756],[-67.508369,-45.819841],[-67.509527,-45.819901],[-67.510455,-45.819978],[-67.511666,-45.819975],[-67.514282,-45.820046],[-67.515473,-45.820248],[-67.516481,-45.820391],[-67.517547,-45.820464],[-67.522938,-45.820662],[-67.523664,-45.820673],[-67.524001,-45.820725],[-67.524459,-45.820889],[-67.52466,-45.82103],[-67.524787,-45.821193],[-67.52504,-45.821596],[-67.525156,-45.821776],[-67.525294,-45.821947],[-67.52559,-45.822138],[-67.526424,-45.822583],[-67.52696,-45.822787],[-67.527052,-45.822747],[-67.527764,-45.822066],[-67.528343,-45.821562],[-67.528391,-45.821344],[-67.52839,-45.821017],[-67.528489,-45.820757],[-67.528722,-45.820456],[-67.528659,-45.820196],[-67.528755,-45.819979],[-67.528826,-45.819744],[-67.52908,-45.819376],[-67.529528,-45.818838],[-67.530258,-45.818022],[-67.530595,-45.817829],[-67.531128,-45.817568],[-67.531745,-45.817306],[-67.532459,-45.816961],[-67.533004,-45.816674],[-67.533501,-45.816471],[-67.533997,-45.816318],[-67.534684,-45.816107],[-67.535623,-45.815854],[-67.53641,-45.815601],[-67.536904,-45.815551],[-67.537144,-45.815526],[-67.537327,-45.81545],[-67.537331,-45.815331],[-67.537293,-45.815076],[-67.537224,-45.814957],[-67.53702,-45.814939],[-67.536721,-45.814938],[-67.53642,-45.814954],[-67.535855,-45.814926],[-67.535483,-45.814923],[-67.535098,-45.814835],[-67.534796,-45.814608],[-67.534371,-45.814449],[-67.534101,-45.81436],[-67.534052,-45.814256],[-67.534235,-45.814156],[-67.534516,-45.814151],[-67.534725,-45.814409],[-67.534966,-45.814584],[-67.535208,-45.814689],[-67.535496,-45.814803],[-67.536963,-45.814811],[-67.537215,-45.814812],[-67.53737,-45.814889],[-67.537511,-45.815331],[-67.53749,-45.815551],[-67.537261,-45.815602],[-67.536888,-45.815644],[-67.536356,-45.815754],[-67.535704,-45.815939],[-67.534767,-45.816216],[-67.533513,-45.816614],[-67.53223,-45.817188],[-67.531227,-45.817701],[-67.530456,-45.818062],[-67.530146,-45.818309],[-67.529696,-45.818882],[-67.529033,-45.819677],[-67.528853,-45.820179],[-67.52884,-45.820521],[-67.528603,-45.820841],[-67.528508,-45.821252],[-67.52852,-45.821578],[-67.528292,-45.821822],[-67.52716,-45.822776],[-67.52717,-45.822936],[-67.527844,-45.823244],[-67.528533,-45.823552],[-67.528842,-45.823693],[-67.529268,-45.824103],[-67.529662,-45.82444],[-67.533443,-45.825893],[-67.535253,-45.826579],[-67.536335,-45.827079],[-67.536784,-45.827353],[-67.537517,-45.82778],[-67.537919,-45.828],[-67.538334,-45.828002],[-67.539081,-45.827999],[-67.539796,-45.828014],[-67.541227,-45.828022],[-67.541383,-45.827398],[-67.542877,-45.827561],[-67.544051,-45.826277],[-67.545717,-45.827039],[-67.544308,-45.828482],[-67.54456,-45.828582],[-67.545208,-45.828821],[-67.54604,-45.829328],[-67.54452,-45.830847],[-67.543029,-45.830493],[-67.542108,-45.830293],[-67.540058,-45.830422]]}},{"type":"Feature","properties":{"linea":"7","sentido":"vuelta","nombre":"Estadio Centenario - Laprida"},"geometry":{"type":"LineString","coordinates":[[-67.539929,-45.830406],[-67.537517,-45.82778],[-67.536784,-45.827353],[-67.536335,-45.827079],[-67.535253,-45.826579],[-67.533443,-45.825893],[-67.529662,-45.82444],[-67.529268,-45.824103],[-67.528842,-45.823693],[-67.528533,-45.823552],[-67.527844,-45.823244],[-67.52717,-45.822936],[-67.52716,-45.822776],[-67.528292,-45.821822],[-67.52852,-45.821578],[-67.528508,-45.821252],[-67.528603,-45.820841],[-67.52884,-45.820521],[-67.528853,-45.820179],[-67.529033,-45.819677],[-67.529696,-45.818882],[-67.530146,-45.818309],[-67.530456,-45.818062],[-67.531227,-45.817701],[-67.53223,-45.817188],[-67.533513,-45.816614],[-67.534767,-45.816216],[-67.535704,-45.815939],[-67.536356,-45.815754],[-67.536888,-45.815644],[-67.537261,-45.815602],[-67.53749,-45.815551],[-67.537511,-45.815331],[-67.53737,-45.814889],[-67.537215,-45.814812],[-67.536963,-45.814811],[-67.535496,-45.814803],[-67.535208,-45.814689],[-67.534966,-45.814584],[-67.534725,-45.814409],[-67.534516,-45.814151],[-67.534235,-45.814156],[-67.534052,-45.814256],[-67.534101,-45.81436],[-67.534371,-45.814449],[-67.534796,-45.814608],[-67.535098,-45.814835],[-67.535483,-45.814923],[-67.535855,-45.814926],[-67.53642,-45.814954],[-67.536721,-45.814938],[-67.53702,-45.814939],[-67.537224,-45.814957],[-67.537293,-45.815076],[-67.537331,-45.815331],[-67.537327,-45.81545],[-67.537144,-45.815526],[-67.536904,-45.815551],[-67.53641,-45.815601],[-67.535623,-45.815854],[-67.534684,-45.816107],[-67.533997,-45.816318],[-67.533501,-45.816471],[-67.533004,-45.816674],[-67.532459,-45.816961],[-67.531745,-45.817306],[-67.531128,-45.817568],[-67.530595,-45.817829],[-67.530258,-45.818022],[-67.529528,-45.818838],[-67.52908,-45.819376],[-67.528826,-45.819744],[-67.528755,-45.819979],[-67.528659,-45.820196],[-67.528722,-45.820456],[-67.528489,-45.820757],[-67.52839,-45.821017],[-67.528391,-45.821344],[-67.528343,-45.821562],[-67.527764,-45.822066],[-67.527052,-45.822747],[-67.52696,-45.822787],[-67.526424,-45.822583],[-67.52559,-45.822138],[-67.525294,-45.821947],[-67.525156,-45.821776],[-67.52504,-45.821596],[-67.524787,-45.821193],[-67.52466,-45.82103],[-67.524459,-45.820889],[-67.524001,-45.820725],[-67.523664,-45.820673],[-67.522938,-45.820662],[-67.517547,-45.820464],[-67.516481,-45.820391],[-67.515473,-45.820248],[-67.514282,-45.820046],[-67.511666,-45.819975],[-67.510455,-45.819978],[-67.509527,-45.819901],[-67.508369,-45.819841],[-67.506833,-45.819756],[-67.505975,-45.819771],[-67.505138,-45.819912],[-67.504311,-45.820125],[-67.504005,-45.820125],[-67.50365,-45.820066],[-67.503257,-45.819887],[-67.502998,-45.819776],[-67.502727,-45.819682],[-67.502897,-45.819476],[-67.503918,-45.818493],[-67.503696,-45.818355],[-67.50356,-45.818294],[-67.503201,-45.818164],[-67.502031,-45.819363],[-67.501908,-45.819483],[-67.502207,-45.819561],[-67.502493,-45.819733],[-67.502852,-45.819844],[-67.503516,-45.820092],[-67.503908,-45.820287],[-67.503909,-45.820379],[-67.503305,-45.820599],[-67.502301,-45.820779],[-67.500819,-45.820978],[-67.499768,-45.820971],[-67.498678,-45.820983],[-67.498045,-45.82099],[-67.497626,-45.821061],[-67.49712,-45.821207],[-67.496472,-45.821489],[-67.495875,-45.821586],[-67.495385,-45.821518],[-67.494142,-45.821138],[-67.492034,-45.820466],[-67.491219,-45.820348],[-67.490043,-45.820368],[-67.488281,-45.820437],[-67.487268,-45.820515],[-67.486314,-45.820606],[-67.485082,-45.820655],[-67.483972,-45.820724],[-67.482946,-45.820666],[-67.481662,-45.820584],[-67.480835,-45.820457],[-67.48028,-45.820268],[-67.479499,-45.819936],[-67.478865,-45.819782],[-67.478221,-45.819708],[-67.477637,-45.819671],[-67.476765,-45.81972],[-67.476239,-45.819783],[-67.475625,-45.819915],[-67.474942,-45.820118],[-67.473847,-45.820429],[-67.472901,-45.820655],[-67.472189,-45.820863],[-67.471457,-45.821092],[-67.470901,-45.82141],[-67.470419,-45.821922],[-67.469667,-45.822554],[-67.469286,-45.823208],[-67.468771,-45.823715],[-67.468082,-45.824386],[-67.467652,-45.825282],[-67.467804,-45.82617],[-67.46839,-45.826922],[-67.4695,-45.827827],[-67.469848,-45.828068],[-67.469972,-45.828151],[-67.470271,-45.828315],[-67.470639,-45.828519],[-67.471771,-45.82916],[-67.473393,-45.830068],[-67.474839,-45.830868],[-67.475266,-45.831084],[-67.475508,-45.831199],[-67.47576,-45.831362],[-67.476056,-45.831614],[-67.476316,-45.831957],[-67.476904,-45.832825],[-67.477441,-45.833451],[-67.477922,-45.834036],[-67.478125,-45.834219],[-67.478203,-45.834232],[-67.47832,-45.83422],[-67.478449,-45.834207],[-67.478554,-45.834203],[-67.478559,-45.834225],[-67.478574,-45.83456],[-67.478579,-45.834862],[-67.478544,-45.835188],[-67.478537,-45.835386],[-67.478496,-45.835759],[-67.478329,-45.837278],[-67.478067,-45.83831],[-67.478186,-45.838541],[-67.478506,-45.838599],[-67.479021,-45.838802],[-67.479202,-45.839053],[-67.479095,-45.83957],[-67.47903,-45.839706],[-67.478887,-45.839717],[-67.47861,-45.839717],[-67.477098,-45.839737],[-67.476735,-45.839815],[-67.476528,-45.840008],[-67.476517,-45.840267],[-67.476526,-45.840968],[-67.476498,-45.841313],[-67.476449,-45.841706],[-67.476394,-45.842062],[-67.476263,-45.842931],[-67.476188,-45.843314],[-67.476055,-45.843614],[-67.475702,-45.844916],[-67.475449,-45.845643],[-67.475243,-45.846233],[-67.475147,-45.846585],[-67.475143,-45.846816],[-67.475213,-45.847038],[-67.475425,-45.847292],[-67.475636,-45.847469],[-67.476633,-45.848227],[-67.476833,-45.848431],[-67.476986,-45.848759],[-67.477074,-45.848937],[-67.477111,-45.849199],[-67.477058,-45.849558],[-67.477045,-45.849847],[-67.476935,-45.850254],[-67.476807,-45.85084],[-67.476723,-45.851284],[-67.476709,-45.851574],[-67.476798,-45.851873],[-67.477029,-45.852234],[-67.477212,-45.852511],[-67.477574,-45.853111],[-67.477656,-45.853266],[-67.4777,-45.853545],[-67.477655,-45.853775],[-67.477498,-45.854094],[-67.477234,-45.854394],[-67.476919,-45.854597],[-67.476761,-45.854705],[-67.476381,-45.855085],[-67.476167,-45.855531],[-67.47611,-45.855914],[-67.476122,-45.85626],[-67.476108,-45.856637],[-67.475914,-45.857284],[-67.475666,-45.858165],[-67.475669,-45.858626],[-67.475446,-45.859271],[-67.47534,-45.85969],[-67.475359,-45.86012],[-67.475286,-45.860909],[-67.475328,-45.86202],[-67.475408,-45.86209],[-67.475851,-45.86209],[-67.47989,-45.862138],[-67.482817,-45.862179],[-67.483643,-45.862172],[-67.484149,-45.862179],[-67.484423,-45.862192],[-67.484532,-45.862275],[-67.484603,-45.86551],[-67.484549,-45.865789],[-67.484492,-45.865935],[-67.48489,-45.866143],[-67.485462,-45.866309],[-67.485834,-45.866465],[-67.486784,-45.867039],[-67.487991,-45.867879],[-67.48946,-45.869006],[-67.490895,-45.870064],[-67.491624,-45.870591],[-67.492022,-45.870822],[-67.492557,-45.871135],[-67.493121,-45.871389],[-67.493377,-45.871532],[-67.493465,-45.871607],[-67.492617,-45.872245]]}},{"type":"Feature","properties":{"linea":"8H","sentido":"horario","nombre":"Palazzo - Standard"},"geometry":{"type":"LineString","coordinates":[[-67.492524,-45.872312],[-67.491833,-45.872888],[-67.491649,-45.872938],[-67.491394,-45.872864],[-67.490223,-45.872141],[-67.490918,-45.87143],[-67.48878,-45.870145],[-67.488102,-45.869691],[-67.487902,-45.869614],[-67.487568,-45.869534],[-67.487346,-45.869458],[-67.486905,-45.869248],[-67.486452,-45.868899],[-67.486384,-45.86871],[-67.48646,-45.868087],[-67.484718,-45.868056],[-67.484435,-45.868076],[-67.484257,-45.868105],[-67.482792,-45.867478],[-67.483092,-45.862211],[-67.484662,-45.862133],[-67.4843,-45.868115],[-67.479994,-45.866122],[-67.47977,-45.865954],[-67.479857,-45.865644],[-67.479935,-45.864673],[-67.479811,-45.864465],[-67.47962,-45.864411],[-67.477754,-45.864065],[-67.475532,-45.86359],[-67.47522,-45.863346],[-67.475109,-45.863054],[-67.474909,-45.862744],[-67.474305,-45.862011],[-67.474152,-45.861735],[-67.474125,-45.861473],[-67.474327,-45.861044],[-67.475139,-45.859648],[-67.475738,-45.857857],[-67.476074,-45.856455],[-67.476069,-45.855719],[-67.476358,-45.855103],[-67.476838,-45.854615],[-67.477333,-45.854252],[-67.477616,-45.853883],[-67.477601,-45.853282],[-67.477371,-45.852886],[-67.476861,-45.852105],[-67.476613,-45.851516],[-67.476688,-45.851051],[-67.4771,-45.849474],[-67.477036,-45.848867],[-67.476496,-45.848198],[-67.475286,-45.84719],[-67.475021,-45.84659],[-67.475405,-45.845395],[-67.476034,-45.843773],[-67.476156,-45.842746],[-67.476302,-45.841549],[-67.4764,-45.839918],[-67.476321,-45.839707],[-67.476119,-45.839563],[-67.475709,-45.839505],[-67.475065,-45.839523],[-67.47479,-45.839514],[-67.474792,-45.839139],[-67.474724,-45.837996],[-67.474726,-45.83784],[-67.474851,-45.837792],[-67.476019,-45.838019],[-67.477206,-45.838284],[-67.477864,-45.838414],[-67.478008,-45.838393],[-67.478094,-45.838148],[-67.478355,-45.836841],[-67.478164,-45.836792],[-67.4775,-45.836775],[-67.477446,-45.836683],[-67.477231,-45.836418],[-67.478363,-45.83577],[-67.478454,-45.835615],[-67.478418,-45.835285],[-67.478342,-45.834903],[-67.478154,-45.834452],[-67.477783,-45.834003],[-67.476701,-45.832392],[-67.476224,-45.831735],[-67.475821,-45.831406],[-67.475337,-45.831162],[-67.472987,-45.829844],[-67.470492,-45.828457],[-67.470273,-45.828362],[-67.470001,-45.828314],[-67.469836,-45.828403],[-67.469656,-45.828572],[-67.46937,-45.828879],[-67.469196,-45.828953],[-67.469013,-45.828863],[-67.468486,-45.828003],[-67.468109,-45.827225],[-67.467111,-45.826151],[-67.466266,-45.825136],[-67.465896,-45.824809],[-67.46558,-45.824708],[-67.465403,-45.824615],[-67.465309,-45.824442],[-67.465407,-45.824243],[-67.465576,-45.82419],[-67.46575,-45.824133],[-67.465816,-45.823993],[-67.465661,-45.823794],[-67.46555,-45.823627],[-67.465535,-45.82337],[-67.465598,-45.823167],[-67.465534,-45.822721],[-67.465223,-45.822125],[-67.464947,-45.821188],[-67.465034,-45.820696],[-67.465184,-45.820348],[-67.46559,-45.819878],[-67.466011,-45.819543],[-67.467462,-45.818496],[-67.467664,-45.818263],[-67.467744,-45.817954],[-67.467888,-45.817665],[-67.468147,-45.817605],[-67.46838,-45.817585],[-67.468746,-45.817652],[-67.469125,-45.817659],[-67.46984,-45.817646],[-67.470104,-45.81747],[-67.470517,-45.817089],[-67.471486,-45.816588],[-67.472514,-45.816141],[-67.473782,-45.815552],[-67.474418,-45.815343],[-67.474993,-45.81531],[-67.475311,-45.815561],[-67.47531,-45.815771],[-67.475238,-45.816021],[-67.47461,-45.816196],[-67.473015,-45.816763],[-67.472174,-45.816979],[-67.471274,-45.816979],[-67.470886,-45.816932],[-67.470692,-45.817033],[-67.470488,-45.817195],[-67.470228,-45.817454],[-67.469997,-45.817614],[-67.469707,-45.817688],[-67.469148,-45.817714],[-67.46886,-45.817713],[-67.468667,-45.817707],[-67.468522,-45.817673],[-67.468543,-45.817484],[-67.468773,-45.817217],[-67.46901,-45.816869],[-67.469391,-45.816174],[-67.470519,-45.814091],[-67.472353,-45.810487],[-67.472896,-45.809335],[-67.473565,-45.808178],[-67.474616,-45.806113],[-67.47512,-45.805149],[-67.47567,-45.804358],[-67.476177,-45.803771],[-67.476821,-45.80312],[-67.478011,-45.802134],[-67.479246,-45.801436],[-67.481197,-45.80054],[-67.4828,-45.800013],[-67.488389,-45.798257],[-67.489203,-45.797943],[-67.489783,-45.79765],[-67.490386,-45.797231],[-67.490871,-45.79679],[-67.491059,-45.796515],[-67.491109,-45.796366],[-67.491122,-45.796196],[-67.49102,-45.796132],[-67.490743,-45.796123],[-67.490066,-45.79607],[-67.489096,-45.796033],[-67.482831,-45.795669],[-67.474686,-45.795265],[-67.474573,-45.795314],[-67.474558,-45.795746],[-67.474406,-45.796487],[-67.474187,-45.79653],[-67.473873,-45.79653],[-67.465315,-45.796033],[-67.465374,-45.795806],[-67.465647,-45.795387],[-67.46593,-45.795074],[-67.466143,-45.79476],[-67.46613,-45.794674],[-67.465892,-45.794674],[-67.464691,-45.794783],[-67.462622,-45.794973],[-67.462019,-45.795052],[-67.461103,-45.795169],[-67.460061,-45.795303],[-67.45921,-45.795451],[-67.458668,-45.795532],[-67.458011,-45.795612],[-67.456863,-45.795736],[-67.455916,-45.795735],[-67.455066,-45.795779],[-67.453941,-45.795871],[-67.448362,-45.796311],[-67.447914,-45.796329],[-67.447735,-45.79646],[-67.447609,-45.796598],[-67.447394,-45.796597],[-67.44717,-45.796566],[-67.446685,-45.796401],[-67.446334,-45.796332],[-67.445319,-45.796287],[-67.442293,-45.79622],[-67.438355,-45.79591],[-67.433439,-45.795521],[-67.432884,-45.795459],[-67.432809,-45.795341],[-67.432716,-45.795112],[-67.432766,-45.795005],[-67.432967,-45.794875],[-67.435278,-45.79392],[-67.435549,-45.793736],[-67.435693,-45.793447],[-67.435626,-45.792805],[-67.435654,-45.790318],[-67.435907,-45.790145],[-67.436077,-45.789974],[-67.437359,-45.788346],[-67.437401,-45.788275],[-67.437376,-45.788245],[-67.437351,-45.788227],[-67.437326,-45.788209],[-67.437283,-45.788197],[-67.437258,-45.788191],[-67.437241,-45.788179],[-67.437123,-45.788137],[-67.436767,-45.788035],[-67.436411,-45.787815],[-67.434371,-45.7864],[-67.432696,-45.787515],[-67.430964,-45.786088],[-67.430829,-45.786106],[-67.430449,-45.786361],[-67.428959,-45.787417],[-67.428917,-45.787541],[-67.429103,-45.787648],[-67.431024,-45.788888],[-67.431211,-45.788983],[-67.431397,-45.789131],[-67.431304,-45.789202],[-67.431185,-45.789208],[-67.431024,-45.789184],[-67.430871,-45.789266],[-67.429912,-45.789649],[-67.428604,-45.790159],[-67.428435,-45.790082],[-67.426923,-45.788951],[-67.426787,-45.788922],[-67.42666,-45.789023],[-67.426277,-45.789326],[-67.424892,-45.790315],[-67.42348,-45.790808],[-67.422675,-45.7912],[-67.421333,-45.791789],[-67.421247,-45.791902],[-67.421222,-45.791986],[-67.420975,-45.792075],[-67.420333,-45.792384],[-67.422293,-45.79459],[-67.422384,-45.794681],[-67.422428,-45.79475],[-67.422428,-45.794831],[-67.422497,-45.794943],[-67.422697,-45.795134],[-67.422857,-45.795251],[-67.423098,-45.795398],[-67.42321,-45.79552],[-67.423207,-45.795653],[-67.423196,-45.795668],[-67.423181,-45.795689],[-67.423163,-45.795714],[-67.423148,-45.79573],[-67.423141,-45.795745],[-67.422662,-45.796149],[-67.421925,-45.796763],[-67.421924,-45.796879],[-67.422025,-45.79722],[-67.422204,-45.797472],[-67.422493,-45.79799],[-67.422815,-45.798541],[-67.424341,-45.801183],[-67.424732,-45.80169],[-67.425589,-45.802276],[-67.430297,-45.80476],[-67.431985,-45.805775],[-67.433194,-45.806594],[-67.433807,-45.806983],[-67.434419,-45.80784],[-67.435054,-45.808334],[-67.436081,-45.808737],[-67.438019,-45.809036],[-67.440287,-45.809361],[-67.442048,-45.809646],[-67.443958,-45.809466],[-67.446591,-45.809003],[-67.448092,-45.808746],[-67.448778,-45.808578],[-67.449592,-45.808231],[-67.449981,-45.808179],[-67.450444,-45.807998],[-67.450945,-45.807972],[-67.45154,-45.808036],[-67.453344,-45.80823],[-67.454184,-45.808333],[-67.454628,-45.808528],[-67.45485,-45.808852],[-67.455094,-45.809811],[-67.455316,-45.810188],[-67.45541,-45.810525],[-67.455392,-45.810862],[-67.455372,-45.81138],[-67.456023,-45.813119],[-67.457012,-45.81685],[-67.457198,-45.817395],[-67.457234,-45.817979],[-67.457029,-45.818615],[-67.456842,-45.819134],[-67.456917,-45.819316],[-67.456916,-45.819575],[-67.45673,-45.819822],[-67.45673,-45.820264],[-67.45712,-45.821133],[-67.457547,-45.821794],[-67.458047,-45.822102],[-67.458804,-45.822198],[-67.459801,-45.822465],[-67.460429,-45.822632],[-67.461,-45.822901],[-67.462576,-45.823807],[-67.463058,-45.824002],[-67.463664,-45.824101],[-67.464625,-45.824234],[-67.465311,-45.824219],[-67.465848,-45.824183],[-67.466091,-45.824211],[-67.466424,-45.824203],[-67.467075,-45.824083],[-67.46782,-45.823773],[-67.468196,-45.823436],[-67.468236,-45.823071],[-67.46793,-45.822831],[-67.467605,-45.822727],[-67.467269,-45.82272],[-67.466862,-45.822863],[-67.46654,-45.82324],[-67.466528,-45.823648],[-67.466645,-45.82405],[-67.466845,-45.824506],[-67.467205,-45.825125],[-67.467631,-45.825885],[-67.467817,-45.826133],[-67.468059,-45.82657],[-67.468725,-45.8272],[-67.470042,-45.828173],[-67.471172,-45.828708],[-67.472547,-45.829502],[-67.474832,-45.83076],[-67.475245,-45.830953],[-67.475738,-45.831263],[-67.476023,-45.831469],[-67.476308,-45.831723],[-67.476534,-45.832031],[-67.477834,-45.833892],[-67.478042,-45.834182],[-67.47827,-45.834223],[-67.478488,-45.834203],[-67.478587,-45.834237],[-67.478597,-45.834438],[-67.478443,-45.836342],[-67.478461,-45.836904],[-67.478178,-45.838352],[-67.478198,-45.838462],[-67.478346,-45.838592],[-67.479165,-45.838811],[-67.479312,-45.838989],[-67.479212,-45.83918],[-67.47905,-45.839744],[-67.478813,-45.839757],[-67.478223,-45.83975],[-67.477346,-45.839739],[-67.476813,-45.83975],[-67.476655,-45.839832],[-67.476556,-45.839969],[-67.476528,-45.840293],[-67.47653,-45.841036],[-67.476501,-45.841734],[-67.476364,-45.842499],[-67.476257,-45.843233],[-67.476181,-45.843563],[-67.476143,-45.84373],[-67.476037,-45.843997],[-67.475913,-45.844475],[-67.475699,-45.844976],[-67.475344,-45.846079],[-67.4752,-45.84645],[-67.47525,-45.846948],[-67.475387,-45.847182],[-67.475727,-45.847531],[-67.476653,-45.848192],[-67.476923,-45.848457],[-67.477087,-45.848748],[-67.477242,-45.849094],[-67.477271,-45.849559],[-67.477132,-45.850014],[-67.476964,-45.850604],[-67.476866,-45.851222],[-67.476816,-45.851585],[-67.476924,-45.851809],[-67.47712,-45.852232],[-67.477308,-45.852519],[-67.477593,-45.852906],[-67.477809,-45.853301],[-67.477829,-45.853642],[-67.477721,-45.85399],[-67.477494,-45.854347],[-67.477069,-45.854663],[-67.476539,-45.855101],[-67.476337,-45.855463],[-67.476236,-45.855839],[-67.476235,-45.856243],[-67.476237,-45.856525],[-67.476095,-45.857097],[-67.475728,-45.858525],[-67.475744,-45.858817],[-67.475843,-45.859173],[-67.476054,-45.859426],[-67.476265,-45.859622],[-67.476829,-45.859853],[-67.477741,-45.859915],[-67.478438,-45.859956],[-67.481298,-45.859999],[-67.484429,-45.859982],[-67.484536,-45.860027],[-67.484525,-45.86211],[-67.484499,-45.863539],[-67.484436,-45.865109],[-67.484435,-45.865323],[-67.484455,-45.865604],[-67.484399,-45.865757],[-67.484358,-45.865834],[-67.485139,-45.86619],[-67.485515,-45.866288],[-67.48585,-45.866473],[-67.486378,-45.86677],[-67.486916,-45.867102],[-67.487646,-45.867596],[-67.492365,-45.870971],[-67.493003,-45.87131],[-67.493285,-45.871479],[-67.493397,-45.871577],[-67.493289,-45.871699],[-67.493141,-45.871879],[-67.492838,-45.872094]]}},{"type":"Feature","properties":{"linea":"8AH","sentido":"antihorario","nombre":"Standard - Palazzo"},"geometry":{"type":"LineString","coordinates":[[-67.492695,-45.872201],[-67.491954,-45.872768],[-67.491699,-45.872909],[-67.4915,-45.872837],[-67.490313,-45.872111],[-67.490258,-45.872016],[-67.490918,-45.871371],[-67.489301,-45.870341],[-67.488067,-45.869653],[-67.487517,-45.869532],[-67.486591,-45.869033],[-67.486362,-45.868714],[-67.4864,-45.868074],[-67.484579,-45.86806],[-67.484409,-45.86806],[-67.48435,-45.868075],[-67.484301,-45.868064],[-67.482908,-45.867572],[-67.483012,-45.862175],[-67.484531,-45.862148],[-67.484347,-45.868079],[-67.480337,-45.866368],[-67.480162,-45.866268],[-67.480037,-45.866166],[-67.479941,-45.866038],[-67.479958,-45.865824],[-67.479907,-45.864915],[-67.479925,-45.864726],[-67.479905,-45.864558],[-67.479811,-45.864472],[-67.479657,-45.864466],[-67.478955,-45.864314],[-67.476157,-45.863711],[-67.47576,-45.863644],[-67.475213,-45.863387],[-67.474941,-45.862866],[-67.4746,-45.862388],[-67.474109,-45.861816],[-67.474073,-45.861608],[-67.474153,-45.861447],[-67.4744,-45.860917],[-67.474879,-45.860137],[-67.47501,-45.859904],[-67.475112,-45.859708],[-67.475228,-45.859381],[-67.475381,-45.859086],[-67.475552,-45.858533],[-67.475883,-45.857406],[-67.476047,-45.856787],[-67.476109,-45.856528],[-67.47611,-45.85629],[-67.47609,-45.855829],[-67.476159,-45.855522],[-67.476283,-45.855247],[-67.476529,-45.854931],[-67.477193,-45.854413],[-67.477401,-45.854212],[-67.477544,-45.854087],[-67.477632,-45.853857],[-67.477686,-45.8536],[-67.477652,-45.853329],[-67.477468,-45.852937],[-67.477309,-45.852673],[-67.47711,-45.852372],[-67.476878,-45.852019],[-67.47679,-45.851815],[-67.476716,-45.851564],[-67.476716,-45.851341],[-67.476757,-45.851075],[-67.476818,-45.85076],[-67.47692,-45.850445],[-67.476975,-45.850125],[-67.47703,-45.849922],[-67.477092,-45.849476],[-67.47714,-45.849192],[-67.477047,-45.848878],[-67.476895,-45.84861],[-67.476738,-45.848399],[-67.476476,-45.848172],[-67.476009,-45.847802],[-67.475726,-45.847614],[-67.475485,-45.847425],[-67.475308,-45.847242],[-67.475189,-45.847022],[-67.475116,-45.846839],[-67.475116,-45.84666],[-67.475156,-45.846457],[-67.475294,-45.84588],[-67.475565,-45.845021],[-67.475799,-45.844286],[-67.476077,-45.843463],[-67.47614,-45.843152],[-67.476264,-45.842294],[-67.476361,-45.841594],[-67.476383,-45.841098],[-67.476393,-45.84056],[-67.476391,-45.83986],[-67.476338,-45.839726],[-67.476243,-45.839602],[-67.476085,-45.839521],[-67.475865,-45.839517],[-67.475313,-45.839498],[-67.474967,-45.839498],[-67.474849,-45.839493],[-67.474787,-45.839435],[-67.474745,-45.839334],[-67.474765,-45.839059],[-67.474749,-45.837974],[-67.474832,-45.837861],[-67.474902,-45.837832],[-67.475078,-45.837832],[-67.475275,-45.837876],[-67.476725,-45.838215],[-67.477361,-45.838336],[-67.477805,-45.838418],[-67.477881,-45.838418],[-67.47797,-45.838384],[-67.478032,-45.838322],[-67.478088,-45.838197],[-67.478319,-45.836932],[-67.478257,-45.836844],[-67.478152,-45.8368],[-67.477978,-45.836794],[-67.477825,-45.836786],[-67.47765,-45.836787],[-67.477552,-45.836773],[-67.477447,-45.83669],[-67.477356,-45.836627],[-67.477335,-45.836545],[-67.477307,-45.836457],[-67.477335,-45.83634],[-67.477448,-45.836286],[-67.477602,-45.836213],[-67.477805,-45.836116],[-67.477965,-45.836015],[-67.478111,-45.835923],[-67.478257,-45.835787],[-67.478368,-45.835681],[-67.478409,-45.835537],[-67.47845,-45.835369],[-67.478417,-45.835154],[-67.478389,-45.83496],[-67.478271,-45.834685],[-67.478209,-45.834508],[-67.478057,-45.834278],[-67.477523,-45.833536],[-67.477147,-45.83303],[-67.476697,-45.832435],[-67.476275,-45.831898],[-67.476011,-45.831572],[-67.475727,-45.831344],[-67.475325,-45.831092],[-67.474323,-45.830593],[-67.473053,-45.829863],[-67.471599,-45.829025],[-67.470398,-45.828415],[-67.470126,-45.828339],[-67.469933,-45.828366],[-67.469801,-45.828432],[-67.469696,-45.828516],[-67.469552,-45.828691],[-67.469456,-45.828881],[-67.469371,-45.828933],[-67.469223,-45.82898],[-67.469126,-45.828923],[-67.469058,-45.828808],[-67.468786,-45.828487],[-67.468483,-45.827939],[-67.468161,-45.827475],[-67.467983,-45.8272],[-67.467838,-45.827004],[-67.467626,-45.826683],[-67.467282,-45.826284],[-67.466827,-45.825767],[-67.466346,-45.825221],[-67.466186,-45.824999],[-67.466033,-45.824859],[-67.46585,-45.824777],[-67.465733,-45.82476],[-67.465595,-45.824753],[-67.465458,-45.824702],[-67.465358,-45.824618],[-67.46531,-45.8245],[-67.465237,-45.824434],[-67.465088,-45.824365],[-67.464931,-45.824346],[-67.464733,-45.824336],[-67.46457,-45.824309],[-67.464294,-45.824289],[-67.463969,-45.824241],[-67.463551,-45.824187],[-67.463167,-45.824095],[-67.462825,-45.824002],[-67.462535,-45.823872],[-67.461226,-45.823203],[-67.460729,-45.822936],[-67.460203,-45.822659],[-67.459595,-45.822522],[-67.458917,-45.822378],[-67.458551,-45.822334],[-67.458276,-45.822355],[-67.458,-45.822386],[-67.457853,-45.822351],[-67.457669,-45.822295],[-67.457582,-45.822194],[-67.457325,-45.821901],[-67.456923,-45.82138],[-67.456747,-45.82104],[-67.45661,-45.82071],[-67.456458,-45.820375],[-67.456292,-45.819883],[-67.456221,-45.819535],[-67.456222,-45.819358],[-67.456361,-45.819221],[-67.456528,-45.819185],[-67.456689,-45.819185],[-67.456827,-45.81914],[-67.456892,-45.818988],[-67.457031,-45.818342],[-67.457111,-45.817918],[-67.457155,-45.817561],[-67.457097,-45.817283],[-67.456967,-45.816763],[-67.456408,-45.815023],[-67.456235,-45.814453],[-67.455997,-45.813606],[-67.455537,-45.812045],[-67.455335,-45.811406],[-67.455226,-45.811148],[-67.455031,-45.810896],[-67.454895,-45.810725],[-67.454715,-45.810413],[-67.45473,-45.810247],[-67.454839,-45.809996],[-67.454904,-45.809739],[-67.454875,-45.809487],[-67.454747,-45.809015],[-67.454625,-45.808744],[-67.454322,-45.808538],[-67.454062,-45.808431],[-67.45349,-45.808334],[-67.45295,-45.808267],[-67.452575,-45.808239],[-67.452288,-45.80827],[-67.451829,-45.808386],[-67.451308,-45.808522],[-67.450688,-45.808618],[-67.450185,-45.80865],[-67.449536,-45.808608],[-67.449148,-45.808608],[-67.448654,-45.808725],[-67.448261,-45.808799],[-67.447658,-45.808927],[-67.446791,-45.80906],[-67.445615,-45.809216],[-67.445022,-45.8093],[-67.444109,-45.809454],[-67.44315,-45.809578],[-67.442666,-45.809617],[-67.442047,-45.809612],[-67.441577,-45.809582],[-67.440851,-45.809467],[-67.440287,-45.809376],[-67.437604,-45.809011],[-67.437049,-45.80894],[-67.436378,-45.808838],[-67.435872,-45.808762],[-67.435525,-45.80864],[-67.435206,-45.808508],[-67.434916,-45.808328],[-67.43456,-45.80801],[-67.434009,-45.807469],[-67.433743,-45.807125],[-67.433317,-45.806741],[-67.432984,-45.806503],[-67.431876,-45.805841],[-67.430572,-45.80506],[-67.428511,-45.803897],[-67.427401,-45.803276],[-67.42676,-45.802971],[-67.425928,-45.802527],[-67.425115,-45.80209],[-67.424818,-45.801917],[-67.424565,-45.801612],[-67.424356,-45.801322],[-67.424109,-45.80087],[-67.422998,-45.798991],[-67.422815,-45.798661],[-67.422308,-45.797678],[-67.422034,-45.797236],[-67.421905,-45.797048],[-67.421842,-45.796848],[-67.421917,-45.796675],[-67.422058,-45.796543],[-67.422882,-45.795888],[-67.422962,-45.795718],[-67.422962,-45.795537],[-67.422797,-45.795397],[-67.422603,-45.795156],[-67.421976,-45.79447],[-67.421789,-45.794334],[-67.421429,-45.793947],[-67.420818,-45.793238],[-67.420248,-45.792518],[-67.420182,-45.792418],[-67.420227,-45.792392],[-67.421159,-45.791991],[-67.421186,-45.791943],[-67.421196,-45.791895],[-67.421165,-45.791825],[-67.421181,-45.791765],[-67.421351,-45.791692],[-67.422633,-45.791155],[-67.423534,-45.790784],[-67.424194,-45.79053],[-67.424608,-45.790381],[-67.424901,-45.790182],[-67.425455,-45.789808],[-67.426675,-45.78886],[-67.426855,-45.78887],[-67.427173,-45.789093],[-67.428458,-45.790067],[-67.428692,-45.790086],[-67.428997,-45.789962],[-67.429937,-45.789577],[-67.430588,-45.789308],[-67.43099,-45.789173],[-67.431004,-45.789096],[-67.430908,-45.78899],[-67.42874,-45.787675],[-67.428727,-45.787549],[-67.428852,-45.787433],[-67.432344,-45.784986],[-67.432494,-45.784876],[-67.4326,-45.784876],[-67.432714,-45.784944],[-67.435959,-45.787207],[-67.436238,-45.7874],[-67.436457,-45.787534],[-67.436781,-45.787687],[-67.437096,-45.787841],[-67.4374,-45.788002],[-67.437548,-45.788119],[-67.43753,-45.788204],[-67.43739,-45.78829],[-67.437293,-45.788418],[-67.436086,-45.789952],[-67.435876,-45.790232],[-67.43571,-45.79022],[-67.435334,-45.790184],[-67.435002,-45.790189],[-67.434759,-45.790291],[-67.434541,-45.790431],[-67.434532,-45.79057],[-67.434499,-45.790897],[-67.434508,-45.791247],[-67.434535,-45.791836],[-67.434537,-45.792254],[-67.43458,-45.792411],[-67.434659,-45.792532],[-67.434876,-45.792574],[-67.435171,-45.792641],[-67.435536,-45.792672],[-67.435657,-45.792738],[-67.435657,-45.792914],[-67.435674,-45.793271],[-67.43563,-45.793604],[-67.435491,-45.793852],[-67.434943,-45.794082],[-67.4326,-45.795045],[-67.432652,-45.795161],[-67.432731,-45.795282],[-67.432878,-45.795415],[-67.433182,-45.795446],[-67.436617,-45.795752],[-67.437906,-45.795837],[-67.43921,-45.795945],[-67.440061,-45.795987],[-67.441099,-45.796088],[-67.441655,-45.796148],[-67.442372,-45.796203],[-67.442733,-45.796221],[-67.443525,-45.796245],[-67.444127,-45.796245],[-67.444728,-45.796258],[-67.445408,-45.796271],[-67.446398,-45.796284],[-67.446595,-45.796236],[-67.446759,-45.796182],[-67.446836,-45.796128],[-67.446956,-45.79608],[-67.44711,-45.796056],[-67.447246,-45.796079],[-67.447365,-45.796133],[-67.447458,-45.796198],[-67.447585,-45.796228],[-67.447807,-45.796257],[-67.44813,-45.796257],[-67.448341,-45.796233],[-67.448941,-45.796209],[-67.449523,-45.796149],[-67.451197,-45.796029],[-67.452781,-45.79591],[-67.45443,-45.795772],[-67.45504,-45.79569],[-67.455586,-45.79569],[-67.456069,-45.795652],[-67.456721,-45.795629],[-67.457094,-45.795606],[-67.457308,-45.795584],[-67.457489,-45.795524],[-67.457595,-45.795428],[-67.457829,-45.795398],[-67.460026,-45.795176],[-67.461053,-45.795036],[-67.462136,-45.794941],[-67.46293,-45.794845],[-67.463723,-45.794787],[-67.464695,-45.794699],[-67.465422,-45.794655],[-67.465854,-45.794626],[-67.466101,-45.794634],[-67.46656,-45.794664],[-67.467027,-45.794701],[-67.467741,-45.794745],[-67.468699,-45.794804],[-67.470813,-45.794937],[-67.472534,-45.795018],[-67.47314,-45.795062],[-67.473317,-45.795062],[-67.473422,-45.795033],[-67.473463,-45.794916],[-67.47362,-45.794887],[-67.473933,-45.794916],[-67.474443,-45.79496],[-67.474579,-45.795011],[-67.474631,-45.795077],[-67.474703,-45.795171],[-67.475005,-45.7952],[-67.477913,-45.795382],[-67.482155,-45.795642],[-67.484776,-45.795774],[-67.489193,-45.795966],[-67.48928,-45.795534],[-67.489339,-45.795071],[-67.489339,-45.794948],[-67.489251,-45.794866],[-67.488957,-45.794825],[-67.48759,-45.794763],[-67.486171,-45.794649],[-67.484794,-45.794597],[-67.484022,-45.794524],[-67.483799,-45.794514],[-67.483799,-45.79441],[-67.483858,-45.794328],[-67.483992,-45.794131],[-67.4842,-45.793986],[-67.484465,-45.793994],[-67.489381,-45.794284],[-67.490887,-45.79438],[-67.491112,-45.794386],[-67.491273,-45.794398],[-67.491465,-45.794442],[-67.491658,-45.794493],[-67.491802,-45.794476],[-67.491937,-45.79447],[-67.492145,-45.794443],[-67.492297,-45.79442],[-67.492481,-45.79442],[-67.492617,-45.794482],[-67.492761,-45.794615],[-67.492745,-45.794777],[-67.492745,-45.794849],[-67.492665,-45.794933],[-67.492489,-45.795095],[-67.492289,-45.795162],[-67.492097,-45.795262],[-67.491985,-45.795379],[-67.491719,-45.795767],[-67.491485,-45.796173],[-67.491191,-45.796643],[-67.490867,-45.797058],[-67.490365,-45.797455],[-67.489714,-45.797883],[-67.489198,-45.798104],[-67.488581,-45.798303],[-67.488067,-45.798481],[-67.487271,-45.798712],[-67.486247,-45.799017],[-67.485411,-45.79929],[-67.482479,-45.800238],[-67.481306,-45.800601],[-67.480663,-45.800865],[-67.480015,-45.801149],[-67.479312,-45.801545],[-67.478756,-45.80188],[-67.478179,-45.802249],[-67.477534,-45.802699],[-67.477196,-45.802951],[-67.476889,-45.803247],[-67.4765,-45.803614],[-67.476172,-45.80398],[-67.475879,-45.804311],[-67.475508,-45.804846],[-67.475202,-45.805431],[-67.47473,-45.806266],[-67.473821,-45.807942],[-67.473471,-45.808631],[-67.473374,-45.808819],[-67.473303,-45.808982],[-67.473355,-45.80911],[-67.473564,-45.809328],[-67.474017,-45.809892],[-67.474113,-45.809948],[-67.474196,-45.809992],[-67.474329,-45.810027],[-67.474425,-45.810054],[-67.474533,-45.810137],[-67.474533,-45.810265],[-67.47445,-45.81035],[-67.474298,-45.810403],[-67.473884,-45.810549],[-67.473274,-45.810804],[-67.472805,-45.810972],[-67.472538,-45.811069],[-67.472366,-45.811175],[-67.472239,-45.811406],[-67.472098,-45.811614],[-67.471918,-45.811845],[-67.471692,-45.812175],[-67.471556,-45.812407],[-67.470804,-45.81385],[-67.470322,-45.814739],[-67.470178,-45.815026],[-67.470148,-45.815206],[-67.470175,-45.815287],[-67.470266,-45.815372],[-67.470581,-45.815412],[-67.471192,-45.815462],[-67.471616,-45.815484],[-67.472491,-45.815564],[-67.472618,-45.815604],[-67.472656,-45.815671],[-67.472655,-45.815786],[-67.472621,-45.815972],[-67.472543,-45.816082],[-67.472442,-45.816165],[-67.472194,-45.816312],[-67.471448,-45.816627],[-67.4708,-45.816906],[-67.470582,-45.817011],[-67.470423,-45.817155],[-67.469976,-45.817569],[-67.469761,-45.817655],[-67.469305,-45.817655],[-67.468802,-45.817681],[-67.468616,-45.817711],[-67.468483,-45.817762],[-67.468276,-45.817924],[-67.468077,-45.818132],[-67.467493,-45.818642],[-67.467255,-45.818778],[-67.466701,-45.819185],[-67.466209,-45.819556],[-67.465733,-45.819941],[-67.465466,-45.820295],[-67.465336,-45.820487],[-67.465281,-45.820765],[-67.465317,-45.820968],[-67.465292,-45.821256],[-67.465395,-45.821642],[-67.465749,-45.822281],[-67.466227,-45.823228],[-67.467196,-45.825126],[-67.467367,-45.82543],[-67.467623,-45.825911],[-67.467859,-45.826267],[-67.468033,-45.82654],[-67.468103,-45.826634],[-67.468473,-45.82694],[-67.468745,-45.82719],[-67.469451,-45.827727],[-67.469769,-45.827937],[-67.470262,-45.828294],[-67.4706,-45.828445],[-67.471302,-45.828816],[-67.471691,-45.829033],[-67.472672,-45.829579],[-67.473894,-45.830238],[-67.474813,-45.830748],[-67.475053,-45.830886],[-67.475289,-45.831002],[-67.475557,-45.83114],[-67.475833,-45.831316],[-67.47601,-45.831465],[-67.476118,-45.831589],[-67.476324,-45.831833],[-67.476444,-45.832],[-67.476668,-45.832282],[-67.477039,-45.832807],[-67.477254,-45.833102],[-67.477482,-45.833433],[-67.477633,-45.833634],[-67.477821,-45.833894],[-67.477935,-45.834028],[-67.478002,-45.834116],[-67.478095,-45.834183],[-67.478176,-45.834221],[-67.478315,-45.834244],[-67.478404,-45.834244],[-67.478529,-45.834236],[-67.478588,-45.83428],[-67.478597,-45.834368],[-67.478589,-45.834689],[-67.47856,-45.834938],[-67.478532,-45.835292],[-67.478409,-45.836762],[-67.478106,-45.838348],[-67.47811,-45.838451],[-67.478156,-45.838501],[-67.478308,-45.838557],[-67.478836,-45.838709],[-67.479058,-45.838756],[-67.479173,-45.838884],[-67.47923,-45.839017],[-67.479195,-45.839208],[-67.479153,-45.839446],[-67.479076,-45.839628],[-67.479021,-45.839699],[-67.478839,-45.839725],[-67.478438,-45.839731],[-67.477809,-45.839751],[-67.477226,-45.839758],[-67.476978,-45.839767],[-67.476752,-45.839811],[-67.476618,-45.839898],[-67.47651,-45.839999],[-67.476495,-45.840076],[-67.476493,-45.840166],[-67.476493,-45.84064],[-67.476491,-45.841046],[-67.476471,-45.84143],[-67.476436,-45.841792],[-67.476343,-45.842307],[-67.476286,-45.84284],[-67.47622,-45.843192],[-67.476151,-45.843507],[-67.475962,-45.844098],[-67.475519,-45.845458],[-67.475231,-45.846372],[-67.475194,-45.846593],[-67.475188,-45.846818],[-67.475244,-45.846997],[-67.47539,-45.847222],[-67.475589,-45.847423],[-67.475849,-45.847621],[-67.476452,-45.848059],[-67.476665,-45.848221],[-67.476941,-45.848492],[-67.477065,-45.848705],[-67.477193,-45.848908],[-67.477236,-45.849087],[-67.477263,-45.849267],[-67.477264,-45.849486],[-67.477205,-45.849773],[-67.477113,-45.850136],[-67.476853,-45.850991],[-67.476837,-45.851239],[-67.476841,-45.851522],[-67.476917,-45.85183],[-67.477076,-45.852143],[-67.477318,-45.852474],[-67.477598,-45.852894],[-67.477715,-45.853109],[-67.477789,-45.853288],[-67.47782,-45.853456],[-67.477841,-45.853633],[-67.477805,-45.853832],[-67.477737,-45.854018],[-67.47763,-45.854186],[-67.477476,-45.854354],[-67.477237,-45.85452],[-67.476991,-45.854696],[-67.476764,-45.854873],[-67.476601,-45.855033],[-67.476414,-45.855245],[-67.476291,-45.855493],[-67.476224,-45.855804],[-67.476229,-45.85622],[-67.476214,-45.856499],[-67.476161,-45.856802],[-67.476027,-45.857284],[-67.475918,-45.857689],[-67.475774,-45.858151],[-67.475701,-45.858444],[-67.475701,-45.858765],[-67.475898,-45.859254],[-67.476798,-45.859938],[-67.481525,-45.859942],[-67.484317,-45.859963],[-67.4845,-45.860008],[-67.484543,-45.860126],[-67.484494,-45.8635],[-67.484506,-45.8658],[-67.484768,-45.866041],[-67.485402,-45.866285],[-67.486444,-45.866883],[-67.487382,-45.867464],[-67.488095,-45.867961],[-67.488788,-45.868531],[-67.489073,-45.868716],[-67.491989,-45.870828],[-67.493398,-45.87157],[-67.493349,-45.871682],[-67.493227,-45.871764],[-67.493074,-45.871913],[-67.492949,-45.872017]]}},{"type":"Feature","properties":{"linea":"9","sentido":"ida","nombre":"Centro - Barrio Industrial"},"geometry":{"type":"LineString","coordinates":[[-67.480793,-45.862819],[-67.481352,-45.862828],[-67.481428,-45.862863],[-67.481472,-45.862965],[-67.481432,-45.863683],[-67.481343,-45.863726],[-67.480753,-45.863725],[-67.480068,-45.863723],[-67.479974,-45.863656],[-67.479995,-45.862208],[-67.4801,-45.86216],[-67.483123,-45.862174],[-67.484951,-45.862121],[-67.487999,-45.862171],[-67.490535,-45.862125],[-67.494323,-45.86213],[-67.497335,-45.862109],[-67.508083,-45.862172],[-67.511247,-45.862165],[-67.518638,-45.862097],[-67.519785,-45.86208],[-67.519957,-45.862017],[-67.519944,-45.860589],[-67.520051,-45.860554],[-67.522807,-45.860466],[-67.528479,-45.860285],[-67.528447,-45.859728],[-67.528451,-45.858824],[-67.530567,-45.858775],[-67.531961,-45.858693],[-67.533062,-45.858618],[-67.53656,-45.857957],[-67.539892,-45.857229],[-67.541473,-45.856998],[-67.541798,-45.856936],[-67.542078,-45.856903],[-67.542293,-45.857121],[-67.542407,-45.857349],[-67.542877,-45.857974],[-67.543666,-45.859162],[-67.544354,-45.860157],[-67.544939,-45.860819],[-67.545415,-45.861668],[-67.544096,-45.862479],[-67.539855,-45.865181],[-67.532318,-45.870011],[-67.514774,-45.881297],[-67.514155,-45.881724],[-67.514247,-45.881893],[-67.515372,-45.882604],[-67.516432,-45.883373],[-67.517348,-45.884002],[-67.5183,-45.884663],[-67.518868,-45.884961],[-67.519562,-45.885267],[-67.521007,-45.885754],[-67.522563,-45.886244],[-67.524336,-45.88685],[-67.528637,-45.888277],[-67.529617,-45.888573],[-67.529869,-45.8887],[-67.53056,-45.888945],[-67.531447,-45.88938],[-67.532432,-45.889931],[-67.533219,-45.890423],[-67.534943,-45.891591],[-67.536869,-45.892899],[-67.539375,-45.894645],[-67.542244,-45.896546],[-67.543762,-45.897594],[-67.544698,-45.898159],[-67.545712,-45.898679],[-67.547303,-45.899297],[-67.548712,-45.89969],[-67.551846,-45.900471],[-67.558949,-45.902254],[-67.559855,-45.902521],[-67.561066,-45.902778],[-67.562127,-45.903018],[-67.563071,-45.90308],[-67.564882,-45.903018],[-67.565991,-45.902979],[-67.566712,-45.902871],[-67.568079,-45.902762],[-67.568899,-45.902708],[-67.569311,-45.902638],[-67.570389,-45.902477],[-67.570911,-45.9025],[-67.572019,-45.902524],[-67.573845,-45.902539],[-67.577222,-45.902672],[-67.581693,-45.902788],[-67.58324,-45.902833],[-67.58701,-45.902926],[-67.587491,-45.902955],[-67.587723,-45.903025],[-67.587731,-45.903136]]}},{"type":"Feature","properties":{"linea":"9","sentido":"vuelta","nombre":"Centro - Barrio Industrial"},"geometry":{"type":"LineString","coordinates":[[-67.587713,-45.903124],[-67.587347,-45.903082],[-67.587002,-45.903071],[-67.585179,-45.902999],[-67.584153,-45.902983],[-67.575053,-45.902719],[-67.573223,-45.902677],[-67.572146,-45.902639],[-67.571827,-45.902648],[-67.571568,-45.902631],[-67.571237,-45.902602],[-67.570924,-45.902573],[-67.570609,-45.902643],[-67.570619,-45.90279],[-67.570799,-45.902852],[-67.571198,-45.902999],[-67.571482,-45.903079],[-67.571827,-45.903218],[-67.572338,-45.903459],[-67.574419,-45.904412],[-67.575302,-45.904823],[-67.575829,-45.905031],[-67.576439,-45.905188],[-67.577637,-45.905447],[-67.578372,-45.90556],[-67.579024,-45.905742],[-67.579441,-45.905887],[-67.579748,-45.906044],[-67.580056,-45.906151],[-67.580481,-45.906314],[-67.580814,-45.906496],[-67.580814,-45.906741],[-67.580677,-45.907023],[-67.580342,-45.907218],[-67.579963,-45.907237],[-67.57962,-45.907074],[-67.579403,-45.906892],[-67.57934,-45.90661],[-67.57935,-45.906271],[-67.579187,-45.905956],[-67.578797,-45.905799],[-67.577901,-45.905636],[-67.576557,-45.905334],[-67.575148,-45.904854],[-67.573048,-45.903968],[-67.571743,-45.903404],[-67.57097,-45.903153],[-67.569773,-45.902927],[-67.567803,-45.902976],[-67.565403,-45.903149],[-67.563957,-45.903201],[-67.562817,-45.903195],[-67.562157,-45.903158],[-67.561839,-45.903148],[-67.561552,-45.903131],[-67.560985,-45.903033],[-67.560275,-45.902859],[-67.557525,-45.902148],[-67.55668,-45.901938],[-67.556169,-45.901817],[-67.553849,-45.901211],[-67.551343,-45.900552],[-67.551103,-45.900429],[-67.54764,-45.899511],[-67.546933,-45.899297],[-67.546169,-45.898998],[-67.545562,-45.898713],[-67.545034,-45.898481],[-67.544741,-45.898417],[-67.544405,-45.898294],[-67.543944,-45.89803],[-67.540626,-45.895782],[-67.537503,-45.893656],[-67.536008,-45.892651],[-67.534445,-45.891598],[-67.533002,-45.890611],[-67.532045,-45.889999],[-67.531399,-45.889598],[-67.530474,-45.889209],[-67.530027,-45.889054],[-67.529427,-45.888852],[-67.528875,-45.888669],[-67.526779,-45.88798],[-67.524963,-45.887355],[-67.520444,-45.885874],[-67.519987,-45.885745],[-67.519261,-45.885497],[-67.518719,-45.885252],[-67.51789,-45.884733],[-67.515877,-45.883402],[-67.514406,-45.882334],[-67.514045,-45.882089],[-67.513821,-45.881966],[-67.513821,-45.881797],[-67.513983,-45.88158],[-67.514565,-45.881198],[-67.520079,-45.877711],[-67.532472,-45.869686],[-67.545002,-45.861673],[-67.545124,-45.861596],[-67.545135,-45.861493],[-67.543777,-45.859552],[-67.543133,-45.858696],[-67.542384,-45.857683],[-67.542147,-45.857413],[-67.541987,-45.8573],[-67.541767,-45.857279],[-67.541642,-45.857175],[-67.541518,-45.857103],[-67.541292,-45.857103],[-67.539597,-45.857402],[-67.537318,-45.857841],[-67.53542,-45.858239],[-67.533441,-45.858596],[-67.532799,-45.858706],[-67.532471,-45.858714],[-67.53094,-45.858803],[-67.530114,-45.858828],[-67.529301,-45.858864],[-67.528626,-45.858884],[-67.528485,-45.858935],[-67.528431,-45.859016],[-67.52841,-45.859219],[-67.528466,-45.860143],[-67.528448,-45.860226],[-67.528334,-45.860266],[-67.528067,-45.860286],[-67.527399,-45.860286],[-67.521081,-45.86051],[-67.520986,-45.860564],[-67.52097,-45.8607],[-67.520999,-45.862122],[-67.52095,-45.862252],[-67.520854,-45.862295],[-67.52063,-45.862326],[-67.520043,-45.862323],[-67.512367,-45.862422],[-67.504194,-45.862413],[-67.50099,-45.862394],[-67.49639,-45.862425],[-67.492729,-45.862404],[-67.484735,-45.862447],[-67.48461,-45.862529],[-67.484611,-45.862904],[-67.484594,-45.863309],[-67.484594,-45.863424],[-67.484491,-45.863479],[-67.484209,-45.863505],[-67.481706,-45.863494],[-67.481558,-45.863536],[-67.481453,-45.863605],[-67.481294,-45.863661],[-67.48067,-45.863681],[-67.480119,-45.86369],[-67.480001,-45.86366],[-67.479958,-45.8636],[-67.479948,-45.863425],[-67.479985,-45.862877],[-67.48006,-45.862822],[-67.480158,-45.862796],[-67.480559,-45.862792]]}},{"type":"Feature","properties":{"linea":"9A","sentido":"ida","nombre":"Extensión Arenales"},"geometry":{"type":"LineString","coordinates":[[-67.480793,-45.862819],[-67.481352,-45.862828],[-67.481428,-45.862863],[-67.481472,-45.862965],[-67.481432,-45.863683],[-67.481343,-45.863726],[-67.480753,-45.863725],[-67.480068,-45.863723],[-67.479974,-45.863656],[-67.479995,-45.862208],[-67.4801,-45.86216],[-67.483123,-45.862174],[-67.484951,-45.862121],[-67.487999,-45.862171],[-67.490535,-45.862125],[-67.494323,-45.86213],[-67.497335,-45.862109],[-67.508083,-45.862172],[-67.511247,-45.862165],[-67.518638,-45.862097],[-67.519785,-45.86208],[-67.519957,-45.862017],[-67.519944,-45.860589],[-67.520051,-45.860554],[-67.522807,-45.860466],[-67.528479,-45.860285],[-67.528447,-45.859728],[-67.528451,-45.858824],[-67.530567,-45.858775],[-67.531961,-45.858693],[-67.533062,-45.858618],[-67.53656,-45.857957],[-67.539892,-45.857229],[-67.541473,-45.856998],[-67.541798,-45.856936],[-67.542078,-45.856903],[-67.542293,-45.857121],[-67.542407,-45.857349],[-67.542877,-45.857974],[-67.543666,-45.859162],[-67.544354,-45.860157],[-67.544939,-45.860819],[-67.545415,-45.861668],[-67.544096,-45.862479],[-67.539855,-45.865181],[-67.532318,-45.870011],[-67.514774,-45.881297],[-67.514155,-45.881724],[-67.514247,-45.881893],[-67.515372,-45.882604],[-67.516432,-45.883373],[-67.517348,-45.884002],[-67.5183,-45.884663],[-67.518868,-45.884961],[-67.519562,-45.885267],[-67.521007,-45.885754],[-67.522563,-45.886244],[-67.524336,-45.88685],[-67.528637,-45.888277],[-67.529617,-45.888573],[-67.529869,-45.8887],[-67.53056,-45.888945],[-67.531447,-45.88938],[-67.532432,-45.889931],[-67.533219,-45.890423],[-67.534943,-45.891591],[-67.536869,-45.892899],[-67.539375,-45.894645],[-67.542244,-45.896546],[-67.543762,-45.897594],[-67.544698,-45.898159],[-67.545712,-45.898679],[-67.547303,-45.899297],[-67.548712,-45.89969],[-67.551846,-45.900471],[-67.558949,-45.902254],[-67.559855,-45.902521],[-67.561066,-45.902778],[-67.562127,-45.903018],[-67.563071,-45.90308],[-67.564882,-45.903018],[-67.565991,-45.902979],[-67.566712,-45.902871],[-67.568079,-45.902762],[-67.568899,-45.902708],[-67.569311,-45.902638],[-67.570389,-45.902477],[-67.570911,-45.9025],[-67.572019,-45.902524],[-67.573845,-45.902539],[-67.577222,-45.902672],[-67.581693,-45.902788],[-67.58324,-45.902833],[-67.58701,-45.902926],[-67.587491,-45.902955],[-67.587723,-45.903025],[-67.587731,-45.903136]]}},{"type":"Feature","properties":{"linea":"9A","sentido":"vuelta","nombre":"Extensión Arenales"},"geometry":{"type":"LineString","coordinates":[[-67.587713,-45.903124],[-67.587347,-45.903082],[-67.587002,-45.903071],[-67.585179,-45.902999],[-67.584153,-45.902983],[-67.575053,-45.902719],[-67.573223,-45.902677],[-67.572146,-45.902639],[-67.571827,-45.902648],[-67.571568,-45.902631],[-67.571237,-45.902602],[-67.570924,-45.902573],[-67.570609,-45.902643],[-67.570619,-45.90279],[-67.570799,-45.902852],[-67.571198,-45.902999],[-67.571482,-45.903079],[-67.571827,-45.903218],[-67.572338,-45.903459],[-67.574419,-45.904412],[-67.575302,-45.904823],[-67.575829,-45.905031],[-67.576439,-45.905188],[-67.577637,-45.905447],[-67.578372,-45.90556],[-67.579024,-45.905742],[-67.579441,-45.905887],[-67.579748,-45.906044],[-67.580056,-45.906151],[-67.580348,-45.906204],[-67.58066,-45.906257],[-67.581036,-45.90624],[-67.5814,-45.90627],[-67.581757,-45.906336],[-67.582144,-45.906537],[-67.582575,-45.906721],[-67.583096,-45.906955],[-67.583541,-45.907165],[-67.583842,-45.907314],[-67.584287,-45.907524],[-67.584745,-45.907692],[-67.585176,-45.907882],[-67.585662,-45.907998],[-67.586052,-45.908142],[-67.586379,-45.908242],[-67.58686,-45.908316],[-67.58799,-45.908303],[-67.588716,-45.908148],[-67.590431,-45.907809],[-67.592399,-45.907348],[-67.59335,-45.907151],[-67.593913,-45.907011],[-67.594828,-45.906728],[-67.595667,-45.906458],[-67.596394,-45.906155],[-67.597414,-45.90564],[-67.598215,-45.905205],[-67.598588,-45.905019],[-67.599108,-45.904715],[-67.599692,-45.904384],[-67.60024,-45.903979],[-67.600753,-45.903759],[-67.601077,-45.903571],[-67.601532,-45.903385],[-67.601899,-45.903248],[-67.602238,-45.903117],[-67.602623,-45.903004],[-67.603088,-45.902895],[-67.603458,-45.902833],[-67.604067,-45.902759],[-67.604532,-45.902736],[-67.605047,-45.90269],[-67.605945,-45.902623],[-67.608167,-45.902411],[-67.608649,-45.902397],[-67.609412,-45.902342],[-67.609973,-45.902294],[-67.610467,-45.902271],[-67.610606,-45.902234],[-67.610596,-45.902087],[-67.610341,-45.901847],[-67.610198,-45.901756],[-67.609973,-45.901673],[-67.609089,-45.901526],[-67.608993,-45.901486],[-67.608957,-45.901427],[-67.608925,-45.901012],[-67.608897,-45.900785],[-67.608802,-45.90076],[-67.608146,-45.900803],[-67.608004,-45.89994],[-67.607504,-45.896797],[-67.607439,-45.896597],[-67.606896,-45.896378],[-67.606384,-45.896163],[-67.606163,-45.895919],[-67.606279,-45.895678],[-67.606579,-45.895519],[-67.606997,-45.895378],[-67.60852,-45.894846],[-67.609075,-45.89445],[-67.609545,-45.89407],[-67.609622,-45.893933],[-67.609588,-45.893837],[-67.609559,-45.89376],[-67.609616,-45.893694],[-67.609712,-45.893728],[-67.609722,-45.893874],[-67.60966,-45.894048],[-67.609468,-45.894269],[-67.608958,-45.894616],[-67.608649,-45.894837],[-67.608605,-45.894857],[-67.608483,-45.894944],[-67.607893,-45.895143],[-67.606889,-45.895474],[-67.606429,-45.895671],[-67.606318,-45.895764],[-67.606269,-45.895906],[-67.606343,-45.896045],[-67.606554,-45.896164],[-67.60698,-45.896355],[-67.607284,-45.896469],[-67.607447,-45.896537],[-67.607544,-45.896613],[-67.607586,-45.89685],[-67.608084,-45.899802],[-67.608183,-45.899897],[-67.608383,-45.899897],[-67.608734,-45.899907],[-67.608849,-45.899955],[-67.608947,-45.900656],[-67.609056,-45.901433],[-67.609828,-45.901569],[-67.610218,-45.901662],[-67.610526,-45.901897],[-67.610746,-45.902117],[-67.610754,-45.90223],[-67.610726,-45.902345],[-67.609255,-45.902448],[-67.607186,-45.9026],[-67.605082,-45.902756],[-67.603621,-45.902888],[-67.601779,-45.903372],[-67.600817,-45.903799],[-67.599387,-45.904611],[-67.598,-45.905508],[-67.596015,-45.906415],[-67.593627,-45.907171],[-67.590492,-45.907865],[-67.588699,-45.908252],[-67.588246,-45.908358],[-67.587609,-45.908397],[-67.586784,-45.908401],[-67.585764,-45.908197],[-67.585085,-45.907924],[-67.584165,-45.907557],[-67.582813,-45.906941],[-67.581952,-45.906582],[-67.581625,-45.906394],[-67.581219,-45.906395],[-67.580928,-45.906539],[-67.580869,-45.906791],[-67.580677,-45.907023],[-67.580342,-45.907218],[-67.579963,-45.907237],[-67.57962,-45.907074],[-67.579403,-45.906892],[-67.57934,-45.90661],[-67.57935,-45.906271],[-67.579187,-45.905956],[-67.578797,-45.905799],[-67.577901,-45.905636],[-67.576557,-45.905334],[-67.575148,-45.904854],[-67.573048,-45.903968],[-67.571743,-45.903404],[-67.57097,-45.903153],[-67.569773,-45.902927],[-67.567803,-45.902976],[-67.565403,-45.903149],[-67.563957,-45.903201],[-67.562817,-45.903195],[-67.562157,-45.903158],[-67.561839,-45.903148],[-67.561552,-45.903131],[-67.560985,-45.903033],[-67.560275,-45.902859],[-67.557525,-45.902148],[-67.55668,-45.901938],[-67.556169,-45.901817],[-67.553849,-45.901211],[-67.551343,-45.900552],[-67.551103,-45.900429],[-67.54764,-45.899511],[-67.546933,-45.899297],[-67.546169,-45.898998],[-67.545562,-45.898713],[-67.545034,-45.898481],[-67.544741,-45.898417],[-67.544405,-45.898294],[-67.543944,-45.89803],[-67.540626,-45.895782],[-67.537503,-45.893656],[-67.536008,-45.892651],[-67.534445,-45.891598],[-67.533002,-45.890611],[-67.532045,-45.889999],[-67.531399,-45.889598],[-67.530474,-45.889209],[-67.530027,-45.889054],[-67.529427,-45.888852],[-67.528875,-45.888669],[-67.526779,-45.88798],[-67.524963,-45.887355],[-67.520444,-45.885874],[-67.519987,-45.885745],[-67.519261,-45.885497],[-67.518719,-45.885252],[-67.51789,-45.884733],[-67.515877,-45.883402],[-67.514406,-45.882334],[-67.514045,-45.882089],[-67.513821,-45.881966],[-67.513821,-45.881797],[-67.513983,-45.88158],[-67.514565,-45.881198],[-67.520079,-45.877711],[-67.532472,-45.869686],[-67.545002,-45.861673],[-67.545124,-45.861596],[-67.545135,-45.861493],[-67.543777,-45.859552],[-67.543133,-45.858696],[-67.542384,-45.857683],[-67.542147,-45.857413],[-67.541987,-45.8573],[-67.541767,-45.857279],[-67.541642,-45.857175],[-67.541518,-45.857103],[-67.541292,-45.857103],[-67.539597,-45.857402],[-67.537318,-45.857841],[-67.53542,-45.858239],[-67.533441,-45.858596],[-67.532799,-45.858706],[-67.532471,-45.858714],[-67.53094,-45.858803],[-67.530114,-45.858828],[-67.529301,-45.858864],[-67.528626,-45.858884],[-67.528485,-45.858935],[-67.528431,-45.859016],[-67.52841,-45.859219],[-67.528466,-45.860143],[-67.528448,-45.860226],[-67.528334,-45.860266],[-67.528067,-45.860286],[-67.527399,-45.860286],[-67.521081,-45.86051],[-67.520986,-45.860564],[-67.52097,-45.8607],[-67.520999,-45.862122],[-67.52095,-45.862252],[-67.520854,-45.862295],[-67.52063,-45.862326],[-67.520043,-45.862323],[-67.512367,-45.862422],[-67.504194,-45.862413],[-67.50099,-45.862394],[-67.49639,-45.862425],[-67.492729,-45.862404],[-67.484735,-45.862447],[-67.48461,-45.862529],[-67.484611,-45.862904],[-67.484594,-45.863309],[-67.484594,-45.863424],[-67.484491,-45.863479],[-67.484209,-45.863505],[-67.481706,-45.863494],[-67.481558,-45.863536],[-67.481453,-45.863605],[-67.481294,-45.863661],[-67.48067,-45.863681],[-67.480119,-45.86369],[-67.480001,-45.86366],[-67.479958,-45.8636],[-67.479948,-45.863425],[-67.479985,-45.862877],[-67.48006,-45.862822],[-67.480158,-45.862796],[-67.480559,-45.862792]]}},{"type":"Feature","properties":{"linea":"12","sentido":"ida","nombre":"Centro - Máximo Abásolo"},"geometry":{"type":"LineString","coordinates":[[-67.480719,-45.86277],[-67.481282,-45.862765],[-67.481501,-45.862833],[-67.481482,-45.86298],[-67.481478,-45.863332],[-67.481492,-45.863548],[-67.481505,-45.864538],[-67.48156,-45.864619],[-67.481941,-45.86479],[-67.482478,-45.865031],[-67.483396,-45.865481],[-67.484492,-45.865952],[-67.485523,-45.866335],[-67.486271,-45.866688],[-67.487088,-45.867204],[-67.488272,-45.868018],[-67.489172,-45.868696],[-67.490178,-45.869492],[-67.490995,-45.87013],[-67.491582,-45.87051],[-67.49179,-45.870663],[-67.491919,-45.870656],[-67.49225,-45.870416],[-67.492989,-45.869997],[-67.493322,-45.869759],[-67.493654,-45.869358],[-67.493812,-45.869002],[-67.493735,-45.867929],[-67.493785,-45.864661],[-67.493932,-45.864561],[-67.494262,-45.864561],[-67.497182,-45.864564],[-67.49739,-45.864522],[-67.497337,-45.863965],[-67.497375,-45.8626],[-67.497381,-45.862233],[-67.497651,-45.862135],[-67.498577,-45.862152],[-67.509662,-45.862165],[-67.515277,-45.862119],[-67.52922,-45.861953],[-67.529791,-45.861951],[-67.530242,-45.861959],[-67.530443,-45.861968],[-67.530709,-45.862036],[-67.530744,-45.862161],[-67.530527,-45.862285],[-67.530077,-45.862573],[-67.527653,-45.86416],[-67.527697,-45.864235],[-67.527935,-45.864288],[-67.530574,-45.864805],[-67.534895,-45.865685],[-67.535338,-45.865766],[-67.535771,-45.865825],[-67.536205,-45.865914],[-67.536543,-45.866003],[-67.537207,-45.866197],[-67.537869,-45.866312],[-67.537958,-45.866399],[-67.537848,-45.86651],[-67.537425,-45.866758],[-67.53625,-45.867532],[-67.534934,-45.868413],[-67.535148,-45.868575],[-67.53613,-45.869316],[-67.536316,-45.869195],[-67.537332,-45.868533],[-67.53744,-45.86857],[-67.539304,-45.869979],[-67.5408,-45.871147],[-67.540892,-45.871156],[-67.540795,-45.871219],[-67.540736,-45.871245],[-67.540743,-45.871308],[-67.540908,-45.871424],[-67.541188,-45.871664],[-67.54176,-45.872195],[-67.54263,-45.871698],[-67.542695,-45.871657],[-67.54264,-45.871543],[-67.542338,-45.87122],[-67.542268,-45.871126],[-67.541748,-45.871179],[-67.541485,-45.871195],[-67.541438,-45.871126],[-67.541626,-45.869989],[-67.54161,-45.869875],[-67.541454,-45.869745],[-67.540716,-45.869203],[-67.540723,-45.869144],[-67.541283,-45.868759],[-67.54302,-45.867616],[-67.542927,-45.867568],[-67.542702,-45.867493],[-67.542423,-45.867322],[-67.542292,-45.867215],[-67.54226,-45.867092],[-67.542613,-45.86714],[-67.543022,-45.867215],[-67.543459,-45.867296],[-67.543741,-45.867398],[-67.543917,-45.867516],[-67.544283,-45.867591],[-67.544443,-45.867623],[-67.544555,-45.867431],[-67.544801,-45.866734],[-67.544854,-45.866559],[-67.544884,-45.866071],[-67.544999,-45.865993],[-67.545182,-45.865972],[-67.545471,-45.865982],[-67.546584,-45.865998],[-67.54659,-45.865908],[-67.543938,-45.86395],[-67.542832,-45.863092],[-67.542985,-45.862964],[-67.544149,-45.862172],[-67.548387,-45.859442],[-67.549211,-45.858904],[-67.549577,-45.858666],[-67.549816,-45.858548],[-67.549958,-45.858491],[-67.550107,-45.858465]]}},{"type":"Feature","properties":{"linea":"12","sentido":"vuelta","nombre":"Centro - Máximo Abásolo"},"geometry":{"type":"LineString","coordinates":[[-67.550148,-45.85848],[-67.550269,-45.85857],[-67.550448,-45.858892],[-67.550685,-45.859404],[-67.550617,-45.859422],[-67.550482,-45.859469],[-67.550364,-45.859468],[-67.548614,-45.859507],[-67.542992,-45.86315],[-67.546846,-45.866026],[-67.54677,-45.866063],[-67.545097,-45.866014],[-67.545011,-45.866057],[-67.544946,-45.866615],[-67.54451,-45.867841],[-67.544404,-45.867829],[-67.543428,-45.867623],[-67.543322,-45.86763],[-67.54086,-45.869204],[-67.541728,-45.869853],[-67.541755,-45.869946],[-67.541729,-45.87012],[-67.541687,-45.870431],[-67.541589,-45.870851],[-67.541526,-45.871124],[-67.542351,-45.871055],[-67.542458,-45.871191],[-67.542689,-45.871496],[-67.542809,-45.871695],[-67.540663,-45.872794],[-67.540565,-45.872776],[-67.537374,-45.870406],[-67.537286,-45.870323],[-67.536096,-45.869445],[-67.537434,-45.868546],[-67.539908,-45.866942],[-67.539951,-45.866922],[-67.539903,-45.866928],[-67.53762,-45.866459],[-67.536648,-45.866159],[-67.536409,-45.866069],[-67.527481,-45.864302],[-67.527327,-45.864182],[-67.527362,-45.864139],[-67.53019,-45.862304],[-67.53026,-45.862243],[-67.530049,-45.862219],[-67.528227,-45.86223],[-67.515347,-45.862363],[-67.502239,-45.862388],[-67.495745,-45.862408],[-67.495797,-45.865608],[-67.495347,-45.865684],[-67.486086,-45.865591],[-67.484777,-45.86543],[-67.484245,-45.865273],[-67.483015,-45.864694],[-67.483022,-45.864045],[-67.483016,-45.863537],[-67.482976,-45.863508],[-67.481581,-45.863495],[-67.48154,-45.863545],[-67.4815,-45.863609],[-67.481391,-45.863669],[-67.481254,-45.863716],[-67.480138,-45.863722],[-67.480029,-45.863678],[-67.480002,-45.863621],[-67.480007,-45.863394],[-67.480019,-45.86289],[-67.480074,-45.862817],[-67.480373,-45.862786],[-67.480618,-45.862793]]}},{"type":"Feature","properties":{"linea":"13","sentido":"ida","nombre":"Estadio Centenario - Standard"},"geometry":{"type":"LineString","coordinates":[[-67.492629,-45.872283],[-67.491775,-45.872923],[-67.490232,-45.872038],[-67.490591,-45.871761],[-67.490986,-45.871398],[-67.488009,-45.869622],[-67.487555,-45.86954],[-67.486318,-45.868871],[-67.486379,-45.868065],[-67.484004,-45.868038],[-67.48216,-45.867177],[-67.480286,-45.866345],[-67.480162,-45.866268],[-67.480037,-45.866166],[-67.479941,-45.866038],[-67.479958,-45.865824],[-67.479907,-45.864915],[-67.479925,-45.864726],[-67.479905,-45.864558],[-67.479811,-45.864472],[-67.479657,-45.864466],[-67.478955,-45.864314],[-67.476157,-45.863711],[-67.47576,-45.863644],[-67.475497,-45.863563],[-67.475279,-45.863431],[-67.475144,-45.863249],[-67.475069,-45.862917],[-67.474948,-45.862713],[-67.474722,-45.86249],[-67.474245,-45.861992],[-67.474109,-45.861816],[-67.474073,-45.861608],[-67.474153,-45.861447],[-67.4744,-45.860917],[-67.474879,-45.860137],[-67.47501,-45.859904],[-67.475112,-45.859708],[-67.475228,-45.859381],[-67.475381,-45.859086],[-67.475552,-45.858533],[-67.475883,-45.857406],[-67.476047,-45.856787],[-67.476109,-45.856528],[-67.47611,-45.85629],[-67.47609,-45.855829],[-67.476159,-45.855522],[-67.476283,-45.855247],[-67.476529,-45.854931],[-67.477193,-45.854413],[-67.477401,-45.854212],[-67.477544,-45.854087],[-67.477632,-45.853857],[-67.477686,-45.8536],[-67.477652,-45.853329],[-67.477468,-45.852937],[-67.477309,-45.852673],[-67.47711,-45.852372],[-67.476878,-45.852019],[-67.47679,-45.851815],[-67.476716,-45.851564],[-67.476716,-45.851341],[-67.476757,-45.851075],[-67.476818,-45.85076],[-67.47692,-45.850445],[-67.476975,-45.850125],[-67.47703,-45.849922],[-67.477092,-45.849476],[-67.47714,-45.849192],[-67.477047,-45.848878],[-67.476895,-45.84861],[-67.476738,-45.848399],[-67.476476,-45.848172],[-67.476009,-45.847802],[-67.475726,-45.847614],[-67.475485,-45.847425],[-67.475308,-45.847242],[-67.475189,-45.847022],[-67.475116,-45.846839],[-67.475116,-45.84666],[-67.475156,-45.846457],[-67.475294,-45.84588],[-67.475565,-45.845021],[-67.475799,-45.844286],[-67.476077,-45.843463],[-67.47614,-45.843152],[-67.476264,-45.842294],[-67.476361,-45.841594],[-67.476383,-45.841098],[-67.476393,-45.84056],[-67.476391,-45.83986],[-67.476364,-45.839559],[-67.47474,-45.83945],[-67.474761,-45.837817],[-67.475605,-45.837947],[-67.476386,-45.838094],[-67.476317,-45.836905],[-67.47618,-45.836477],[-67.475874,-45.836062],[-67.474814,-45.835061],[-67.473933,-45.834329],[-67.471904,-45.832167],[-67.470147,-45.830096],[-67.469126,-45.828923],[-67.469058,-45.828808],[-67.468786,-45.828487],[-67.468483,-45.827939],[-67.468161,-45.827475],[-67.467983,-45.8272],[-67.467838,-45.827004],[-67.467626,-45.826683],[-67.467282,-45.826284],[-67.466827,-45.825767],[-67.466346,-45.825221],[-67.466186,-45.824999],[-67.466033,-45.824859],[-67.46585,-45.824777],[-67.465733,-45.82476],[-67.465595,-45.824753],[-67.465458,-45.824702],[-67.465358,-45.824618],[-67.46531,-45.8245],[-67.465237,-45.824434],[-67.465088,-45.824365],[-67.464931,-45.824346],[-67.464733,-45.824336],[-67.46457,-45.824309],[-67.464294,-45.824289],[-67.463969,-45.824241],[-67.463551,-45.824187],[-67.463167,-45.824095],[-67.462825,-45.824002],[-67.462535,-45.823872],[-67.461226,-45.823203],[-67.460729,-45.822936],[-67.460203,-45.822659],[-67.459595,-45.822522],[-67.458917,-45.822378],[-67.458551,-45.822334],[-67.458276,-45.822355],[-67.458,-45.822386],[-67.457853,-45.822351],[-67.457669,-45.822295],[-67.457582,-45.822194],[-67.457325,-45.821901],[-67.456923,-45.82138],[-67.456747,-45.82104],[-67.45661,-45.82071],[-67.456458,-45.820375],[-67.456292,-45.819883],[-67.456221,-45.819535],[-67.456222,-45.819358],[-67.456361,-45.819221],[-67.456528,-45.819185],[-67.456689,-45.819185],[-67.456827,-45.81914],[-67.456892,-45.818988],[-67.457031,-45.818342],[-67.457111,-45.817918],[-67.457155,-45.817561],[-67.457097,-45.817283],[-67.456967,-45.816763],[-67.456408,-45.815023],[-67.456235,-45.814453],[-67.455997,-45.813606],[-67.455537,-45.812045],[-67.455335,-45.811406],[-67.455226,-45.811148],[-67.455031,-45.810896],[-67.454895,-45.810725],[-67.454715,-45.810413],[-67.45473,-45.810247],[-67.454839,-45.809996],[-67.454904,-45.809739],[-67.454875,-45.809487],[-67.454747,-45.809015],[-67.454625,-45.808744],[-67.454322,-45.808538],[-67.454062,-45.808431],[-67.45349,-45.808334],[-67.45295,-45.808267],[-67.452575,-45.808239],[-67.452288,-45.80827],[-67.451829,-45.808386],[-67.451308,-45.808522],[-67.450688,-45.808618],[-67.450185,-45.80865],[-67.449536,-45.808608],[-67.449148,-45.808608],[-67.448654,-45.808725],[-67.448261,-45.808799],[-67.447658,-45.808927],[-67.446791,-45.80906],[-67.445615,-45.809216],[-67.445022,-45.8093],[-67.444113,-45.809458],[-67.443161,-45.809598],[-67.442666,-45.809617],[-67.442047,-45.809612],[-67.441577,-45.809582],[-67.440851,-45.809467],[-67.440287,-45.809376],[-67.437604,-45.809011],[-67.437049,-45.80894],[-67.436378,-45.808838],[-67.435872,-45.808762],[-67.435525,-45.80864],[-67.435206,-45.808508],[-67.434916,-45.808328],[-67.43456,-45.80801],[-67.434009,-45.807469],[-67.433743,-45.807125],[-67.433317,-45.806741],[-67.432984,-45.806503],[-67.431876,-45.805841],[-67.430572,-45.80506],[-67.428511,-45.803897],[-67.427401,-45.803276],[-67.42676,-45.802971],[-67.425928,-45.802527],[-67.425115,-45.80209],[-67.424818,-45.801917],[-67.424565,-45.801612],[-67.424356,-45.801322],[-67.424109,-45.80087],[-67.422964,-45.798897],[-67.422048,-45.797271],[-67.421823,-45.796817],[-67.421878,-45.796695],[-67.42216,-45.79648],[-67.422487,-45.796174],[-67.422982,-45.79573],[-67.422983,-45.795638],[-67.422904,-45.795495],[-67.421985,-45.794507],[-67.421333,-45.793772],[-67.420959,-45.793337],[-67.420801,-45.793248],[-67.420348,-45.792773],[-67.420158,-45.792508],[-67.420158,-45.792434],[-67.420322,-45.792372],[-67.421194,-45.791965],[-67.421252,-45.791928],[-67.42121,-45.791876],[-67.421178,-45.791832],[-67.421236,-45.79174],[-67.422708,-45.791124],[-67.424287,-45.790497],[-67.424805,-45.790258],[-67.426274,-45.789193],[-67.426555,-45.788966],[-67.426641,-45.788825],[-67.426755,-45.788706],[-67.424753,-45.787148],[-67.426509,-45.786135],[-67.426671,-45.786226],[-67.428166,-45.787646],[-67.428415,-45.787694],[-67.428719,-45.78748],[-67.433678,-45.784046],[-67.433859,-45.783911],[-67.434517,-45.78346]]}},{"type":"Feature","properties":{"linea":"13","sentido":"vuelta","nombre":"Estadio Centenario - Standard"},"geometry":{"type":"LineString","coordinates":[[-67.43456,-45.783425],[-67.434674,-45.783417],[-67.434877,-45.783502],[-67.436969,-45.784626],[-67.44202,-45.787393],[-67.442119,-45.787462],[-67.4421,-45.787531],[-67.441584,-45.787918],[-67.440136,-45.788874],[-67.438819,-45.789752],[-67.438693,-45.789894],[-67.438509,-45.789914],[-67.43813,-45.789955],[-67.438014,-45.789968],[-67.438004,-45.790056],[-67.43842,-45.791596],[-67.434521,-45.791667],[-67.434546,-45.792346],[-67.434575,-45.792514],[-67.434789,-45.792595],[-67.435387,-45.792669],[-67.435629,-45.792717],[-67.435629,-45.792973],[-67.435676,-45.79335],[-67.435605,-45.793654],[-67.43545,-45.79387],[-67.434096,-45.794416],[-67.432257,-45.795185],[-67.431944,-45.795306],[-67.431766,-45.795411],[-67.431588,-45.795411],[-67.429594,-45.795243],[-67.428685,-45.795232],[-67.428416,-45.79528],[-67.428319,-45.795385],[-67.428271,-45.795645],[-67.428277,-45.795885],[-67.428323,-45.796126],[-67.428335,-45.796415],[-67.428264,-45.796652],[-67.427977,-45.79689],[-67.427311,-45.797334],[-67.426009,-45.798063],[-67.425459,-45.798375],[-67.425095,-45.798472],[-67.424395,-45.798588],[-67.423141,-45.798802],[-67.423026,-45.798843],[-67.423035,-45.798901],[-67.423436,-45.799578],[-67.423699,-45.800043],[-67.42432,-45.80113],[-67.424517,-45.801416],[-67.424724,-45.801712],[-67.424835,-45.80184],[-67.425006,-45.801934],[-67.42702,-45.803021],[-67.430293,-45.804797],[-67.431263,-45.805367],[-67.432008,-45.805825],[-67.432658,-45.806215],[-67.433108,-45.806475],[-67.433505,-45.8068],[-67.433714,-45.806996],[-67.434021,-45.807326],[-67.434362,-45.807702],[-67.43493,-45.808233],[-67.435299,-45.808483],[-67.435768,-45.808663],[-67.436288,-45.808778],[-67.440242,-45.809321],[-67.441063,-45.809449],[-67.441667,-45.809544],[-67.442426,-45.809587],[-67.4432,-45.809563],[-67.444351,-45.809392],[-67.446393,-45.809058],[-67.446974,-45.808993],[-67.447623,-45.808887],[-67.448323,-45.808724],[-67.448883,-45.808578],[-67.449418,-45.808357],[-67.449931,-45.808133],[-67.450527,-45.808058],[-67.451083,-45.808017],[-67.45192,-45.808062],[-67.45295,-45.808183],[-67.453679,-45.80824],[-67.454218,-45.808356],[-67.45455,-45.808578],[-67.454753,-45.808716],[-67.454906,-45.809164],[-67.45506,-45.809697],[-67.455166,-45.809914],[-67.455287,-45.810173],[-67.455372,-45.810496],[-67.455397,-45.810903],[-67.455365,-45.811173],[-67.45574,-45.812365],[-67.456183,-45.813835],[-67.456856,-45.816254],[-67.457062,-45.816994],[-67.457218,-45.817428],[-67.457264,-45.817706],[-67.457218,-45.818017],[-67.45696,-45.81917],[-67.456895,-45.81941],[-67.456776,-45.820247],[-67.456805,-45.820569],[-67.456907,-45.820822],[-67.45724,-45.821451],[-67.457497,-45.82182],[-67.457862,-45.822006],[-67.458354,-45.822166],[-67.459063,-45.822277],[-67.45979,-45.822455],[-67.460272,-45.822562],[-67.460601,-45.822728],[-67.461329,-45.823136],[-67.462338,-45.823635],[-67.462899,-45.823923],[-67.463193,-45.824013],[-67.463871,-45.824108],[-67.464421,-45.824198],[-67.465216,-45.824229],[-67.465434,-45.824222],[-67.465723,-45.824208],[-67.466007,-45.824226],[-67.46645,-45.824186],[-67.467008,-45.824071],[-67.467512,-45.823862],[-67.467963,-45.823597],[-67.468179,-45.823333],[-67.468185,-45.823176],[-67.468019,-45.822944],[-67.46783,-45.822806],[-67.467471,-45.82273],[-67.467167,-45.822723],[-67.466858,-45.822861],[-67.46663,-45.823061],[-67.466538,-45.823357],[-67.466551,-45.823648],[-67.466725,-45.824128],[-67.467138,-45.824997],[-67.46811,-45.826985],[-67.468488,-45.827762],[-67.468934,-45.828473],[-67.469497,-45.829205],[-67.470596,-45.830463],[-67.471503,-45.831508],[-67.472121,-45.832291],[-67.4734,-45.833618],[-67.474316,-45.834534],[-67.475127,-45.83527],[-67.476037,-45.836073],[-67.476355,-45.836423],[-67.476503,-45.836792],[-67.47651,-45.837208],[-67.476437,-45.837998],[-67.476644,-45.838409],[-67.476685,-45.839411],[-67.476521,-45.839789],[-67.476499,-45.841309],[-67.476424,-45.842354],[-67.476269,-45.843146],[-67.476002,-45.844052],[-67.475534,-45.84551],[-67.47533,-45.846092],[-67.47522,-45.846559],[-67.475224,-45.846773],[-67.475275,-45.846979],[-67.475538,-45.847348],[-67.476058,-45.847759],[-67.476764,-45.848261],[-67.477084,-45.848637],[-67.477249,-45.849055],[-67.477262,-45.849426],[-67.477139,-45.849952],[-67.476932,-45.850792],[-67.476849,-45.851362],[-67.476922,-45.851782],[-67.477078,-45.85214],[-67.477643,-45.852922],[-67.477809,-45.853379],[-67.477855,-45.853651],[-67.477736,-45.854067],[-67.477319,-45.854482],[-67.476562,-45.855069],[-67.476313,-45.855454],[-67.476241,-45.855886],[-67.476231,-45.856401],[-67.476169,-45.856759],[-67.476004,-45.857478],[-67.475703,-45.85863],[-67.47548,-45.859248],[-67.475344,-45.859824],[-67.475316,-45.86049],[-67.475308,-45.861297],[-67.47536,-45.862063],[-67.475481,-45.862121],[-67.476898,-45.862141],[-67.484474,-45.862134],[-67.484616,-45.862255],[-67.484595,-45.86399],[-67.484541,-45.865771],[-67.484456,-45.865915],[-67.484566,-45.866019],[-67.485538,-45.866306],[-67.486192,-45.866658],[-67.486977,-45.86714],[-67.487889,-45.867801],[-67.488922,-45.868551],[-67.490067,-45.869387],[-67.490829,-45.869975],[-67.491933,-45.870724],[-67.492618,-45.871116],[-67.493324,-45.871505],[-67.493364,-45.871589],[-67.493314,-45.871698],[-67.493113,-45.871893],[-67.492693,-45.872212]]}},{"type":"Feature","properties":{"linea":"14","sentido":"ida","nombre":"30 de Octubre - Centro (F14 - F15)"},"geometry":{"type":"LineString","coordinates":[[-67.540576,-45.88234],[-67.540041,-45.881998],[-67.539411,-45.882002],[-67.538901,-45.881978],[-67.538816,-45.883179],[-67.538919,-45.883228],[-67.542407,-45.883387],[-67.542672,-45.88343],[-67.549967,-45.883824],[-67.550086,-45.883999],[-67.550045,-45.885845],[-67.550156,-45.885942],[-67.552319,-45.885976],[-67.561339,-45.886087],[-67.563626,-45.886044],[-67.566001,-45.886149],[-67.567562,-45.886141],[-67.567789,-45.886107],[-67.567968,-45.886086],[-67.5683,-45.886119],[-67.568297,-45.886233],[-67.568327,-45.886404],[-67.568687,-45.886936],[-67.569029,-45.887548],[-67.569734,-45.888588],[-67.569896,-45.888775],[-67.569973,-45.888824],[-67.575947,-45.889718],[-67.576315,-45.889824],[-67.578407,-45.890232],[-67.578826,-45.890011],[-67.580091,-45.889474],[-67.581546,-45.889203],[-67.584283,-45.888322],[-67.585258,-45.888175],[-67.589081,-45.888288],[-67.591686,-45.888373],[-67.591689,-45.888288],[-67.59146,-45.888123],[-67.588163,-45.885275],[-67.575619,-45.885815],[-67.574081,-45.885876],[-67.569953,-45.886839],[-67.569714,-45.886818],[-67.569515,-45.886692],[-67.569325,-45.886419],[-67.568905,-45.88634],[-67.568332,-45.886359],[-67.567988,-45.886296],[-67.567976,-45.8862],[-67.568164,-45.88606],[-67.568444,-45.885944],[-67.568958,-45.885579],[-67.569341,-45.885231],[-67.56924,-45.885138],[-67.569029,-45.885157],[-67.568718,-45.885231],[-67.568296,-45.885224],[-67.567717,-45.885206],[-67.567276,-45.885207],[-67.567149,-45.885134],[-67.566779,-45.884519],[-67.565869,-45.883148],[-67.565439,-45.882483],[-67.56519,-45.882181],[-67.56502,-45.881734],[-67.564355,-45.880534],[-67.563585,-45.87948],[-67.563397,-45.879145],[-67.562946,-45.878479],[-67.562844,-45.878422],[-67.56247,-45.878517],[-67.560799,-45.878886],[-67.560701,-45.878843],[-67.560332,-45.878055],[-67.560221,-45.87802],[-67.558515,-45.877953],[-67.558224,-45.877958],[-67.556614,-45.877653],[-67.555881,-45.87749],[-67.554428,-45.877475],[-67.551984,-45.877386],[-67.55159,-45.87707],[-67.550907,-45.876631],[-67.550409,-45.876207],[-67.550294,-45.875968],[-67.550262,-45.875729],[-67.549978,-45.875741],[-67.548598,-45.876082],[-67.547305,-45.876442],[-67.546418,-45.876812],[-67.544774,-45.877879],[-67.543547,-45.878639],[-67.543334,-45.878688],[-67.54312,-45.878529],[-67.54252,-45.878111],[-67.539328,-45.875666],[-67.537034,-45.873893],[-67.525655,-45.865268],[-67.529399,-45.862834],[-67.530007,-45.862441],[-67.530212,-45.862285],[-67.530082,-45.862234],[-67.52782,-45.862261],[-67.521516,-45.862318],[-67.517157,-45.862384],[-67.515137,-45.862407],[-67.51373,-45.862402],[-67.511898,-45.862439],[-67.509259,-45.862461],[-67.507846,-45.862443],[-67.501415,-45.86239],[-67.500484,-45.862398],[-67.499068,-45.86244],[-67.497202,-45.862403],[-67.489213,-45.862433],[-67.48701,-45.862382],[-67.484687,-45.862412],[-67.484551,-45.862561],[-67.484552,-45.862761],[-67.484548,-45.863447],[-67.484434,-45.863505],[-67.482282,-45.863491],[-67.481527,-45.863504],[-67.481462,-45.863576],[-67.481439,-45.863595],[-67.481308,-45.863673],[-67.480975,-45.863676],[-67.480243,-45.863667],[-67.48006,-45.863668],[-67.479957,-45.86359],[-67.479949,-45.863238],[-67.479946,-45.863088]]}},{"type":"Feature","properties":{"linea":"14","sentido":"vuelta","nombre":"30 de Octubre - Centro (F14 - F15)"},"geometry":{"type":"LineString","coordinates":[[-67.479933,-45.863086],[-67.479946,-45.862158],[-67.480129,-45.862173],[-67.480763,-45.862162],[-67.48215,-45.862155],[-67.483632,-45.862148],[-67.486608,-45.862128],[-67.48784,-45.862154],[-67.491301,-45.862134],[-67.49286,-45.86214],[-67.505258,-45.862153],[-67.515297,-45.86213],[-67.521437,-45.862073],[-67.529319,-45.861973],[-67.530204,-45.86197],[-67.530359,-45.861965],[-67.530509,-45.861966],[-67.530664,-45.861995],[-67.53072,-45.862092],[-67.530628,-45.862213],[-67.530422,-45.86235],[-67.529398,-45.86301],[-67.527628,-45.864164],[-67.52611,-45.865126],[-67.526005,-45.865259],[-67.526095,-45.865368],[-67.527126,-45.866167],[-67.530863,-45.868982],[-67.53473,-45.871958],[-67.53961,-45.875673],[-67.54338,-45.878532],[-67.54354,-45.878529],[-67.54366,-45.878487],[-67.545086,-45.877563],[-67.545695,-45.877182],[-67.546297,-45.876787],[-67.546533,-45.876671],[-67.546781,-45.87657],[-67.547067,-45.876489],[-67.549918,-45.875717],[-67.550086,-45.875662],[-67.550222,-45.875662],[-67.550355,-45.875717],[-67.550358,-45.875799],[-67.550365,-45.875957],[-67.550422,-45.876083],[-67.550608,-45.876278],[-67.550886,-45.87649],[-67.55107,-45.876639],[-67.551447,-45.876892],[-67.551709,-45.877073],[-67.552023,-45.87733],[-67.555819,-45.877434],[-67.556114,-45.877486],[-67.55666,-45.877621],[-67.557972,-45.877911],[-67.558437,-45.877951],[-67.560253,-45.877997],[-67.560396,-45.878032],[-67.560582,-45.878427],[-67.560722,-45.878701],[-67.560766,-45.878806],[-67.560847,-45.878799],[-67.562774,-45.878359],[-67.562882,-45.878364],[-67.562998,-45.878459],[-67.563678,-45.879488],[-67.56404,-45.880067],[-67.564416,-45.880635],[-67.564955,-45.881446],[-67.565249,-45.881855],[-67.565427,-45.88207],[-67.566767,-45.884057],[-67.567173,-45.884757],[-67.567354,-45.885016],[-67.567472,-45.885135],[-67.56773,-45.885149],[-67.567999,-45.885146],[-67.568439,-45.885169],[-67.568666,-45.885159],[-67.568991,-45.885108],[-67.569225,-45.885091],[-67.569341,-45.885094],[-67.569392,-45.885166],[-67.569398,-45.885238],[-67.569299,-45.885317],[-67.56927,-45.885352],[-67.568811,-45.88576],[-67.568511,-45.885996],[-67.5684,-45.886104],[-67.568398,-45.886192],[-67.568419,-45.886284],[-67.568664,-45.886284],[-67.568977,-45.8863],[-67.569309,-45.886364],[-67.569452,-45.886501],[-67.569668,-45.886736],[-67.569829,-45.886796],[-67.570259,-45.88673],[-67.570864,-45.886574],[-67.57387,-45.885848],[-67.574069,-45.885819],[-67.577779,-45.88569],[-67.587776,-45.885237],[-67.588028,-45.88523],[-67.588165,-45.88525],[-67.588325,-45.885318],[-67.588606,-45.885562],[-67.591688,-45.888233],[-67.591744,-45.888308],[-67.591721,-45.888387],[-67.591555,-45.888387],[-67.590804,-45.888341],[-67.587376,-45.888265],[-67.585457,-45.888245],[-67.585147,-45.888238],[-67.584737,-45.888286],[-67.584273,-45.888356],[-67.583291,-45.888692],[-67.582394,-45.888972],[-67.581914,-45.889145],[-67.581566,-45.889226],[-67.581052,-45.889327],[-67.580109,-45.889504],[-67.579836,-45.889607],[-67.578589,-45.890189],[-67.57843,-45.89026],[-67.578323,-45.89026],[-67.577994,-45.890187],[-67.576304,-45.889869],[-67.576112,-45.889843],[-67.575747,-45.889787],[-67.574962,-45.889664],[-67.571848,-45.889187],[-67.570174,-45.888948],[-67.569995,-45.888926],[-67.569761,-45.888892],[-67.569614,-45.888801],[-67.569316,-45.888291],[-67.568182,-45.886491],[-67.56801,-45.886342],[-67.567866,-45.886249],[-67.567603,-45.886216],[-67.566619,-45.8862],[-67.564742,-45.886114],[-67.563009,-45.88609],[-67.560814,-45.886096],[-67.552892,-45.886],[-67.550205,-45.885966],[-67.550047,-45.885901],[-67.550018,-45.885738],[-67.550057,-45.884023],[-67.54994,-45.883966],[-67.549771,-45.883966],[-67.548965,-45.88391],[-67.542647,-45.883591],[-67.542258,-45.883571],[-67.541693,-45.883534],[-67.541706,-45.883463],[-67.541762,-45.88332],[-67.541723,-45.883194],[-67.540675,-45.88247]]}},{"type":"Feature","properties":{"linea":"15","sentido":"ida","nombre":"Centro - Los Tres Pinos"},"geometry":{"type":"LineString","coordinates":[[-67.479944,-45.863232],[-67.479955,-45.862149],[-67.481506,-45.862163],[-67.481498,-45.862837],[-67.481503,-45.862949],[-67.481501,-45.863196],[-67.481473,-45.864485],[-67.481543,-45.864596],[-67.481743,-45.864698],[-67.482076,-45.864818],[-67.482955,-45.865253],[-67.484146,-45.865803],[-67.484509,-45.865939],[-67.485366,-45.866261],[-67.485797,-45.866448],[-67.486414,-45.8668],[-67.487071,-45.867193],[-67.487978,-45.867816],[-67.48844,-45.868175],[-67.488913,-45.868535],[-67.490214,-45.869498],[-67.490919,-45.870036],[-67.491547,-45.870488],[-67.492213,-45.870884],[-67.493839,-45.871708],[-67.495482,-45.872394],[-67.496109,-45.872645],[-67.497342,-45.873163],[-67.498105,-45.873635],[-67.499001,-45.874277],[-67.499649,-45.874756],[-67.500303,-45.875234],[-67.500999,-45.875656],[-67.501832,-45.875992],[-67.50783,-45.878463],[-67.50953,-45.879166],[-67.510188,-45.879454],[-67.510864,-45.879781],[-67.512552,-45.880745],[-67.513475,-45.88131],[-67.513873,-45.881494],[-67.514057,-45.881494],[-67.515672,-45.880517],[-67.518589,-45.878659],[-67.531183,-45.870564],[-67.543025,-45.862946],[-67.548647,-45.85931],[-67.548919,-45.859126],[-67.549394,-45.858819],[-67.549806,-45.858538],[-67.550074,-45.858166],[-67.550334,-45.857574],[-67.550487,-45.857237],[-67.550601,-45.856987],[-67.550828,-45.856808],[-67.551157,-45.856683],[-67.551719,-45.856517],[-67.552659,-45.856184],[-67.553873,-45.855775],[-67.555164,-45.855371],[-67.556508,-45.854894],[-67.556736,-45.854741],[-67.556812,-45.854566],[-67.556837,-45.854357],[-67.556803,-45.854124],[-67.556878,-45.853922],[-67.557054,-45.853693],[-67.557455,-45.853506],[-67.558262,-45.853292],[-67.558749,-45.853218],[-67.559744,-45.853152],[-67.560208,-45.853198],[-67.560759,-45.853369],[-67.56111,-45.853384],[-67.56142,-45.853311],[-67.561737,-45.853216],[-67.562061,-45.853219],[-67.562278,-45.853261],[-67.562521,-45.853393],[-67.562562,-45.853552],[-67.562604,-45.853767],[-67.56268,-45.854027],[-67.562836,-45.854214],[-67.562986,-45.854401],[-67.563275,-45.854583],[-67.563763,-45.854736],[-67.564137,-45.854947],[-67.564393,-45.855044],[-67.564414,-45.855125],[-67.564318,-45.855292]]}},{"type":"Feature","properties":{"linea":"15","sentido":"vuelta","nombre":"Centro - Los Tres Pinos"},"geometry":{"type":"LineString","coordinates":[[-67.564358,-45.855334],[-67.564811,-45.855474],[-67.566512,-45.856185],[-67.565407,-45.8576],[-67.56547,-45.857667],[-67.566044,-45.857933],[-67.566624,-45.858494],[-67.566879,-45.858722],[-67.566784,-45.858785],[-67.562833,-45.85987],[-67.563935,-45.861718],[-67.568558,-45.860414],[-67.57219,-45.864326],[-67.572088,-45.864393],[-67.569361,-45.865113],[-67.569196,-45.86524],[-67.570131,-45.867216],[-67.576554,-45.865058],[-67.576688,-45.86509],[-67.578181,-45.866406],[-67.578024,-45.866489],[-67.570482,-45.868971],[-67.57044,-45.869114],[-67.570547,-45.87002],[-67.570505,-45.870117],[-67.570609,-45.870307],[-67.570779,-45.870468],[-67.571305,-45.870484],[-67.57176,-45.870589],[-67.572184,-45.870861],[-67.572606,-45.870973],[-67.573769,-45.871368],[-67.573845,-45.872965],[-67.573724,-45.873023],[-67.571368,-45.873022],[-67.568842,-45.872549],[-67.568669,-45.87246],[-67.568746,-45.872088],[-67.568709,-45.871567],[-67.568648,-45.871458],[-67.565387,-45.870682],[-67.564899,-45.870669],[-67.564476,-45.870663],[-67.562101,-45.870929],[-67.561188,-45.871086],[-67.560974,-45.871096],[-67.559439,-45.870726],[-67.559223,-45.870654],[-67.550918,-45.869055],[-67.550617,-45.868935],[-67.547926,-45.868438],[-67.538015,-45.86651],[-67.537761,-45.866535],[-67.513918,-45.881789],[-67.513851,-45.88188],[-67.513722,-45.881914],[-67.512482,-45.881161],[-67.511239,-45.880443],[-67.510154,-45.87986],[-67.507641,-45.878739],[-67.506037,-45.878051],[-67.502141,-45.876392],[-67.500822,-45.875682],[-67.499686,-45.874907],[-67.499458,-45.874769],[-67.499276,-45.874691],[-67.498968,-45.87458],[-67.498664,-45.874523],[-67.498284,-45.874539],[-67.497949,-45.874622],[-67.496617,-45.875213],[-67.496302,-45.875273],[-67.495974,-45.875301],[-67.49561,-45.875273],[-67.495222,-45.875127],[-67.494671,-45.87482],[-67.490264,-45.872119],[-67.49027,-45.871991],[-67.490344,-45.871918],[-67.490875,-45.871482],[-67.490905,-45.871436],[-67.490883,-45.871383],[-67.488709,-45.870036],[-67.487941,-45.869604],[-67.487626,-45.869565],[-67.487418,-45.869502],[-67.486387,-45.868916],[-67.486393,-45.868185],[-67.486366,-45.868123],[-67.486303,-45.868093],[-67.484377,-45.868072],[-67.484046,-45.868041],[-67.480124,-45.866266],[-67.479992,-45.866151],[-67.479909,-45.866026],[-67.479926,-45.863229]]}},{"type":"Feature","properties":{"linea":"16","sentido":"ida","nombre":"Estadio Centenario - Saavedra - Aeronáutico"},"geometry":{"type":"LineString","coordinates":[[-67.492596,-45.872251],[-67.492239,-45.872544],[-67.491901,-45.872845],[-67.491736,-45.872905],[-67.491527,-45.872854],[-67.490182,-45.872036],[-67.490949,-45.871441],[-67.488589,-45.869964],[-67.487966,-45.86962],[-67.487365,-45.869476],[-67.486505,-45.868949],[-67.486342,-45.868076],[-67.485505,-45.868053],[-67.484942,-45.868055],[-67.484357,-45.868063],[-67.484152,-45.86809],[-67.480441,-45.866356],[-67.479938,-45.865924],[-67.479866,-45.865482],[-67.479853,-45.864961],[-67.479825,-45.86455],[-67.479409,-45.86438],[-67.478318,-45.864201],[-67.476408,-45.863751],[-67.47573,-45.86365],[-67.475357,-45.86353],[-67.475172,-45.86338],[-67.474972,-45.86278],[-67.474063,-45.86169],[-67.474732,-45.860333],[-67.475283,-45.859346],[-67.476126,-45.856508],[-67.476124,-45.855751],[-67.476248,-45.855163],[-67.477179,-45.854456],[-67.477459,-45.854163],[-67.477702,-45.853681],[-67.477622,-45.853195],[-67.476683,-45.851622],[-67.476666,-45.851131],[-67.477164,-45.849237],[-67.476865,-45.848438],[-67.475772,-45.847621],[-67.475159,-45.846946],[-67.47514,-45.846256],[-67.476174,-45.843095],[-67.476434,-45.841193],[-67.476377,-45.839507],[-67.474896,-45.839494],[-67.474715,-45.837857],[-67.47568,-45.837914],[-67.478039,-45.838503],[-67.478286,-45.836828],[-67.478307,-45.836797],[-67.477493,-45.836766],[-67.477448,-45.836742],[-67.477367,-45.836434],[-67.478344,-45.835772],[-67.478451,-45.835532],[-67.478484,-45.835247],[-67.478279,-45.834607],[-67.478259,-45.834213],[-67.478579,-45.834175],[-67.479138,-45.834078],[-67.479619,-45.833762],[-67.479934,-45.833661],[-67.480409,-45.833604],[-67.481247,-45.833902],[-67.481786,-45.83418],[-67.484399,-45.834295],[-67.484818,-45.834656],[-67.486577,-45.83614],[-67.489538,-45.836373],[-67.489149,-45.839093],[-67.489945,-45.839908],[-67.490619,-45.840631],[-67.490947,-45.840765],[-67.492427,-45.840784],[-67.493699,-45.84047],[-67.497784,-45.839659],[-67.499527,-45.83971],[-67.500326,-45.839804],[-67.501963,-45.839922],[-67.503409,-45.839934],[-67.503701,-45.840237],[-67.505549,-45.839882],[-67.50554,-45.839808],[-67.505629,-45.83976],[-67.505774,-45.839738],[-67.506096,-45.839747],[-67.506973,-45.839633],[-67.508344,-45.839429],[-67.509409,-45.839235],[-67.509808,-45.839153],[-67.510358,-45.839029],[-67.510788,-45.838953],[-67.511104,-45.838928],[-67.511414,-45.839082],[-67.511464,-45.839194],[-67.511464,-45.839345],[-67.511464,-45.839514],[-67.511465,-45.839661],[-67.511521,-45.839813],[-67.511688,-45.840038],[-67.512237,-45.840399],[-67.513262,-45.840982],[-67.51447,-45.841663],[-67.51549,-45.842119],[-67.516204,-45.842423],[-67.517634,-45.843122],[-67.518513,-45.843485],[-67.518618,-45.843545],[-67.518806,-45.843594],[-67.518961,-45.843559],[-67.519153,-45.843507],[-67.519315,-45.843425],[-67.519486,-45.843425],[-67.51966,-45.843543],[-67.519758,-45.843608],[-67.520094,-45.843625],[-67.520641,-45.843633],[-67.520813,-45.843638],[-67.520925,-45.843592],[-67.520924,-45.843467],[-67.520841,-45.843291],[-67.52034,-45.842298],[-67.520292,-45.842129],[-67.520372,-45.842026],[-67.520509,-45.841932],[-67.520748,-45.841921],[-67.521016,-45.84195],[-67.521165,-45.841982],[-67.521205,-45.842136],[-67.521492,-45.843311]]}},{"type":"Feature","properties":{"linea":"16","sentido":"vuelta","nombre":"Estadio Centenario - Saavedra - Aeronáutico"},"geometry":{"type":"LineString","coordinates":[[-67.521578,-45.843295],[-67.521534,-45.84341],[-67.521484,-45.843554],[-67.521249,-45.843632],[-67.520764,-45.843629],[-67.519879,-45.843627],[-67.519642,-45.843558],[-67.519497,-45.843406],[-67.519247,-45.843454],[-67.519149,-45.843597],[-67.519213,-45.843788],[-67.519043,-45.843933],[-67.518809,-45.843902],[-67.518712,-45.843769],[-67.51821,-45.843493],[-67.516979,-45.842889],[-67.515679,-45.842322],[-67.514938,-45.84203],[-67.514481,-45.841804],[-67.513624,-45.8413],[-67.512572,-45.840679],[-67.511745,-45.840181],[-67.511183,-45.839858],[-67.510717,-45.83955],[-67.510453,-45.839381],[-67.51021,-45.839299],[-67.509921,-45.839249],[-67.509513,-45.839275],[-67.507165,-45.839723],[-67.507198,-45.839838],[-67.507496,-45.840527],[-67.508581,-45.84277],[-67.508525,-45.842829],[-67.507341,-45.843134],[-67.506356,-45.843359],[-67.506284,-45.843364],[-67.506206,-45.843318],[-67.505471,-45.841926],[-67.505542,-45.841866],[-67.50568,-45.84183],[-67.506379,-45.841664],[-67.505531,-45.839989],[-67.505431,-45.839969],[-67.502767,-45.840505],[-67.502475,-45.840461],[-67.501926,-45.840464],[-67.497388,-45.841511],[-67.497332,-45.841465],[-67.496609,-45.839897],[-67.494954,-45.840263],[-67.493662,-45.840535],[-67.493542,-45.840436],[-67.490215,-45.840338],[-67.489063,-45.83916],[-67.489462,-45.836397],[-67.486532,-45.836213],[-67.484369,-45.834318],[-67.481753,-45.834206],[-67.481151,-45.833915],[-67.480448,-45.833659],[-67.480009,-45.833688],[-67.479736,-45.833774],[-67.479189,-45.83406],[-67.478622,-45.834208],[-67.478414,-45.836684],[-67.478112,-45.838579],[-67.479055,-45.838809],[-67.479178,-45.838944],[-67.479219,-45.839278],[-67.479088,-45.839737],[-67.476729,-45.839775],[-67.476596,-45.840031],[-67.476534,-45.841312],[-67.476249,-45.843254],[-67.475233,-45.846413],[-67.475214,-45.846705],[-67.475294,-45.847012],[-67.475842,-45.847576],[-67.476875,-45.848361],[-67.47717,-45.848837],[-67.477285,-45.849277],[-67.477161,-45.850014],[-67.476828,-45.850946],[-67.476833,-45.851499],[-67.476911,-45.851893],[-67.477527,-45.852771],[-67.477738,-45.853095],[-67.477905,-45.853428],[-67.477847,-45.85379],[-67.477623,-45.854203],[-67.476956,-45.854748],[-67.476567,-45.855123],[-67.476343,-45.855561],[-67.476304,-45.85624],[-67.476213,-45.856733],[-67.475696,-45.858537],[-67.47548,-45.859229],[-67.475339,-45.859951],[-67.475339,-45.86036],[-67.475316,-45.861084],[-67.475331,-45.861743],[-67.475366,-45.861981],[-67.475481,-45.862073],[-67.483367,-45.862155],[-67.484237,-45.862195],[-67.484595,-45.862209],[-67.48454,-45.865573],[-67.484484,-45.865826],[-67.484446,-45.865905],[-67.485522,-45.866354],[-67.486074,-45.866617],[-67.486958,-45.867119],[-67.488003,-45.867877],[-67.488897,-45.868495],[-67.489838,-45.869251],[-67.490536,-45.869767],[-67.491086,-45.870177],[-67.491671,-45.870584],[-67.491838,-45.870714],[-67.492514,-45.871067],[-67.493157,-45.871383],[-67.493414,-45.871505],[-67.493441,-45.871581],[-67.493342,-45.871678],[-67.493156,-45.871879],[-67.492871,-45.872065],[-67.492729,-45.872169]]}},{"type":"Feature","properties":{"linea":"17","sentido":"ida","nombre":"Estadio Centenario - Padre Corti"},"geometry":{"type":"LineString","coordinates":[[-67.492617,-45.872245],[-67.491903,-45.872864],[-67.490317,-45.87201],[-67.490952,-45.871395],[-67.488047,-45.869651],[-67.487488,-45.869534],[-67.486512,-45.86899],[-67.486378,-45.868086],[-67.484424,-45.868032],[-67.483949,-45.867999],[-67.479998,-45.866227],[-67.47987,-45.865863],[-67.479863,-45.86446],[-67.47509,-45.863379],[-67.4749,-45.862745],[-67.474527,-45.86227],[-67.474295,-45.861999],[-67.474153,-45.861582],[-67.474224,-45.861182],[-67.474546,-45.860818],[-67.474959,-45.860038],[-67.475155,-45.859601],[-67.475376,-45.859031],[-67.475666,-45.858165],[-67.475914,-45.857284],[-67.476108,-45.856637],[-67.476122,-45.85626],[-67.47611,-45.855914],[-67.476167,-45.855531],[-67.476381,-45.855085],[-67.476761,-45.854705],[-67.476919,-45.854597],[-67.477234,-45.854394],[-67.477498,-45.854094],[-67.477655,-45.853775],[-67.4777,-45.853545],[-67.477656,-45.853266],[-67.477574,-45.853111],[-67.477212,-45.852511],[-67.477029,-45.852234],[-67.476798,-45.851873],[-67.476709,-45.851574],[-67.476723,-45.851284],[-67.476807,-45.85084],[-67.476935,-45.850254],[-67.477045,-45.849847],[-67.477058,-45.849558],[-67.477111,-45.849199],[-67.477074,-45.848937],[-67.476986,-45.848759],[-67.476833,-45.848431],[-67.476597,-45.848231],[-67.475588,-45.847481],[-67.475366,-45.847305],[-67.475193,-45.847028],[-67.475115,-45.846791],[-67.475094,-45.846547],[-67.475215,-45.846199],[-67.47538,-45.845623],[-67.475627,-45.844864],[-67.476055,-45.843614],[-67.476127,-45.843347],[-67.476204,-45.842917],[-67.476321,-45.841996],[-67.476383,-45.841673],[-67.476421,-45.841293],[-67.476444,-45.840914],[-67.476414,-45.840331],[-67.476399,-45.839909],[-67.476366,-45.839687],[-67.476293,-45.839561],[-67.476165,-45.839493],[-67.475382,-45.839474],[-67.475102,-45.839497],[-67.474871,-45.839462],[-67.474805,-45.839356],[-67.4748,-45.838912],[-67.47475,-45.838027],[-67.474878,-45.837895],[-67.475052,-45.83789],[-67.475453,-45.837939],[-67.476207,-45.83808],[-67.476733,-45.838192],[-67.477616,-45.838359],[-67.477888,-45.838393],[-67.478067,-45.83831],[-67.47818,-45.837353],[-67.478299,-45.837016],[-67.478264,-45.836811],[-67.477979,-45.836776],[-67.477643,-45.836726],[-67.477388,-45.836578],[-67.47746,-45.836317],[-67.478071,-45.83598],[-67.478213,-45.835873],[-67.478339,-45.835706],[-67.478416,-45.835377],[-67.478398,-45.835086],[-67.478281,-45.834795],[-67.478163,-45.834453],[-67.478001,-45.834217],[-67.477857,-45.834057],[-67.477441,-45.833451],[-67.476904,-45.832825],[-67.476307,-45.831972],[-67.475722,-45.831333],[-67.475206,-45.831073],[-67.474806,-45.830866],[-67.473393,-45.830068],[-67.471771,-45.82916],[-67.470639,-45.828519],[-67.470226,-45.828334],[-67.469966,-45.828306],[-67.469738,-45.828421],[-67.469538,-45.828704],[-67.469407,-45.828851],[-67.469235,-45.828897],[-67.469059,-45.828857],[-67.468767,-45.828462],[-67.468339,-45.827816],[-67.468189,-45.827522],[-67.467768,-45.82698],[-67.467433,-45.826466],[-67.467076,-45.826025],[-67.466372,-45.825278],[-67.466088,-45.824931],[-67.46593,-45.824825],[-67.465685,-45.824771],[-67.465392,-45.824668],[-67.465355,-45.824475],[-67.465461,-45.824308],[-67.465623,-45.824219],[-67.465761,-45.82419],[-67.465887,-45.824065],[-67.465887,-45.82395],[-67.465767,-45.823835],[-67.465631,-45.823727],[-67.46554,-45.823573],[-67.465596,-45.823346],[-67.465613,-45.823162],[-67.465583,-45.822823],[-67.465389,-45.822384],[-67.464965,-45.821397],[-67.465078,-45.820685],[-67.465395,-45.820183],[-67.46575,-45.819786],[-67.467265,-45.818664],[-67.467578,-45.818426],[-67.467728,-45.818055],[-67.467755,-45.817858],[-67.467852,-45.817677],[-67.467927,-45.817602],[-67.468083,-45.81756],[-67.468371,-45.817563],[-67.468792,-45.817577],[-67.469741,-45.817613],[-67.469855,-45.817592],[-67.469997,-45.817486],[-67.470578,-45.816968],[-67.472639,-45.816013],[-67.472699,-45.8157],[-67.472676,-45.815539],[-67.47283,-45.815486],[-67.47386,-45.815541],[-67.470661,-45.817017],[-67.470158,-45.817501],[-67.469818,-45.817681],[-67.469574,-45.817688],[-67.468732,-45.817683],[-67.468522,-45.817611],[-67.468519,-45.81751],[-67.469291,-45.816413],[-67.475038,-45.805337],[-67.475892,-45.804028],[-67.476858,-45.80308],[-67.477786,-45.802339],[-67.478736,-45.801744],[-67.479746,-45.801192],[-67.48085,-45.80071],[-67.482303,-45.800221],[-67.488271,-45.798338],[-67.489215,-45.798002],[-67.490212,-45.797448],[-67.490773,-45.796992],[-67.49117,-45.796533],[-67.491837,-45.795218],[-67.491874,-45.794907],[-67.491813,-45.794665],[-67.492061,-45.794441],[-67.492358,-45.79445],[-67.49237,-45.79445],[-67.49242,-45.79445],[-67.492495,-45.79445],[-67.492532,-45.794459],[-67.492606,-45.794476],[-67.492754,-45.794709],[-67.492728,-45.794942],[-67.492565,-45.795114],[-67.492317,-45.795226],[-67.492083,-45.795399],[-67.492107,-45.79558],[-67.499116,-45.796399],[-67.499354,-45.795461],[-67.506625,-45.795932],[-67.506439,-45.797552],[-67.507901,-45.797627],[-67.508122,-45.795777],[-67.509353,-45.795563],[-67.512539,-45.794908],[-67.513514,-45.794679],[-67.514111,-45.794416],[-67.514367,-45.794433],[-67.514635,-45.794433],[-67.518688,-45.793656],[-67.519028,-45.79363],[-67.519091,-45.793138],[-67.520752,-45.792683],[-67.521165,-45.792492],[-67.522481,-45.792131],[-67.523337,-45.791833],[-67.523917,-45.791723],[-67.525381,-45.791486],[-67.525449,-45.791564]]}},{"type":"Feature","properties":{"linea":"17","sentido":"vuelta","nombre":"Estadio Centenario - Padre Corti"},"geometry":{"type":"LineString","coordinates":[[-67.52545,-45.791561],[-67.525619,-45.791976],[-67.52555,-45.792039],[-67.521496,-45.79287],[-67.52149,-45.792967],[-67.52201,-45.793675],[-67.521989,-45.793738],[-67.521813,-45.793832],[-67.519713,-45.794187],[-67.51953,-45.794226],[-67.519358,-45.79408],[-67.519266,-45.793806],[-67.519131,-45.793682],[-67.518646,-45.793754],[-67.514883,-45.794461],[-67.514715,-45.794507],[-67.514483,-45.794488],[-67.514147,-45.794496],[-67.513958,-45.794575],[-67.513606,-45.794723],[-67.512834,-45.794915],[-67.511042,-45.795273],[-67.509436,-45.795599],[-67.508178,-45.79582],[-67.508146,-45.795896],[-67.507948,-45.797628],[-67.507847,-45.797671],[-67.506464,-45.797607],[-67.506388,-45.797553],[-67.506522,-45.796028],[-67.506522,-45.795967],[-67.506433,-45.795859],[-67.504163,-45.795739],[-67.50092,-45.795588],[-67.500871,-45.795722],[-67.500634,-45.796615],[-67.500417,-45.796572],[-67.497762,-45.796312],[-67.497745,-45.796363],[-67.497707,-45.796502],[-67.497646,-45.796863],[-67.497557,-45.796898],[-67.497239,-45.796894],[-67.493644,-45.796451],[-67.492494,-45.796349],[-67.492382,-45.796361],[-67.492264,-45.796364],[-67.491896,-45.796305],[-67.491477,-45.796273],[-67.491397,-45.796336],[-67.491264,-45.796551],[-67.491007,-45.796878],[-67.490704,-45.797185],[-67.490258,-45.797556],[-67.489834,-45.797801],[-67.489367,-45.79805],[-67.488778,-45.79827],[-67.487105,-45.798804],[-67.48554,-45.799289],[-67.48378,-45.799832],[-67.48261,-45.800225],[-67.481605,-45.800521],[-67.48114,-45.800712],[-67.480644,-45.800899],[-67.480031,-45.801162],[-67.479194,-45.8016],[-67.478182,-45.802199],[-67.477309,-45.802833],[-67.476849,-45.803265],[-67.476332,-45.803773],[-67.475896,-45.804278],[-67.475559,-45.804752],[-67.475384,-45.805001],[-67.474936,-45.805795],[-67.474207,-45.807176],[-67.473421,-45.808698],[-67.473421,-45.808874],[-67.473473,-45.809171],[-67.473786,-45.809626],[-67.474012,-45.809874],[-67.474194,-45.810002],[-67.474472,-45.810056],[-67.474593,-45.810201],[-67.474446,-45.810359],[-67.474194,-45.810367],[-67.473707,-45.810663],[-67.472889,-45.810973],[-67.472466,-45.811127],[-67.472268,-45.811379],[-67.471941,-45.811851],[-67.471458,-45.812724],[-67.470953,-45.813561],[-67.470575,-45.81429],[-67.470209,-45.814956],[-67.470164,-45.815227],[-67.470227,-45.815327],[-67.470682,-45.815436],[-67.471943,-45.815532],[-67.472344,-45.815537],[-67.472559,-45.815542],[-67.472651,-45.815637],[-67.4727,-45.815714],[-67.472698,-45.815943],[-67.47264,-45.816089],[-67.47224,-45.816287],[-67.471123,-45.816806],[-67.470631,-45.817019],[-67.470255,-45.817404],[-67.470055,-45.817561],[-67.469843,-45.81767],[-67.469588,-45.817687],[-67.468845,-45.817677],[-67.468645,-45.817655],[-67.468516,-45.817705],[-67.468281,-45.817939],[-67.467827,-45.818335],[-67.46735,-45.818694],[-67.466437,-45.819342],[-67.465828,-45.819815],[-67.465399,-45.820308],[-67.465213,-45.82076],[-67.465299,-45.821326],[-67.466695,-45.824028],[-67.467042,-45.824748],[-67.467489,-45.82566],[-67.467825,-45.826171],[-67.468122,-45.826647],[-67.46881,-45.827219],[-67.470052,-45.828127],[-67.471198,-45.828759],[-67.472996,-45.829738],[-67.475086,-45.83091],[-67.475706,-45.831235],[-67.475974,-45.831434],[-67.476255,-45.831771],[-67.476793,-45.832415],[-67.477852,-45.833932],[-67.478014,-45.834128],[-67.478128,-45.834182],[-67.478315,-45.834198],[-67.478477,-45.834198],[-67.478567,-45.834235],[-67.478598,-45.834364],[-67.478534,-45.835389],[-67.478457,-45.83602],[-67.478433,-45.836594],[-67.478384,-45.837073],[-67.478123,-45.838284],[-67.478105,-45.838472],[-67.478159,-45.838552],[-67.478333,-45.838606],[-67.478735,-45.838697],[-67.479047,-45.838781],[-67.479195,-45.838931],[-67.479176,-45.839118],[-67.479174,-45.839395],[-67.479113,-45.839573],[-67.478986,-45.839708],[-67.478807,-45.839749],[-67.478348,-45.839753],[-67.477686,-45.839763],[-67.477022,-45.839762],[-67.476835,-45.839763],[-67.476685,-45.83981],[-67.476578,-45.839905],[-67.47652,-45.840147],[-67.476536,-45.840617],[-67.476521,-45.840971],[-67.476482,-45.841493],[-67.476389,-45.84222],[-67.476315,-45.842771],[-67.476275,-45.842978],[-67.476261,-45.843313],[-67.476137,-45.84368],[-67.475921,-45.844223],[-67.475315,-45.84614],[-67.475207,-45.846589],[-67.475254,-45.846896],[-67.475471,-45.847261],[-67.475818,-45.847554],[-67.47652,-45.848073],[-67.476844,-45.848357],[-67.47705,-45.848566],[-67.477271,-45.848936],[-67.477275,-45.849431],[-67.47718,-45.84992],[-67.476988,-45.850611],[-67.476834,-45.851127],[-67.47683,-45.851427],[-67.476833,-45.851716],[-67.476993,-45.852023],[-67.47753,-45.852822],[-67.477783,-45.853323],[-67.477812,-45.853684],[-67.477715,-45.853992],[-67.477382,-45.854371],[-67.476957,-45.854687],[-67.476548,-45.855101],[-67.476311,-45.855477],[-67.476225,-45.855709],[-67.476213,-45.856045],[-67.476183,-45.856628],[-67.476036,-45.857236],[-67.47598,-45.85737],[-67.475784,-45.858123],[-67.475707,-45.858888],[-67.475932,-45.8593],[-67.476537,-45.859764],[-67.476951,-45.859921],[-67.477648,-45.859973],[-67.47875,-45.85997],[-67.479569,-45.859964],[-67.481203,-45.859968],[-67.481395,-45.860007],[-67.481499,-45.860186],[-67.481529,-45.860826],[-67.481474,-45.863627],[-67.481498,-45.864442],[-67.481581,-45.864609],[-67.482082,-45.864809],[-67.48329,-45.86535],[-67.484211,-45.865792],[-67.48454,-45.865913],[-67.485082,-45.866121],[-67.485514,-45.866304],[-67.485943,-45.866487],[-67.487629,-45.867559],[-67.490113,-45.869432],[-67.490417,-45.869627],[-67.491384,-45.870343],[-67.492029,-45.870733],[-67.49252,-45.871015],[-67.492853,-45.871165],[-67.493103,-45.871298],[-67.493352,-45.871489],[-67.493296,-45.871697],[-67.493097,-45.871915],[-67.492692,-45.872183]]}},{"type":"Feature","properties":{"linea":"18","sentido":"ida","nombre":"Estadio Centenario - Restinga Alí"},"geometry":{"type":"LineString","coordinates":[[-67.492584,-45.872223],[-67.491841,-45.872849],[-67.491558,-45.87285],[-67.4895,-45.871691],[-67.486315,-45.869736],[-67.48625,-45.86939],[-67.486224,-45.869091],[-67.486007,-45.868885],[-67.48575,-45.868835],[-67.485545,-45.868759],[-67.484793,-45.868398],[-67.48216,-45.867177],[-67.480286,-45.866345],[-67.480162,-45.866268],[-67.480037,-45.866166],[-67.479941,-45.866038],[-67.479958,-45.865824],[-67.479907,-45.864915],[-67.479925,-45.864726],[-67.479905,-45.864558],[-67.479811,-45.864472],[-67.479657,-45.864466],[-67.478955,-45.864314],[-67.476157,-45.863711],[-67.47576,-45.863644],[-67.475497,-45.863563],[-67.475279,-45.863431],[-67.475144,-45.863249],[-67.475069,-45.862917],[-67.474948,-45.862713],[-67.474722,-45.86249],[-67.474245,-45.861992],[-67.474109,-45.861816],[-67.474073,-45.861608],[-67.474153,-45.861447],[-67.4744,-45.860917],[-67.474879,-45.860137],[-67.47501,-45.859904],[-67.475112,-45.859708],[-67.475228,-45.859381],[-67.475381,-45.859086],[-67.475552,-45.858533],[-67.475883,-45.857406],[-67.476047,-45.856787],[-67.476109,-45.856528],[-67.47611,-45.85629],[-67.47609,-45.855829],[-67.476159,-45.855522],[-67.476283,-45.855247],[-67.476529,-45.854931],[-67.477193,-45.854413],[-67.477401,-45.854212],[-67.477544,-45.854087],[-67.477632,-45.853857],[-67.477686,-45.8536],[-67.477652,-45.853329],[-67.477468,-45.852937],[-67.477309,-45.852673],[-67.47711,-45.852372],[-67.476878,-45.852019],[-67.47679,-45.851815],[-67.476716,-45.851564],[-67.476716,-45.851341],[-67.476757,-45.851075],[-67.476818,-45.85076],[-67.47692,-45.850445],[-67.476975,-45.850125],[-67.47703,-45.849922],[-67.477092,-45.849476],[-67.47714,-45.849192],[-67.477047,-45.848878],[-67.476895,-45.84861],[-67.476738,-45.848399],[-67.476476,-45.848172],[-67.476009,-45.847802],[-67.475726,-45.847614],[-67.475485,-45.847425],[-67.475308,-45.847242],[-67.475189,-45.847022],[-67.475116,-45.846839],[-67.475116,-45.84666],[-67.475156,-45.846457],[-67.475294,-45.84588],[-67.475565,-45.845021],[-67.475799,-45.844286],[-67.476077,-45.843463],[-67.47614,-45.843152],[-67.476264,-45.842294],[-67.476361,-45.841594],[-67.476383,-45.841098],[-67.476393,-45.84056],[-67.476391,-45.839961],[-67.47641,-45.839701],[-67.476267,-45.839552],[-67.47597,-45.839444],[-67.475541,-45.839444],[-67.475077,-45.839444],[-67.474845,-45.839438],[-67.474802,-45.839306],[-67.474778,-45.838933],[-67.474761,-45.837901],[-67.474809,-45.837839],[-67.474897,-45.837809],[-67.475057,-45.83784],[-67.476162,-45.838077],[-67.476927,-45.838223],[-67.477633,-45.83837],[-67.47779,-45.838404],[-67.477891,-45.838404],[-67.477958,-45.838315],[-67.478072,-45.838094],[-67.478147,-45.837799],[-67.478339,-45.836977],[-67.478335,-45.836887],[-67.478269,-45.836815],[-67.47813,-45.836797],[-67.477911,-45.836789],[-67.47765,-45.836764],[-67.477528,-45.836724],[-67.477317,-45.836448],[-67.477322,-45.836376],[-67.477445,-45.836287],[-67.478166,-45.835876],[-67.478345,-45.835761],[-67.4784,-45.835647],[-67.478451,-45.835414],[-67.478419,-45.835154],[-67.478347,-45.834874],[-67.47824,-45.834526],[-67.478042,-45.834258],[-67.477841,-45.834056],[-67.477318,-45.8333],[-67.476739,-45.832466],[-67.476268,-45.831853],[-67.476091,-45.831649],[-67.475797,-45.831402],[-67.475498,-45.831187],[-67.474877,-45.830887],[-67.472853,-45.829755],[-67.470733,-45.8286],[-67.470474,-45.828476],[-67.470328,-45.828406],[-67.470176,-45.828353],[-67.470055,-45.828325],[-67.469912,-45.828343],[-67.469763,-45.828459],[-67.469597,-45.828621],[-67.46946,-45.828777],[-67.469401,-45.828859],[-67.469323,-45.828898],[-67.469214,-45.828909],[-67.469194,-45.828905],[-67.469173,-45.828905],[-67.469152,-45.828902],[-67.469137,-45.828898],[-67.469058,-45.828808],[-67.468786,-45.828487],[-67.468483,-45.827939],[-67.468161,-45.827475],[-67.467983,-45.8272],[-67.467838,-45.827004],[-67.467626,-45.826683],[-67.467282,-45.826284],[-67.466827,-45.825767],[-67.466346,-45.825221],[-67.466186,-45.824999],[-67.466033,-45.824859],[-67.46585,-45.824777],[-67.465733,-45.82476],[-67.465595,-45.824753],[-67.465458,-45.824702],[-67.465358,-45.824618],[-67.46531,-45.8245],[-67.465237,-45.824434],[-67.465088,-45.824365],[-67.464931,-45.824346],[-67.464733,-45.824336],[-67.46457,-45.824309],[-67.464294,-45.824289],[-67.463969,-45.824241],[-67.463551,-45.824187],[-67.463167,-45.824095],[-67.462825,-45.824002],[-67.462535,-45.823872],[-67.461226,-45.823203],[-67.460729,-45.822936],[-67.460203,-45.822659],[-67.459595,-45.822522],[-67.458917,-45.822378],[-67.458551,-45.822334],[-67.458276,-45.822355],[-67.458,-45.822386],[-67.457845,-45.822378],[-67.457669,-45.822295],[-67.457582,-45.822194],[-67.457325,-45.821901],[-67.456923,-45.82138],[-67.456747,-45.82104],[-67.45661,-45.82071],[-67.456458,-45.820375],[-67.456292,-45.819883],[-67.456221,-45.819535],[-67.456222,-45.819358],[-67.456361,-45.819221],[-67.456528,-45.819185],[-67.456689,-45.819185],[-67.456827,-45.81914],[-67.456892,-45.818988],[-67.457031,-45.818342],[-67.457138,-45.817941],[-67.457155,-45.817561],[-67.457097,-45.817283],[-67.456967,-45.816763],[-67.456408,-45.815023],[-67.456235,-45.814453],[-67.455997,-45.813606],[-67.455537,-45.812045],[-67.455335,-45.811406],[-67.455226,-45.811148],[-67.455031,-45.810896],[-67.454895,-45.810725],[-67.454715,-45.810413],[-67.45473,-45.810247],[-67.454867,-45.810024],[-67.455064,-45.809989],[-67.455371,-45.810166],[-67.455468,-45.810211],[-67.455713,-45.810211],[-67.456804,-45.810214],[-67.459973,-45.810267],[-67.461044,-45.80974],[-67.461996,-45.809296],[-67.462864,-45.807117],[-67.463512,-45.806827],[-67.462906,-45.806315],[-67.462567,-45.806125],[-67.461716,-45.805481],[-67.460968,-45.804923],[-67.460136,-45.804403],[-67.459035,-45.803678],[-67.458496,-45.803324],[-67.45784,-45.802946],[-67.457291,-45.802723],[-67.456933,-45.802591],[-67.456621,-45.802474],[-67.455445,-45.802089],[-67.454251,-45.80172],[-67.453328,-45.80146],[-67.452679,-45.801363],[-67.452122,-45.801345],[-67.451445,-45.801368],[-67.450859,-45.801593],[-67.450718,-45.801621],[-67.450504,-45.801573],[-67.450412,-45.801521],[-67.450362,-45.801465],[-67.450302,-45.800972],[-67.450278,-45.800645],[-67.450166,-45.800305],[-67.449795,-45.79963],[-67.449206,-45.798784],[-67.448711,-45.79805],[-67.448251,-45.797336],[-67.448003,-45.797067],[-67.447743,-45.796888],[-67.447375,-45.7967],[-67.447004,-45.796521],[-67.446826,-45.796411],[-67.446783,-45.796218],[-67.446814,-45.796048],[-67.446706,-45.795899],[-67.446156,-45.795322],[-67.44511,-45.794274],[-67.44414,-45.793537],[-67.442112,-45.792091],[-67.440073,-45.790624],[-67.439062,-45.789847],[-67.438267,-45.789215],[-67.437907,-45.788942],[-67.437744,-45.788787],[-67.437621,-45.788548],[-67.437529,-45.788398],[-67.437365,-45.788236],[-67.436721,-45.788042],[-67.436213,-45.787717],[-67.435394,-45.787068],[-67.435063,-45.786846],[-67.434328,-45.786329],[-67.431438,-45.784232],[-67.431394,-45.784242],[-67.429899,-45.785226],[-67.427497,-45.786974],[-67.4274,-45.786977],[-67.42608,-45.785719],[-67.425742,-45.785392],[-67.425649,-45.785366],[-67.425543,-45.785394],[-67.422118,-45.787436],[-67.421505,-45.787775],[-67.4195,-45.788998],[-67.418809,-45.789327],[-67.418653,-45.78956],[-67.421268,-45.791914],[-67.421242,-45.791984],[-67.417471,-45.793579],[-67.416102,-45.793322],[-67.413863,-45.793263],[-67.410464,-45.79322],[-67.409151,-45.793206],[-67.409118,-45.793256],[-67.409637,-45.793732],[-67.41118,-45.795158],[-67.411161,-45.795211],[-67.410613,-45.795472],[-67.410475,-45.795524],[-67.409777,-45.795694],[-67.409669,-45.795672]]}},{"type":"Feature","properties":{"linea":"18","sentido":"vuelta","nombre":"Estadio Centenario - Restinga Alí"},"geometry":{"type":"LineString","coordinates":[[-67.409664,-45.795667],[-67.408409,-45.794542],[-67.407592,-45.793747],[-67.407728,-45.793024],[-67.407746,-45.792986],[-67.407902,-45.792987],[-67.408135,-45.793029],[-67.409323,-45.793147],[-67.411908,-45.793199],[-67.412965,-45.793211],[-67.413525,-45.79322],[-67.41478,-45.793243],[-67.415899,-45.793267],[-67.416125,-45.793289],[-67.416426,-45.793339],[-67.417075,-45.793467],[-67.417317,-45.793522],[-67.417465,-45.793544],[-67.417618,-45.79351],[-67.420005,-45.792467],[-67.421192,-45.791961],[-67.4212,-45.791919],[-67.420725,-45.791505],[-67.419085,-45.790041],[-67.41888,-45.789838],[-67.418613,-45.789617],[-67.418582,-45.789567],[-67.418586,-45.789501],[-67.418661,-45.789402],[-67.418787,-45.789291],[-67.419061,-45.789142],[-67.419428,-45.789004],[-67.419717,-45.78881],[-67.420326,-45.788456],[-67.421052,-45.788035],[-67.421253,-45.787858],[-67.42143,-45.787712],[-67.421552,-45.787573],[-67.422087,-45.787271],[-67.42293,-45.786774],[-67.423195,-45.786618],[-67.423365,-45.786508],[-67.42359,-45.786406],[-67.423711,-45.786349],[-67.423886,-45.786363],[-67.425425,-45.78543],[-67.425635,-45.785349],[-67.425767,-45.785372],[-67.426065,-45.785652],[-67.426571,-45.786118],[-67.427391,-45.786921],[-67.427505,-45.786901],[-67.429147,-45.785772],[-67.431135,-45.784385],[-67.431324,-45.784239],[-67.431486,-45.784159],[-67.4317,-45.78422],[-67.432718,-45.784948],[-67.43357,-45.785546],[-67.435429,-45.78687],[-67.436262,-45.787451],[-67.436591,-45.787661],[-67.436783,-45.787749],[-67.437067,-45.787849],[-67.437431,-45.788025],[-67.437605,-45.788147],[-67.437789,-45.788463],[-67.437892,-45.788714],[-67.438142,-45.788909],[-67.439778,-45.790095],[-67.441405,-45.791297],[-67.443664,-45.792944],[-67.444461,-45.793506],[-67.445076,-45.793955],[-67.4459,-45.794729],[-67.446417,-45.795287],[-67.446902,-45.79576],[-67.447117,-45.795986],[-67.447361,-45.796146],[-67.447574,-45.79625],[-67.447634,-45.796354],[-67.447662,-45.796545],[-67.447802,-45.796818],[-67.448095,-45.797115],[-67.44834,-45.79739],[-67.44869,-45.797914],[-67.449625,-45.799296],[-67.44998,-45.799798],[-67.45021,-45.800205],[-67.450328,-45.800569],[-67.45038,-45.800807],[-67.450629,-45.801046],[-67.450838,-45.801203],[-67.451311,-45.801311],[-67.451794,-45.801331],[-67.452081,-45.801324],[-67.452537,-45.801314],[-67.452925,-45.801357],[-67.453517,-45.801461],[-67.454368,-45.801712],[-67.455619,-45.802101],[-67.456643,-45.802434],[-67.457548,-45.802752],[-67.458094,-45.803024],[-67.459015,-45.803624],[-67.460192,-45.804373],[-67.461201,-45.804974],[-67.462381,-45.805832],[-67.463008,-45.806249],[-67.46343,-45.806559],[-67.464542,-45.807627],[-67.464786,-45.807868],[-67.464835,-45.807952],[-67.464753,-45.808013],[-67.464438,-45.808104],[-67.463275,-45.80838],[-67.463062,-45.808477],[-67.463051,-45.808902],[-67.462639,-45.809086],[-67.461222,-45.809714],[-67.460093,-45.810249],[-67.459889,-45.810314],[-67.459508,-45.810314],[-67.457453,-45.81029],[-67.455863,-45.810309],[-67.455652,-45.810363],[-67.455553,-45.810459],[-67.455402,-45.810594],[-67.455391,-45.810749],[-67.45534,-45.810942],[-67.455346,-45.811208],[-67.455508,-45.811735],[-67.456253,-45.814115],[-67.456512,-45.815104],[-67.457171,-45.817195],[-67.457227,-45.817516],[-67.457221,-45.817798],[-67.457193,-45.818022],[-67.457054,-45.818699],[-67.456949,-45.819082],[-67.456882,-45.819271],[-67.456893,-45.819434],[-67.456809,-45.819716],[-67.456765,-45.820314],[-67.456826,-45.820632],[-67.456987,-45.820992],[-67.457362,-45.821622],[-67.457704,-45.821924],[-67.458156,-45.822113],[-67.458799,-45.822266],[-67.459637,-45.822429],[-67.460209,-45.822584],[-67.460698,-45.822781],[-67.460996,-45.822955],[-67.462198,-45.8236],[-67.462816,-45.823885],[-67.463106,-45.824014],[-67.463592,-45.824108],[-67.464217,-45.824191],[-67.464695,-45.824198],[-67.465177,-45.824247],[-67.465479,-45.824223],[-67.465683,-45.824223],[-67.465978,-45.824258],[-67.466313,-45.824252],[-67.466558,-45.824198],[-67.467195,-45.824051],[-67.467664,-45.823816],[-67.468088,-45.823549],[-67.46821,-45.823384],[-67.468276,-45.823199],[-67.468145,-45.822953],[-67.467918,-45.822795],[-67.467484,-45.822697],[-67.46702,-45.82277],[-67.466784,-45.822934],[-67.46658,-45.823154],[-67.466512,-45.823431],[-67.466542,-45.823706],[-67.466708,-45.824063],[-67.467233,-45.825203],[-67.467979,-45.826467],[-67.468301,-45.826774],[-67.46945,-45.827695],[-67.470069,-45.828188],[-67.471856,-45.829111],[-67.473143,-45.829834],[-67.474206,-45.830423],[-67.474947,-45.830835],[-67.475227,-45.830966],[-67.475516,-45.831097],[-67.475796,-45.831282],[-67.476142,-45.831568],[-67.476336,-45.831809],[-67.476539,-45.832072],[-67.476962,-45.832675],[-67.477608,-45.833576],[-67.477922,-45.834005],[-67.478029,-45.83414],[-67.478155,-45.834225],[-67.478287,-45.834225],[-67.478462,-45.834208],[-67.478574,-45.834204],[-67.478623,-45.834266],[-67.478542,-45.83551],[-67.478474,-45.836294],[-67.478419,-45.836752],[-67.478434,-45.836924],[-67.478287,-45.837671],[-67.478155,-45.83825],[-67.478092,-45.838439],[-67.478195,-45.838524],[-67.47836,-45.838581],[-67.478696,-45.838672],[-67.47891,-45.838733],[-67.47906,-45.838807],[-67.479128,-45.838861],[-67.479185,-45.838945],[-67.47919,-45.83908],[-67.479163,-45.839357],[-67.479108,-45.839643],[-67.479064,-45.83972],[-67.478967,-45.83976],[-67.477128,-45.839788],[-67.476953,-45.839785],[-67.47685,-45.839786],[-67.476738,-45.839799],[-67.476626,-45.83986],[-67.476566,-45.839984],[-67.476541,-45.8401],[-67.476527,-45.84034],[-67.476523,-45.841109],[-67.476501,-45.84157],[-67.476417,-45.842142],[-67.476285,-45.842847],[-67.476205,-45.843359],[-67.476158,-45.843546],[-67.475934,-45.844302],[-67.475528,-45.84547],[-67.475319,-45.846118],[-67.475213,-45.846508],[-67.475224,-45.846852],[-67.475362,-45.847127],[-67.475591,-45.847371],[-67.476065,-45.847732],[-67.476414,-45.847988],[-67.476642,-45.848178],[-67.476903,-45.848398],[-67.476996,-45.848562],[-67.477131,-45.848759],[-67.477227,-45.849045],[-67.477276,-45.849269],[-67.477262,-45.849512],[-67.477186,-45.849914],[-67.477082,-45.850344],[-67.476945,-45.850766],[-67.476845,-45.851241],[-67.476866,-45.851688],[-67.477072,-45.852164],[-67.477457,-45.85272],[-67.477794,-45.853208],[-67.477846,-45.853486],[-67.47778,-45.853827],[-67.477643,-45.854102],[-67.477534,-45.854218],[-67.477132,-45.854594],[-67.476757,-45.854913],[-67.476462,-45.855238],[-67.476316,-45.855516],[-67.476256,-45.855726],[-67.476245,-45.856078],[-67.476213,-45.856476],[-67.476164,-45.856713],[-67.475752,-45.858268],[-67.475693,-45.858529],[-67.475706,-45.858766],[-67.475743,-45.858971],[-67.475868,-45.85921],[-67.476053,-45.859519],[-67.476376,-45.859735],[-67.476791,-45.859908],[-67.477258,-45.859965],[-67.478931,-45.859977],[-67.481262,-45.859982],[-67.484416,-45.859984],[-67.484523,-45.860022],[-67.484568,-45.860159],[-67.484576,-45.865568],[-67.484579,-45.865666],[-67.484538,-45.865767],[-67.4845,-45.86587],[-67.484504,-45.865919],[-67.484533,-45.865968],[-67.485009,-45.866148],[-67.485456,-45.866335],[-67.486111,-45.866642],[-67.486846,-45.867039],[-67.487547,-45.867568],[-67.488826,-45.868448],[-67.490625,-45.869775],[-67.491418,-45.870359],[-67.491921,-45.870686],[-67.492693,-45.871159],[-67.493205,-45.871432],[-67.493318,-45.871587],[-67.49322,-45.871743],[-67.492989,-45.871962],[-67.492788,-45.87208]]}},{"type":"Feature","properties":{"linea":"19","sentido":"ida","nombre":"Estadio Centenario - Caleta Córdova"},"geometry":{"type":"LineString","coordinates":[[-67.492629,-45.872283],[-67.491687,-45.872945],[-67.486332,-45.869755],[-67.486243,-45.869069],[-67.48417,-45.868105],[-67.48216,-45.867177],[-67.480286,-45.866345],[-67.480162,-45.866268],[-67.480037,-45.866166],[-67.479941,-45.866038],[-67.479939,-45.864598],[-67.479813,-45.86447],[-67.475402,-45.863566],[-67.4752,-45.863421],[-67.475177,-45.863405],[-67.475168,-45.863392],[-67.475145,-45.863376],[-67.475131,-45.863364],[-67.475118,-45.863347],[-67.475104,-45.863331],[-67.475095,-45.863312],[-67.475086,-45.8633],[-67.475086,-45.863296],[-67.475038,-45.863159],[-67.475012,-45.862974],[-67.474875,-45.862727],[-67.474697,-45.8625],[-67.474109,-45.861816],[-67.474073,-45.861608],[-67.474153,-45.861447],[-67.4744,-45.860917],[-67.474879,-45.860137],[-67.47501,-45.859904],[-67.475112,-45.859708],[-67.475228,-45.859381],[-67.475381,-45.859086],[-67.475552,-45.858533],[-67.475883,-45.857406],[-67.476047,-45.856787],[-67.476109,-45.856528],[-67.47611,-45.85629],[-67.47609,-45.855829],[-67.476159,-45.855522],[-67.476283,-45.855247],[-67.476529,-45.854931],[-67.477193,-45.854413],[-67.477401,-45.854212],[-67.477544,-45.854087],[-67.477632,-45.853857],[-67.477686,-45.8536],[-67.477652,-45.853329],[-67.477468,-45.852937],[-67.477309,-45.852673],[-67.47711,-45.852372],[-67.476878,-45.852019],[-67.47679,-45.851815],[-67.476716,-45.851564],[-67.476716,-45.851341],[-67.476757,-45.851075],[-67.476818,-45.85076],[-67.47692,-45.850445],[-67.476975,-45.850125],[-67.47703,-45.849922],[-67.477092,-45.849476],[-67.47714,-45.849192],[-67.477047,-45.848878],[-67.476895,-45.84861],[-67.476738,-45.848399],[-67.476476,-45.848172],[-67.476009,-45.847802],[-67.475726,-45.847614],[-67.475485,-45.847425],[-67.475308,-45.847242],[-67.475189,-45.847022],[-67.475116,-45.846839],[-67.475116,-45.84666],[-67.475156,-45.846457],[-67.475294,-45.84588],[-67.475565,-45.845021],[-67.475799,-45.844286],[-67.476077,-45.843463],[-67.47614,-45.843152],[-67.476264,-45.842294],[-67.476377,-45.841598],[-67.476421,-45.84111],[-67.476434,-45.840612],[-67.476413,-45.839951],[-67.476392,-45.839635],[-67.476243,-45.839522],[-67.475974,-45.839481],[-67.475935,-45.839477],[-67.475919,-45.839477],[-67.475886,-45.839477],[-67.475853,-45.839477],[-67.47582,-45.839477],[-67.475787,-45.839477],[-67.47576,-45.839477],[-67.475732,-45.839478],[-67.475716,-45.839478],[-67.475688,-45.839485],[-67.475661,-45.839485],[-67.475655,-45.839485],[-67.474913,-45.839482],[-67.474819,-45.839422],[-67.47478,-45.839322],[-67.474772,-45.839105],[-67.474757,-45.837882],[-67.474833,-45.837823],[-67.475063,-45.837835],[-67.476097,-45.838068],[-67.476269,-45.838088],[-67.476332,-45.838045],[-67.476414,-45.837277],[-67.4763,-45.836724],[-67.476115,-45.83637],[-67.475714,-45.835898],[-67.474853,-45.83504],[-67.47374,-45.83418],[-67.471916,-45.832177],[-67.470147,-45.830096],[-67.469126,-45.828923],[-67.469058,-45.828808],[-67.468786,-45.828487],[-67.468483,-45.827939],[-67.468161,-45.827475],[-67.467983,-45.8272],[-67.467838,-45.827004],[-67.467626,-45.826683],[-67.467282,-45.826284],[-67.466827,-45.825767],[-67.466346,-45.825221],[-67.466186,-45.824999],[-67.466033,-45.824859],[-67.46585,-45.824777],[-67.465733,-45.82476],[-67.465595,-45.824753],[-67.465458,-45.824702],[-67.465358,-45.824618],[-67.46531,-45.8245],[-67.465237,-45.824434],[-67.465088,-45.824365],[-67.464931,-45.824346],[-67.464733,-45.824336],[-67.46457,-45.824309],[-67.464294,-45.824289],[-67.463969,-45.824241],[-67.463551,-45.824187],[-67.463167,-45.824095],[-67.462825,-45.824002],[-67.462535,-45.823872],[-67.461226,-45.823203],[-67.460729,-45.822936],[-67.460203,-45.822659],[-67.459595,-45.822522],[-67.458917,-45.822378],[-67.458551,-45.822334],[-67.458276,-45.822355],[-67.458,-45.822386],[-67.457853,-45.822351],[-67.457669,-45.822295],[-67.457582,-45.822194],[-67.457325,-45.821901],[-67.456923,-45.82138],[-67.456747,-45.82104],[-67.45661,-45.82071],[-67.456458,-45.820375],[-67.456292,-45.819883],[-67.456221,-45.819535],[-67.456222,-45.819358],[-67.456361,-45.819221],[-67.456528,-45.819185],[-67.456689,-45.819185],[-67.456827,-45.81914],[-67.456892,-45.818988],[-67.457031,-45.818342],[-67.457111,-45.817918],[-67.457155,-45.817561],[-67.457097,-45.817283],[-67.456967,-45.816763],[-67.456408,-45.815023],[-67.456235,-45.814453],[-67.455997,-45.813606],[-67.455537,-45.812045],[-67.455335,-45.811406],[-67.455226,-45.811148],[-67.455031,-45.810896],[-67.454895,-45.810725],[-67.454715,-45.810413],[-67.45473,-45.810247],[-67.454839,-45.809996],[-67.454904,-45.809739],[-67.454875,-45.809487],[-67.454747,-45.809015],[-67.454625,-45.808744],[-67.454322,-45.808538],[-67.454062,-45.808431],[-67.45349,-45.808334],[-67.45295,-45.808267],[-67.452575,-45.808239],[-67.452288,-45.80827],[-67.451829,-45.808386],[-67.451308,-45.808522],[-67.450688,-45.808618],[-67.450185,-45.80865],[-67.449536,-45.808608],[-67.449148,-45.808608],[-67.448654,-45.808725],[-67.448261,-45.808799],[-67.447658,-45.808927],[-67.446791,-45.80906],[-67.445615,-45.809216],[-67.445022,-45.8093],[-67.444109,-45.809454],[-67.44315,-45.809578],[-67.442666,-45.809617],[-67.442047,-45.809612],[-67.441577,-45.809582],[-67.440851,-45.809467],[-67.440287,-45.809376],[-67.437604,-45.809011],[-67.437049,-45.80894],[-67.436378,-45.808838],[-67.435872,-45.808762],[-67.435525,-45.80864],[-67.435206,-45.808508],[-67.434916,-45.808328],[-67.43456,-45.80801],[-67.434009,-45.807469],[-67.433743,-45.807125],[-67.433317,-45.806741],[-67.432984,-45.806503],[-67.431876,-45.805841],[-67.430572,-45.80506],[-67.428511,-45.803897],[-67.427401,-45.803276],[-67.42676,-45.802971],[-67.425928,-45.802527],[-67.425115,-45.80209],[-67.424818,-45.801917],[-67.424565,-45.801612],[-67.424356,-45.801322],[-67.424109,-45.80087],[-67.422964,-45.798897],[-67.422104,-45.797341],[-67.421807,-45.797105],[-67.421846,-45.796785],[-67.421924,-45.796549],[-67.422358,-45.79627],[-67.422831,-45.795937],[-67.42297,-45.795619],[-67.422733,-45.795288],[-67.421924,-45.794377],[-67.420542,-45.792748],[-67.419555,-45.791892],[-67.417738,-45.790303],[-67.417105,-45.789804],[-67.416034,-45.78929],[-67.414146,-45.788535],[-67.409251,-45.786522],[-67.403513,-45.784155],[-67.4025,-45.783835],[-67.398455,-45.782757],[-67.389673,-45.780523],[-67.388849,-45.780177],[-67.387987,-45.779723],[-67.385879,-45.778251],[-67.383013,-45.776313],[-67.38252,-45.775858],[-67.382229,-45.775351],[-67.382117,-45.774749],[-67.382698,-45.772621],[-67.382607,-45.772046],[-67.382292,-45.771676],[-67.381634,-45.771233],[-67.380433,-45.77085],[-67.379425,-45.770457],[-67.378627,-45.770123],[-67.378208,-45.769679],[-67.377943,-45.769247],[-67.377959,-45.768637],[-67.378053,-45.768012],[-67.378121,-45.7673],[-67.377984,-45.766649],[-67.377768,-45.766013],[-67.377414,-45.765211],[-67.377021,-45.764188],[-67.376532,-45.762626],[-67.37599,-45.76121],[-67.375696,-45.760463],[-67.374619,-45.757847],[-67.374344,-45.757309],[-67.373716,-45.756826],[-67.372908,-45.756375],[-67.372316,-45.755921],[-67.37214,-45.755412],[-67.372438,-45.754806],[-67.372715,-45.754311],[-67.372913,-45.753787],[-67.373183,-45.753206],[-67.37374,-45.75293],[-67.37469,-45.752476],[-67.375421,-45.752093],[-67.375818,-45.751665],[-67.376453,-45.751252],[-67.377661,-45.750136],[-67.378357,-45.749625],[-67.378499,-45.749139],[-67.378424,-45.748295],[-67.378288,-45.747175],[-67.378409,-45.746305],[-67.378409,-45.745445],[-67.378357,-45.744461],[-67.378355,-45.743827],[-67.378425,-45.743297],[-67.379064,-45.741908],[-67.379093,-45.741805],[-67.380726,-45.742107],[-67.381133,-45.741174]]}},{"type":"Feature","properties":{"linea":"19","sentido":"vuelta","nombre":"Estadio Centenario - Caleta Córdova"},"geometry":{"type":"LineString","coordinates":[[-67.381123,-45.741174],[-67.381041,-45.741114],[-67.379799,-45.740835],[-67.379651,-45.740878],[-67.379559,-45.741012],[-67.379381,-45.74138],[-67.379256,-45.741658],[-67.379107,-45.741932],[-67.379064,-45.742119],[-67.378866,-45.742517],[-67.378653,-45.742991],[-67.378522,-45.743282],[-67.378482,-45.743496],[-67.378433,-45.743765],[-67.378411,-45.744169],[-67.378429,-45.744776],[-67.378438,-45.745318],[-67.378467,-45.745804],[-67.378439,-45.746289],[-67.378401,-45.746813],[-67.378414,-45.74736],[-67.378499,-45.748096],[-67.37855,-45.74869],[-67.378587,-45.749124],[-67.378546,-45.749431],[-67.378399,-45.749715],[-67.378084,-45.750023],[-67.377426,-45.750586],[-67.376893,-45.750985],[-67.376305,-45.751372],[-67.375679,-45.751781],[-67.375329,-45.752126],[-67.374439,-45.752609],[-67.373334,-45.753257],[-67.373164,-45.753484],[-67.373095,-45.753703],[-67.372969,-45.753967],[-67.37244,-45.754961],[-67.372288,-45.755268],[-67.372249,-45.755457],[-67.372287,-45.755598],[-67.372339,-45.755816],[-67.372519,-45.756005],[-67.373239,-45.756491],[-67.373711,-45.756812],[-67.374291,-45.757248],[-67.374699,-45.757768],[-67.37494,-45.758359],[-67.376156,-45.761571],[-67.376687,-45.763122],[-67.377172,-45.764347],[-67.377607,-45.76564],[-67.377959,-45.766549],[-67.378126,-45.767175],[-67.378145,-45.767512],[-67.378013,-45.76844],[-67.378029,-45.769164],[-67.378167,-45.769586],[-67.378649,-45.770028],[-67.379196,-45.770333],[-67.380749,-45.770957],[-67.381651,-45.77126],[-67.382153,-45.771584],[-67.382518,-45.771834],[-67.382655,-45.772217],[-67.382702,-45.772727],[-67.382462,-45.773577],[-67.382159,-45.774697],[-67.382251,-45.775344],[-67.382508,-45.775805],[-67.38281,-45.776139],[-67.383756,-45.776812],[-67.387806,-45.779556],[-67.388504,-45.77998],[-67.389736,-45.780539],[-67.393161,-45.781394],[-67.397737,-45.782537],[-67.399695,-45.783033],[-67.401539,-45.783546],[-67.403347,-45.784046],[-67.405609,-45.784989],[-67.408446,-45.786112],[-67.409139,-45.786403],[-67.4098,-45.786749],[-67.413425,-45.788211],[-67.416237,-45.789339],[-67.416772,-45.789605],[-67.417246,-45.789864],[-67.41893,-45.791299],[-67.420109,-45.792303],[-67.420524,-45.792709],[-67.422126,-45.794584],[-67.422584,-45.795041],[-67.422937,-45.7953],[-67.423203,-45.795487],[-67.423204,-45.795619],[-67.423041,-45.795822],[-67.422446,-45.796314],[-67.422032,-45.796627],[-67.421902,-45.796815],[-67.421919,-45.797026],[-67.422066,-45.79722],[-67.422292,-45.797432],[-67.422491,-45.797936],[-67.424326,-45.801187],[-67.424732,-45.80173],[-67.424958,-45.801941],[-67.427629,-45.803298],[-67.432519,-45.806138],[-67.433112,-45.806511],[-67.433639,-45.806878],[-67.434002,-45.807318],[-67.434598,-45.807922],[-67.435167,-45.808386],[-67.435904,-45.808657],[-67.43675,-45.808802],[-67.438534,-45.809042],[-67.440868,-45.809375],[-67.441595,-45.809487],[-67.442031,-45.809523],[-67.442724,-45.809524],[-67.444051,-45.809351],[-67.447084,-45.808934],[-67.448183,-45.808702],[-67.449263,-45.808393],[-67.449868,-45.808161],[-67.450549,-45.808005],[-67.451283,-45.808069],[-67.452532,-45.808123],[-67.453638,-45.808278],[-67.454263,-45.808398],[-67.454673,-45.808644],[-67.45487,-45.808921],[-67.454988,-45.809402],[-67.455127,-45.809921],[-67.455317,-45.810234],[-67.455405,-45.810462],[-67.455384,-45.810895],[-67.455338,-45.811244],[-67.455575,-45.811882],[-67.456196,-45.814052],[-67.457177,-45.817294],[-67.457228,-45.817669],[-67.457176,-45.818043],[-67.456987,-45.819019],[-67.456849,-45.819737],[-67.456766,-45.820324],[-67.457094,-45.821121],[-67.457284,-45.821586],[-67.457934,-45.822015],[-67.458805,-45.822215],[-67.459898,-45.82246],[-67.460714,-45.822794],[-67.461633,-45.823292],[-67.462793,-45.823874],[-67.463434,-45.824078],[-67.46451,-45.824198],[-67.465284,-45.824218],[-67.465656,-45.824178],[-67.46599,-45.824198],[-67.466231,-45.824218],[-67.467001,-45.824094],[-67.467762,-45.823781],[-67.468099,-45.823492],[-67.468241,-45.823229],[-67.468153,-45.823003],[-67.467919,-45.822851],[-67.467702,-45.822746],[-67.467343,-45.822721],[-67.467019,-45.822789],[-67.46669,-45.823],[-67.466511,-45.823341],[-67.46659,-45.823774],[-67.466825,-45.824322],[-67.467612,-45.825986],[-67.468586,-45.827955],[-67.468925,-45.828529],[-67.470234,-45.830053],[-67.472104,-45.832268],[-67.473694,-45.833939],[-67.474621,-45.83475],[-67.475276,-45.835347],[-67.475631,-45.835681],[-67.476,-45.835987],[-67.476253,-45.836272],[-67.476453,-45.836593],[-67.476507,-45.836949],[-67.476539,-45.837224],[-67.476459,-45.837691],[-67.476457,-45.838089],[-67.476574,-45.838182],[-67.476652,-45.838297],[-67.476668,-45.839275],[-67.47666,-45.839634],[-67.476677,-45.839754],[-67.476613,-45.839893],[-67.476543,-45.840025],[-67.476536,-45.840643],[-67.476546,-45.841294],[-67.476437,-45.841775],[-67.476315,-45.84266],[-67.476212,-45.843268],[-67.476116,-45.843611],[-67.4759,-45.844305],[-67.475333,-45.846022],[-67.475191,-45.846724],[-67.475288,-45.846983],[-67.475425,-45.847252],[-67.47571,-45.847492],[-67.476627,-45.848191],[-67.477035,-45.848603],[-67.477182,-45.848978],[-67.47727,-45.849286],[-67.477285,-45.849468],[-67.47712,-45.850094],[-67.47683,-45.851161],[-67.476854,-45.851632],[-67.476983,-45.852017],[-67.477646,-45.852903],[-67.477784,-45.85327],[-67.477811,-45.853584],[-67.477756,-45.853974],[-67.477484,-45.854337],[-67.477058,-45.854659],[-67.476561,-45.855041],[-67.47646,-45.855197],[-67.476259,-45.855626],[-67.476225,-45.856123],[-67.476216,-45.856601],[-67.475962,-45.85756],[-67.4758,-45.858079],[-67.475689,-45.858637],[-67.475809,-45.859013],[-67.476126,-45.859489],[-67.476629,-45.859793],[-67.47725,-45.859946],[-67.478403,-45.859943],[-67.479824,-45.85997],[-67.480987,-45.859979],[-67.481279,-45.859985],[-67.481449,-45.860031],[-67.481475,-45.860256],[-67.481525,-45.863732],[-67.481456,-45.864524],[-67.481905,-45.864756],[-67.484261,-45.86587],[-67.484603,-45.865987],[-67.485617,-45.866349],[-67.486674,-45.866967],[-67.489243,-45.868709],[-67.490816,-45.869957],[-67.491655,-45.870497],[-67.492297,-45.870946],[-67.493124,-45.871335],[-67.493413,-45.871519],[-67.493352,-45.871701],[-67.493003,-45.871951],[-67.492687,-45.872241]]}},{"type":"Feature","properties":{"linea":"20","sentido":"ida","nombre":"Base Sol Bus - Stella Maris - Hospital Alvear"},"geometry":{"type":"LineString","coordinates":[[-67.544308,-45.893944],[-67.544625,-45.893709],[-67.544772,-45.893679],[-67.545514,-45.894095],[-67.546389,-45.894706],[-67.54744,-45.8954],[-67.546068,-45.896364],[-67.545101,-45.897022],[-67.543951,-45.897863],[-67.543785,-45.897923],[-67.539005,-45.894666],[-67.536023,-45.892644],[-67.534066,-45.891324],[-67.532327,-45.890142],[-67.53148,-45.88967],[-67.530948,-45.889393],[-67.530132,-45.889055],[-67.529176,-45.888754],[-67.527862,-45.888312],[-67.524545,-45.887236],[-67.523396,-45.886873],[-67.523224,-45.886896],[-67.520487,-45.89097],[-67.52067,-45.891094],[-67.523585,-45.892035],[-67.526582,-45.893006],[-67.52826,-45.893587],[-67.528258,-45.893675],[-67.528193,-45.893776],[-67.528045,-45.893961],[-67.527911,-45.893986],[-67.527749,-45.894014],[-67.527625,-45.893983],[-67.527281,-45.89388],[-67.527016,-45.893788],[-67.526921,-45.893747],[-67.526707,-45.893693],[-67.526583,-45.893706],[-67.526075,-45.893727],[-67.522257,-45.893847],[-67.5221,-45.893933],[-67.522013,-45.894033],[-67.522234,-45.894359],[-67.522487,-45.894604],[-67.522857,-45.894979],[-67.523039,-45.895156],[-67.522899,-45.895252],[-67.521735,-45.895405],[-67.52073,-45.895509],[-67.52062,-45.895411],[-67.517852,-45.894561],[-67.518416,-45.893708],[-67.517421,-45.893362],[-67.516084,-45.892922],[-67.516033,-45.892829],[-67.516344,-45.892372],[-67.514327,-45.8918],[-67.514228,-45.891878],[-67.513962,-45.892306],[-67.513835,-45.892408],[-67.513689,-45.892395],[-67.512633,-45.891237],[-67.512361,-45.890977],[-67.512103,-45.890404],[-67.51191,-45.889788],[-67.51168,-45.8891],[-67.511619,-45.888853],[-67.511544,-45.888698],[-67.511401,-45.88844],[-67.510453,-45.887088],[-67.507808,-45.883296],[-67.507392,-45.882539],[-67.50688,-45.882285],[-67.506125,-45.881962],[-67.505985,-45.881833],[-67.506136,-45.881664],[-67.506542,-45.88145],[-67.506959,-45.881158],[-67.509176,-45.879756],[-67.509382,-45.87958],[-67.509376,-45.879498],[-67.509099,-45.87937],[-67.508726,-45.879222],[-67.507974,-45.878899],[-67.506103,-45.878039],[-67.503836,-45.87709],[-67.503252,-45.876853],[-67.502789,-45.876655],[-67.50189,-45.876252],[-67.501501,-45.876059],[-67.501283,-45.875928],[-67.501108,-45.875823],[-67.500685,-45.87557],[-67.500249,-45.875268],[-67.499815,-45.874945],[-67.499377,-45.874709],[-67.499043,-45.874588],[-67.498773,-45.874531],[-67.498436,-45.874529],[-67.498196,-45.87456],[-67.497916,-45.874628],[-67.497603,-45.874761],[-67.497202,-45.874949],[-67.496821,-45.875121],[-67.496564,-45.875192],[-67.496298,-45.875246],[-67.496042,-45.875262],[-67.495653,-45.875256],[-67.495327,-45.875169],[-67.495117,-45.875061],[-67.494815,-45.874852],[-67.49412,-45.874456],[-67.493194,-45.873904],[-67.49044,-45.872254],[-67.490218,-45.871988],[-67.490399,-45.871869],[-67.490892,-45.871449],[-67.49089,-45.871354],[-67.49064,-45.871192],[-67.488771,-45.870053],[-67.488539,-45.869955],[-67.488097,-45.869701],[-67.487924,-45.869619],[-67.487735,-45.869599],[-67.487518,-45.869548],[-67.487396,-45.869485],[-67.487133,-45.869357],[-67.486751,-45.869137],[-67.486452,-45.868973],[-67.486334,-45.868903],[-67.486334,-45.868814],[-67.486354,-45.868241],[-67.486358,-45.868179],[-67.486344,-45.868117],[-67.486233,-45.86808],[-67.485312,-45.868081],[-67.48455,-45.868058],[-67.483976,-45.868041],[-67.480875,-45.866625],[-67.480216,-45.866314],[-67.48007,-45.866212],[-67.479947,-45.866025],[-67.479933,-45.86587],[-67.479927,-45.865454],[-67.47993,-45.864976],[-67.479917,-45.864692],[-67.479909,-45.864548],[-67.479755,-45.864436],[-67.478336,-45.864173],[-67.47736,-45.863973],[-67.476318,-45.863754],[-67.475516,-45.863611],[-67.475191,-45.863428],[-67.47508,-45.863179],[-67.474985,-45.862854],[-67.474764,-45.862576],[-67.474511,-45.862272],[-67.474316,-45.862035],[-67.47409,-45.861766],[-67.47404,-45.861479],[-67.474158,-45.861316],[-67.474245,-45.86121],[-67.474301,-45.861091],[-67.474354,-45.861012],[-67.474449,-45.860838],[-67.474751,-45.860247],[-67.475059,-45.85984],[-67.475271,-45.859402],[-67.475484,-45.858838],[-67.475654,-45.858229],[-67.475841,-45.85745],[-67.476047,-45.856855],[-67.476091,-45.856589],[-67.476113,-45.856086],[-67.476132,-45.855669],[-67.476267,-45.855309],[-67.476454,-45.855044],[-67.47678,-45.854751],[-67.477084,-45.8545],[-67.477371,-45.854273],[-67.477547,-45.854013],[-67.477657,-45.85372],[-67.477674,-45.853419],[-67.477604,-45.853208],[-67.477421,-45.852875],[-67.476997,-45.852276],[-67.476771,-45.851822],[-67.476667,-45.851535],[-67.476684,-45.851195],[-67.476772,-45.8508],[-67.476843,-45.850489],[-67.476913,-45.850252],[-67.477123,-45.849372],[-67.477092,-45.849019],[-67.476916,-45.848607],[-67.476608,-45.848262],[-67.475789,-45.847651],[-67.475395,-45.847305],[-67.475251,-45.84717],[-67.475158,-45.847001],[-67.475108,-45.84683],[-67.475111,-45.846673],[-67.475105,-45.846525],[-67.475168,-45.846283],[-67.475342,-45.845644],[-67.475585,-45.844954],[-67.476014,-45.843681],[-67.476214,-45.842786],[-67.476321,-45.841776],[-67.476432,-45.841095],[-67.476447,-45.839677],[-67.476295,-45.839556],[-67.476064,-45.839469],[-67.474928,-45.839495],[-67.474778,-45.83944],[-67.474734,-45.837852],[-67.474677,-45.837798],[-67.473925,-45.837691],[-67.472841,-45.837994],[-67.47262,-45.838094],[-67.468103,-45.839994],[-67.467976,-45.839964],[-67.466665,-45.838443],[-67.465567,-45.83711],[-67.465337,-45.83699],[-67.46503,-45.836674],[-67.463732,-45.8351],[-67.46348,-45.834705],[-67.463212,-45.834254],[-67.463089,-45.833869],[-67.462962,-45.833533],[-67.462942,-45.833375],[-67.462885,-45.83331],[-67.462769,-45.833283],[-67.462193,-45.833229],[-67.462041,-45.833242],[-67.462001,-45.833316],[-67.461969,-45.833581],[-67.461941,-45.833776]]}},{"type":"Feature","properties":{"linea":"20","sentido":"vuelta","nombre":"Base Sol Bus - Stella Maris - Hospital Alvear"},"geometry":{"type":"LineString","coordinates":[[-67.461941,-45.833769],[-67.461802,-45.834526],[-67.461795,-45.834698],[-67.461811,-45.834805],[-67.461887,-45.834893],[-67.462006,-45.834948],[-67.462196,-45.834995],[-67.462655,-45.835028],[-67.462943,-45.83507],[-67.463111,-45.835133],[-67.463253,-45.835287],[-67.464067,-45.836295],[-67.464256,-45.83657],[-67.464391,-45.836749],[-67.464522,-45.836901],[-67.464678,-45.836981],[-67.464911,-45.837036],[-67.465166,-45.837043],[-67.465344,-45.83704],[-67.465482,-45.837039],[-67.465579,-45.837073],[-67.465663,-45.837155],[-67.467221,-45.838949],[-67.468489,-45.838386],[-67.469215,-45.838021],[-67.469817,-45.837588],[-67.470728,-45.837336],[-67.471046,-45.837232],[-67.471639,-45.83714],[-67.472243,-45.83708],[-67.472893,-45.836989],[-67.47371,-45.836894],[-67.474231,-45.836832],[-67.474372,-45.836817],[-67.474535,-45.836818],[-67.474619,-45.836848],[-67.474666,-45.836931],[-67.47462,-45.837413],[-67.474677,-45.837565],[-67.474772,-45.837685],[-67.474858,-45.837775],[-67.476025,-45.838029],[-67.476129,-45.838052],[-67.476255,-45.838087],[-67.476431,-45.83815],[-67.47656,-45.838262],[-67.47662,-45.838447],[-67.47663,-45.838807],[-67.476666,-45.83937],[-67.476654,-45.839638],[-67.476637,-45.839823],[-67.476604,-45.83995],[-67.476543,-45.840096],[-67.47654,-45.84044],[-67.47654,-45.840888],[-67.476538,-45.841243],[-67.476491,-45.841615],[-67.476399,-45.842285],[-67.476321,-45.842776],[-67.476252,-45.843182],[-67.476207,-45.843422],[-67.47615,-45.843641],[-67.476011,-45.844056],[-67.475828,-45.844622],[-67.475497,-45.845596],[-67.475401,-45.84597],[-67.475299,-45.846227],[-67.475251,-45.846434],[-67.475219,-45.846672],[-67.475246,-45.846871],[-67.475328,-45.847091],[-67.475512,-45.847318],[-67.475844,-45.847587],[-67.476339,-45.847941],[-67.476701,-45.848218],[-67.476886,-45.84841],[-67.477092,-45.848637],[-67.4772,-45.848871],[-67.477269,-45.849095],[-67.477303,-45.84928],[-67.477285,-45.849552],[-67.477225,-45.849837],[-67.476939,-45.850866],[-67.476861,-45.851229],[-67.476871,-45.851527],[-67.476915,-45.851718],[-67.477008,-45.851981],[-67.477354,-45.852501],[-67.47759,-45.852864],[-67.477754,-45.853138],[-67.477829,-45.853336],[-67.477864,-45.853539],[-67.477851,-45.853732],[-67.4778,-45.853896],[-67.477721,-45.854093],[-67.477589,-45.85424],[-67.477447,-45.85439],[-67.477054,-45.854668],[-67.476656,-45.855],[-67.476497,-45.855172],[-67.476367,-45.855403],[-67.476289,-45.855655],[-67.476257,-45.855911],[-67.476263,-45.856155],[-67.476273,-45.856436],[-67.476244,-45.856615],[-67.476165,-45.856961],[-67.476056,-45.857316],[-67.475838,-45.858117],[-67.475762,-45.85846],[-67.475733,-45.858742],[-67.475763,-45.858967],[-67.475946,-45.859299],[-67.476206,-45.859603],[-67.476415,-45.859739],[-67.47669,-45.859874],[-67.476987,-45.859954],[-67.477289,-45.859978],[-67.4779,-45.859974],[-67.478346,-45.859977],[-67.478777,-45.859975],[-67.480125,-45.859959],[-67.480661,-45.859963],[-67.481147,-45.859997],[-67.481456,-45.860048],[-67.481472,-45.860214],[-67.481484,-45.862572],[-67.481502,-45.864496],[-67.481528,-45.864595],[-67.481814,-45.864729],[-67.484334,-45.865852],[-67.485005,-45.866133],[-67.485381,-45.866267],[-67.485866,-45.866477],[-67.486562,-45.866861],[-67.487815,-45.867775],[-67.489407,-45.868899],[-67.49084,-45.870012],[-67.491631,-45.870578],[-67.492517,-45.871059],[-67.493576,-45.87156],[-67.494848,-45.872151],[-67.496374,-45.872746],[-67.4971,-45.873066],[-67.497683,-45.873374],[-67.498344,-45.873745],[-67.498858,-45.874135],[-67.499498,-45.874646],[-67.500033,-45.875004],[-67.500367,-45.875258],[-67.500956,-45.875643],[-67.501526,-45.87591],[-67.502312,-45.876222],[-67.502744,-45.876285],[-67.503612,-45.876653],[-67.505337,-45.876028],[-67.506528,-45.875485],[-67.506738,-45.875415],[-67.506947,-45.875389],[-67.507339,-45.875752],[-67.508202,-45.876644],[-67.508477,-45.876876],[-67.509075,-45.877436],[-67.509169,-45.87739],[-67.509545,-45.877174],[-67.509705,-45.877056],[-67.51063,-45.876459],[-67.512499,-45.877863],[-67.511367,-45.878567],[-67.510617,-45.879013],[-67.510236,-45.879247],[-67.506369,-45.881853],[-67.506455,-45.881921],[-67.506697,-45.882044],[-67.507077,-45.882184],[-67.507325,-45.882319],[-67.507423,-45.882363],[-67.507758,-45.88305],[-67.50999,-45.886285],[-67.511493,-45.888427],[-67.511821,-45.889209],[-67.512237,-45.890468],[-67.512429,-45.890941],[-67.512918,-45.891425],[-67.513983,-45.892491],[-67.514376,-45.893042],[-67.514661,-45.893326],[-67.514829,-45.893823],[-67.514993,-45.894245],[-67.515129,-45.894494],[-67.515486,-45.894609],[-67.515997,-45.894795],[-67.516275,-45.894892],[-67.516437,-45.894943],[-67.517382,-45.895262],[-67.517854,-45.894565],[-67.518066,-45.894611],[-67.520683,-45.895455],[-67.520796,-45.895511],[-67.521449,-45.895415],[-67.522902,-45.895257],[-67.523006,-45.895168],[-67.522606,-45.89482],[-67.522295,-45.894533],[-67.522185,-45.894375],[-67.521944,-45.894005],[-67.522127,-45.893877],[-67.522317,-45.893812],[-67.526139,-45.893679],[-67.526652,-45.89366],[-67.526889,-45.893709],[-67.527343,-45.893847],[-67.527678,-45.893945],[-67.527821,-45.893951],[-67.527928,-45.893936],[-67.528027,-45.893895],[-67.528188,-45.893709],[-67.5282,-45.89362],[-67.528067,-45.893569],[-67.526466,-45.893019],[-67.523413,-45.892032],[-67.520353,-45.891062],[-67.52027,-45.890994],[-67.522811,-45.887168],[-67.523108,-45.886767],[-67.5232,-45.886642],[-67.523462,-45.88659],[-67.523726,-45.886675],[-67.529492,-45.888526],[-67.529716,-45.888597],[-67.530031,-45.888747],[-67.530237,-45.888812],[-67.530706,-45.888936],[-67.531069,-45.889098],[-67.531444,-45.889337],[-67.532084,-45.889735],[-67.533852,-45.890894],[-67.535261,-45.891794],[-67.535698,-45.892072],[-67.540085,-45.895011],[-67.541363,-45.895872],[-67.543279,-45.897177],[-67.543825,-45.897525],[-67.543927,-45.89757],[-67.544141,-45.897531],[-67.545207,-45.896773],[-67.546375,-45.895951],[-67.547157,-45.895346],[-67.547091,-45.895224],[-67.546147,-45.894637],[-67.544795,-45.893733],[-67.544702,-45.893702],[-67.544527,-45.893734],[-67.54429,-45.893938]]}},{"type":"Feature","properties":{"linea":"21","sentido":"ida","nombre":"Padre Corti - Don Bosco - Standard"},"geometry":{"type":"LineString","coordinates":[[-67.519228,-45.793137],[-67.521317,-45.79252],[-67.523546,-45.792076],[-67.523622,-45.792452],[-67.521448,-45.792881],[-67.522082,-45.793668],[-67.521916,-45.793789],[-67.519568,-45.794233],[-67.51937,-45.794102],[-67.519174,-45.79362],[-67.519023,-45.793612],[-67.515062,-45.794334],[-67.513548,-45.794597],[-67.511061,-45.795165],[-67.509032,-45.795561],[-67.50815,-45.795714],[-67.508083,-45.795834],[-67.508017,-45.79704],[-67.507882,-45.797095],[-67.506535,-45.79702],[-67.506493,-45.796886],[-67.506585,-45.795875],[-67.506465,-45.795835],[-67.50268,-45.79561],[-67.500974,-45.795557],[-67.500876,-45.795641],[-67.500664,-45.796582],[-67.500455,-45.796583],[-67.499167,-45.796434],[-67.499083,-45.796545],[-67.498949,-45.79703],[-67.498848,-45.797089],[-67.497629,-45.796906],[-67.496203,-45.796757],[-67.493377,-45.796386],[-67.4951,-45.795319],[-67.495408,-45.795183],[-67.495969,-45.795248],[-67.496061,-45.794691],[-67.495548,-45.794719],[-67.495234,-45.794847],[-67.494929,-45.794894],[-67.493819,-45.794864],[-67.493229,-45.794932],[-67.49266,-45.795046],[-67.492259,-45.795124],[-67.491922,-45.795039],[-67.49189,-45.794881],[-67.491489,-45.794615],[-67.490927,-45.794506],[-67.489757,-45.79441],[-67.484141,-45.794084],[-67.483965,-45.794258],[-67.483851,-45.794498],[-67.484413,-45.794563],[-67.48754,-45.794721],[-67.490353,-45.794871],[-67.490466,-45.79495],[-67.490374,-45.795093],[-67.490042,-45.795805],[-67.489899,-45.796042],[-67.489662,-45.796063],[-67.488437,-45.796027],[-67.483819,-45.79573],[-67.482922,-45.795693],[-67.474656,-45.795261],[-67.474567,-45.795837],[-67.47445,-45.79652],[-67.474325,-45.796549],[-67.465333,-45.796052],[-67.465331,-45.795933],[-67.465724,-45.795311],[-67.466084,-45.79488],[-67.466132,-45.794761],[-67.465825,-45.794627],[-67.465548,-45.79472],[-67.462413,-45.795009],[-67.461242,-45.795148],[-67.459973,-45.795299],[-67.459542,-45.795372],[-67.458461,-45.795545],[-67.457339,-45.795685],[-67.456538,-45.795697],[-67.455678,-45.79569],[-67.454733,-45.79577],[-67.45013,-45.796197],[-67.448898,-45.796224],[-67.44831,-45.796271],[-67.447905,-45.796345],[-67.447771,-45.796425],[-67.447665,-45.796559],[-67.447482,-45.79664],[-67.44725,-45.7966],[-67.446911,-45.796499],[-67.446667,-45.796412],[-67.446154,-45.796338],[-67.445602,-45.796271],[-67.44408,-45.796263],[-67.442706,-45.79624],[-67.432757,-45.795457],[-67.432735,-45.795236],[-67.432704,-45.795012],[-67.432932,-45.794853],[-67.435448,-45.793806],[-67.435583,-45.793668],[-67.435647,-45.793048],[-67.435622,-45.790204],[-67.435411,-45.790168],[-67.435089,-45.790199],[-67.434781,-45.790307],[-67.434606,-45.790413],[-67.434403,-45.790452],[-67.431497,-45.789261],[-67.431101,-45.789181],[-67.430338,-45.78946],[-67.428623,-45.790144],[-67.428476,-45.790122],[-67.426882,-45.78891],[-67.426801,-45.788896],[-67.424875,-45.790259],[-67.424313,-45.790521],[-67.422901,-45.791078],[-67.421291,-45.791722],[-67.421191,-45.791857],[-67.421308,-45.791958],[-67.42033,-45.792372],[-67.420334,-45.792468],[-67.420664,-45.792838],[-67.421137,-45.793394],[-67.422593,-45.794998],[-67.422854,-45.795213],[-67.423087,-45.79536],[-67.423202,-45.795457],[-67.423306,-45.795563],[-67.423249,-45.795656],[-67.423147,-45.795701],[-67.422934,-45.795901],[-67.422415,-45.796307],[-67.421922,-45.796721],[-67.421876,-45.79686],[-67.421937,-45.797032],[-67.422115,-45.797274],[-67.422978,-45.798802],[-67.425046,-45.798482]]}},{"type":"Feature","properties":{"linea":"21","sentido":"vuelta","nombre":"Padre Corti - Don Bosco - Standard"},"geometry":{"type":"LineString","coordinates":[[-67.425265,-45.798394],[-67.426998,-45.797462],[-67.428171,-45.796763],[-67.4283,-45.796203],[-67.428221,-45.795753],[-67.426858,-45.795926],[-67.426217,-45.796246],[-67.425172,-45.796671],[-67.424603,-45.796786],[-67.424362,-45.796648],[-67.423902,-45.796327],[-67.423044,-45.79573],[-67.422872,-45.795416],[-67.421583,-45.794146],[-67.420201,-45.792441],[-67.421306,-45.791958],[-67.421015,-45.791752],[-67.422783,-45.791086],[-67.424381,-45.790531],[-67.424952,-45.790248],[-67.426856,-45.788869],[-67.428574,-45.79011],[-67.431022,-45.789113],[-67.431282,-45.788966],[-67.431485,-45.78928],[-67.431434,-45.790524],[-67.431434,-45.792104],[-67.431417,-45.79262],[-67.431797,-45.795353],[-67.435325,-45.795637],[-67.44287,-45.796195],[-67.446481,-45.79629],[-67.446805,-45.796228],[-67.44706,-45.796155],[-67.447432,-45.796175],[-67.447666,-45.796246],[-67.449883,-45.796179],[-67.450637,-45.796075],[-67.454076,-45.795785],[-67.455623,-45.795651],[-67.456643,-45.795679],[-67.457142,-45.795708],[-67.457425,-45.79562],[-67.457661,-45.795435],[-67.460151,-45.795192],[-67.466081,-45.794536],[-67.466475,-45.794735],[-67.469343,-45.794905],[-67.470762,-45.794929],[-67.473415,-45.795161],[-67.473441,-45.794816],[-67.474826,-45.794812],[-67.474762,-45.795168],[-67.479943,-45.795427],[-67.489167,-45.796019],[-67.489352,-45.794863],[-67.48364,-45.79453],[-67.484024,-45.793937],[-67.49191,-45.794485],[-67.492439,-45.794318],[-67.49274,-45.794395],[-67.492918,-45.794654],[-67.492796,-45.795013],[-67.492211,-45.795272],[-67.492141,-45.795656],[-67.499514,-45.796378],[-67.500683,-45.796515],[-67.500897,-45.795549],[-67.506654,-45.795841],[-67.506497,-45.79755],[-67.507902,-45.797646],[-67.508126,-45.795719],[-67.519156,-45.793512],[-67.519241,-45.793244]]}},{"type":"Feature","properties":{"linea":"22","sentido":"ida","nombre":"Estadio Centenario - Standard - Km 11"},"geometry":{"type":"LineString","coordinates":[[-67.492629,-45.872283],[-67.491728,-45.872955],[-67.491519,-45.872947],[-67.486473,-45.869851],[-67.486245,-45.869641],[-67.486272,-45.869358],[-67.486272,-45.869336],[-67.486266,-45.869313],[-67.486246,-45.869245],[-67.486233,-45.869218],[-67.48622,-45.869196],[-67.486214,-45.869182],[-67.486207,-45.869164],[-67.486194,-45.869123],[-67.486084,-45.869033],[-67.48583,-45.868902],[-67.480286,-45.866345],[-67.480162,-45.866268],[-67.480037,-45.866166],[-67.479941,-45.866038],[-67.479958,-45.865824],[-67.479907,-45.864915],[-67.479925,-45.864726],[-67.479905,-45.864558],[-67.479816,-45.864502],[-67.479657,-45.864466],[-67.478955,-45.864314],[-67.476157,-45.863711],[-67.47576,-45.863644],[-67.475497,-45.863563],[-67.475279,-45.863431],[-67.475144,-45.863249],[-67.475069,-45.862917],[-67.474948,-45.862713],[-67.474722,-45.86249],[-67.474245,-45.861992],[-67.474109,-45.861816],[-67.474073,-45.861608],[-67.474153,-45.861447],[-67.4744,-45.860917],[-67.474879,-45.860137],[-67.47501,-45.859904],[-67.475112,-45.859708],[-67.475228,-45.859381],[-67.475381,-45.859086],[-67.475552,-45.858533],[-67.475883,-45.857406],[-67.476047,-45.856787],[-67.476109,-45.856528],[-67.47611,-45.85629],[-67.47609,-45.855829],[-67.476159,-45.855522],[-67.476283,-45.855247],[-67.476529,-45.854931],[-67.477193,-45.854413],[-67.477401,-45.854212],[-67.477544,-45.854087],[-67.477632,-45.853857],[-67.477686,-45.8536],[-67.477652,-45.853329],[-67.477468,-45.852937],[-67.477309,-45.852673],[-67.47711,-45.852372],[-67.476878,-45.852019],[-67.47679,-45.851815],[-67.476716,-45.851564],[-67.476716,-45.851341],[-67.476757,-45.851075],[-67.476818,-45.85076],[-67.47692,-45.850445],[-67.476975,-45.850125],[-67.47703,-45.849922],[-67.477092,-45.849476],[-67.47714,-45.849192],[-67.477047,-45.848878],[-67.476895,-45.84861],[-67.476738,-45.848399],[-67.476476,-45.848172],[-67.476009,-45.847802],[-67.475726,-45.847614],[-67.475485,-45.847425],[-67.475308,-45.847242],[-67.475189,-45.847022],[-67.475116,-45.846839],[-67.475116,-45.84666],[-67.475156,-45.846457],[-67.475294,-45.84588],[-67.475565,-45.845021],[-67.475799,-45.844286],[-67.476077,-45.843463],[-67.47614,-45.843152],[-67.476264,-45.842294],[-67.476361,-45.841594],[-67.476383,-45.841098],[-67.476393,-45.84056],[-67.476385,-45.839766],[-67.476341,-45.839554],[-67.476197,-45.839498],[-67.475984,-45.839457],[-67.475488,-45.839467],[-67.475014,-45.839474],[-67.475,-45.839471],[-67.474977,-45.839464],[-67.474945,-45.839455],[-67.474922,-45.839455],[-67.4749,-45.839446],[-67.474877,-45.839442],[-67.474854,-45.839436],[-67.474785,-45.839354],[-67.474737,-45.839122],[-67.474776,-45.837931],[-67.474778,-45.837842],[-67.47488,-45.837816],[-67.476219,-45.838083],[-67.476293,-45.838068],[-67.476305,-45.838022],[-67.47632,-45.837888],[-67.476375,-45.837593],[-67.476379,-45.837218],[-67.476273,-45.836671],[-67.476002,-45.836228],[-67.475642,-45.835822],[-67.474827,-45.835084],[-67.473584,-45.834041],[-67.471861,-45.832098],[-67.470147,-45.830096],[-67.469126,-45.828923],[-67.469058,-45.828808],[-67.468786,-45.828487],[-67.468483,-45.827939],[-67.468161,-45.827475],[-67.467983,-45.8272],[-67.467838,-45.827004],[-67.467626,-45.826683],[-67.467282,-45.826284],[-67.466827,-45.825767],[-67.466346,-45.825221],[-67.466186,-45.824999],[-67.466033,-45.824859],[-67.46585,-45.824777],[-67.465733,-45.82476],[-67.465595,-45.824753],[-67.465458,-45.824702],[-67.465358,-45.824618],[-67.46531,-45.8245],[-67.465237,-45.824434],[-67.465088,-45.824365],[-67.464931,-45.824346],[-67.464733,-45.824336],[-67.46457,-45.824309],[-67.464294,-45.824289],[-67.463969,-45.824241],[-67.463551,-45.824187],[-67.463167,-45.824095],[-67.462825,-45.824002],[-67.462535,-45.823872],[-67.461226,-45.823203],[-67.460729,-45.822936],[-67.460203,-45.822659],[-67.459595,-45.822522],[-67.458917,-45.822378],[-67.458551,-45.822334],[-67.458276,-45.822355],[-67.458,-45.822386],[-67.457853,-45.822351],[-67.457669,-45.822295],[-67.457582,-45.822194],[-67.457325,-45.821901],[-67.456923,-45.82138],[-67.456747,-45.82104],[-67.45661,-45.82071],[-67.456458,-45.820375],[-67.456292,-45.819883],[-67.456221,-45.819535],[-67.456222,-45.819358],[-67.456361,-45.819221],[-67.456528,-45.819185],[-67.456689,-45.819185],[-67.456827,-45.81914],[-67.456892,-45.818988],[-67.457031,-45.818342],[-67.457111,-45.817918],[-67.457155,-45.817561],[-67.457097,-45.817283],[-67.456967,-45.816763],[-67.456408,-45.815023],[-67.456235,-45.814453],[-67.455997,-45.813606],[-67.455537,-45.812045],[-67.455335,-45.811406],[-67.455226,-45.811148],[-67.455031,-45.810896],[-67.454895,-45.810725],[-67.454715,-45.810413],[-67.45473,-45.810247],[-67.454839,-45.809996],[-67.454904,-45.809739],[-67.454875,-45.809487],[-67.454747,-45.809015],[-67.454625,-45.808744],[-67.454322,-45.808538],[-67.454062,-45.808431],[-67.45349,-45.808334],[-67.45295,-45.808267],[-67.452575,-45.808239],[-67.452288,-45.80827],[-67.451829,-45.808386],[-67.451308,-45.808522],[-67.450688,-45.808618],[-67.450185,-45.80865],[-67.449536,-45.808608],[-67.449148,-45.808608],[-67.448654,-45.808725],[-67.448261,-45.808799],[-67.447658,-45.808927],[-67.446791,-45.80906],[-67.445615,-45.809216],[-67.445022,-45.8093],[-67.444109,-45.809454],[-67.44315,-45.809578],[-67.442666,-45.809617],[-67.442047,-45.809612],[-67.441577,-45.809582],[-67.440851,-45.809467],[-67.440287,-45.809376],[-67.437604,-45.809011],[-67.437049,-45.80894],[-67.436378,-45.808838],[-67.435872,-45.808762],[-67.435525,-45.80864],[-67.435206,-45.808508],[-67.434916,-45.808328],[-67.43456,-45.80801],[-67.434009,-45.807469],[-67.433743,-45.807125],[-67.433317,-45.806741],[-67.432984,-45.806503],[-67.431876,-45.805841],[-67.430572,-45.80506],[-67.428511,-45.803897],[-67.427401,-45.803276],[-67.42676,-45.802971],[-67.425928,-45.802527],[-67.425115,-45.80209],[-67.424818,-45.801917],[-67.424565,-45.801612],[-67.424356,-45.801322],[-67.424109,-45.80087],[-67.422964,-45.798897],[-67.422852,-45.798691],[-67.421992,-45.797179],[-67.421854,-45.796922],[-67.421872,-45.796681],[-67.422243,-45.796388],[-67.42261,-45.796087],[-67.422961,-45.795805],[-67.422999,-45.79563],[-67.422998,-45.795615],[-67.422991,-45.795586],[-67.422983,-45.795548],[-67.422975,-45.795528],[-67.422974,-45.795499],[-67.422974,-45.79547],[-67.422974,-45.79546],[-67.423185,-45.795502],[-67.423328,-45.795592],[-67.423108,-45.795789],[-67.423323,-45.795961],[-67.424474,-45.79666],[-67.42474,-45.796705],[-67.425805,-45.796472],[-67.426342,-45.796151],[-67.426669,-45.795973],[-67.42693,-45.795902],[-67.428128,-45.795831],[-67.428188,-45.795739],[-67.42819,-45.795459],[-67.428345,-45.795275],[-67.428572,-45.795168],[-67.429045,-45.795168],[-67.429916,-45.795182],[-67.430703,-45.795249],[-67.431021,-45.795268],[-67.43119,-45.795283],[-67.431769,-45.795326],[-67.431949,-45.795279],[-67.432213,-45.795169],[-67.433209,-45.794752],[-67.434619,-45.794182],[-67.435151,-45.793945],[-67.435409,-45.793836],[-67.435516,-45.793734],[-67.435595,-45.793648],[-67.43565,-45.793534],[-67.435664,-45.792546],[-67.435697,-45.792212],[-67.435689,-45.791693],[-67.435674,-45.790617],[-67.435623,-45.790203],[-67.435269,-45.790152],[-67.435233,-45.790156],[-67.435193,-45.79016],[-67.435168,-45.790164],[-67.435138,-45.790168],[-67.435107,-45.790172],[-67.435082,-45.790173],[-67.435057,-45.790176],[-67.435037,-45.790177],[-67.435007,-45.790184],[-67.434987,-45.790188],[-67.434962,-45.790188],[-67.434957,-45.790199],[-67.434751,-45.790266],[-67.434639,-45.790383],[-67.434425,-45.790439],[-67.431596,-45.78932],[-67.431325,-45.789256],[-67.431078,-45.789192],[-67.431016,-45.789111],[-67.428616,-45.787652],[-67.428635,-45.787561],[-67.430834,-45.786002],[-67.430941,-45.785977],[-67.432503,-45.7848],[-67.433782,-45.785677],[-67.434003,-45.785838],[-67.434126,-45.785938],[-67.436042,-45.787302],[-67.43848,-45.785672],[-67.439113,-45.78517],[-67.439293,-45.785018],[-67.440208,-45.784696],[-67.440632,-45.784372],[-67.440443,-45.783696],[-67.439374,-45.780229],[-67.438386,-45.77713],[-67.438192,-45.776379],[-67.438114,-45.775562],[-67.438152,-45.775121],[-67.439273,-45.771285],[-67.439162,-45.771173],[-67.438075,-45.770928],[-67.433095,-45.769824],[-67.433053,-45.769673],[-67.433097,-45.769485],[-67.433036,-45.769413],[-67.433036,-45.7694],[-67.433041,-45.769373],[-67.433051,-45.76936],[-67.433065,-45.769347],[-67.433075,-45.769337],[-67.433084,-45.769321],[-67.433098,-45.769308],[-67.433103,-45.769304],[-67.433411,-45.768937],[-67.434127,-45.768312],[-67.43448,-45.768075],[-67.435091,-45.767783],[-67.435795,-45.767555],[-67.436209,-45.767407],[-67.436572,-45.767406],[-67.43662,-45.767498],[-67.437655,-45.770441],[-67.437786,-45.770796],[-67.43984,-45.77128],[-67.441077,-45.77158],[-67.441305,-45.771616],[-67.44149,-45.77154],[-67.442617,-45.768947],[-67.442894,-45.768147],[-67.443404,-45.766026],[-67.443882,-45.764811],[-67.444187,-45.763928],[-67.444218,-45.763857],[-67.444285,-45.763671]]}},{"type":"Feature","properties":{"linea":"22","sentido":"vuelta","nombre":"Estadio Centenario - Standard - Km 11"},"geometry":{"type":"LineString","coordinates":[[-67.444298,-45.763653],[-67.44434,-45.76363],[-67.444425,-45.763612],[-67.444624,-45.763617],[-67.444721,-45.763662],[-67.444754,-45.763724],[-67.444725,-45.763808],[-67.44465,-45.763864],[-67.444549,-45.763871],[-67.444275,-45.763898],[-67.444216,-45.763971],[-67.444138,-45.764242],[-67.44357,-45.765732],[-67.44346,-45.765994],[-67.44341,-45.766228],[-67.443276,-45.766736],[-67.443002,-45.767901],[-67.442934,-45.768181],[-67.44283,-45.768463],[-67.442729,-45.768755],[-67.442633,-45.769024],[-67.442457,-45.769423],[-67.441987,-45.770494],[-67.44182,-45.770887],[-67.441734,-45.771107],[-67.441589,-45.771462],[-67.441495,-45.771591],[-67.44148,-45.772882],[-67.441556,-45.773747],[-67.441293,-45.77548],[-67.441313,-45.776108],[-67.441151,-45.776533],[-67.440339,-45.77722],[-67.439632,-45.777767],[-67.439053,-45.778083],[-67.438817,-45.778188],[-67.43894,-45.77867],[-67.439523,-45.780592],[-67.440582,-45.783905],[-67.440622,-45.784089],[-67.440708,-45.784281],[-67.440708,-45.784364],[-67.440626,-45.784474],[-67.440458,-45.784575],[-67.440279,-45.784697],[-67.440035,-45.78481],[-67.439467,-45.785045],[-67.439329,-45.785122],[-67.438992,-45.78544],[-67.438459,-45.785834],[-67.436471,-45.78714],[-67.436193,-45.787325],[-67.436117,-45.787395],[-67.436034,-45.787441],[-67.43593,-45.78747],[-67.435826,-45.787429],[-67.435113,-45.787399],[-67.43401,-45.7875],[-67.432881,-45.787876],[-67.432075,-45.788261],[-67.431722,-45.78851],[-67.431538,-45.788691],[-67.431359,-45.788835],[-67.43127,-45.78894],[-67.431301,-45.788991],[-67.431351,-45.789114],[-67.431368,-45.789348],[-67.431419,-45.791557],[-67.431669,-45.794968],[-67.431712,-45.795288],[-67.431574,-45.795376],[-67.431183,-45.795347],[-67.43027,-45.795278],[-67.429387,-45.795231],[-67.428912,-45.795231],[-67.428626,-45.795231],[-67.428425,-45.795276],[-67.428332,-45.795336],[-67.428286,-45.79544],[-67.428236,-45.795532],[-67.428252,-45.795681],[-67.428188,-45.795828],[-67.42802,-45.795865],[-67.427171,-45.795918],[-67.426885,-45.795946],[-67.426681,-45.795987],[-67.426641,-45.796009],[-67.42659,-45.796036],[-67.42607,-45.796361],[-67.425853,-45.796448],[-67.424886,-45.796693],[-67.424714,-45.796726],[-67.424607,-45.79672],[-67.424488,-45.796701],[-67.4241,-45.796472],[-67.423118,-45.795878],[-67.423022,-45.795867],[-67.423002,-45.795872],[-67.422978,-45.795872],[-67.422962,-45.79588],[-67.42295,-45.795891],[-67.422778,-45.796052],[-67.42196,-45.796724],[-67.421906,-45.796822],[-67.421932,-45.796993],[-67.422941,-45.798709],[-67.423032,-45.798893],[-67.423061,-45.798973],[-67.423506,-45.799728],[-67.424244,-45.80103],[-67.424526,-45.801463],[-67.424666,-45.801635],[-67.424798,-45.801806],[-67.424949,-45.801934],[-67.425173,-45.802053],[-67.426605,-45.802835],[-67.427718,-45.803413],[-67.429286,-45.804273],[-67.43018,-45.804788],[-67.432679,-45.806252],[-67.433029,-45.806458],[-67.433285,-45.806634],[-67.433423,-45.806753],[-67.433608,-45.806927],[-67.433809,-45.80712],[-67.433929,-45.807275],[-67.434166,-45.80755],[-67.434567,-45.807943],[-67.434832,-45.808192],[-67.435061,-45.808364],[-67.435264,-45.808477],[-67.435499,-45.808564],[-67.435913,-45.808718],[-67.436775,-45.808845],[-67.440169,-45.809294],[-67.44077,-45.809393],[-67.44125,-45.809465],[-67.441746,-45.809527],[-67.442313,-45.809538],[-67.442961,-45.809511],[-67.44388,-45.809396],[-67.445409,-45.809177],[-67.446134,-45.80906],[-67.447134,-45.8089],[-67.447901,-45.808767],[-67.448646,-45.808609],[-67.449109,-45.808488],[-67.449557,-45.808273],[-67.449996,-45.808094],[-67.450342,-45.808053],[-67.450826,-45.808032],[-67.451303,-45.808032],[-67.452176,-45.808111],[-67.452991,-45.808175],[-67.453819,-45.808293],[-67.454269,-45.808388],[-67.454542,-45.808516],[-67.45474,-45.808712],[-67.454863,-45.809042],[-67.455019,-45.809692],[-67.455141,-45.809952],[-67.45524,-45.810112],[-67.455348,-45.810309],[-67.455364,-45.810417],[-67.455366,-45.810689],[-67.455367,-45.810934],[-67.455388,-45.811263],[-67.455455,-45.811471],[-67.456518,-45.815074],[-67.457094,-45.816871],[-67.457186,-45.817169],[-67.457254,-45.817441],[-67.457254,-45.817622],[-67.457163,-45.81823],[-67.456887,-45.819253],[-67.456895,-45.819381],[-67.456872,-45.819594],[-67.456826,-45.819739],[-67.45678,-45.820241],[-67.456811,-45.820551],[-67.457056,-45.821101],[-67.457327,-45.821607],[-67.457559,-45.821874],[-67.457946,-45.822056],[-67.458441,-45.822179],[-67.459207,-45.822328],[-67.459837,-45.822481],[-67.460215,-45.822586],[-67.460706,-45.822781],[-67.462449,-45.823722],[-67.462807,-45.823897],[-67.463213,-45.824022],[-67.46373,-45.824125],[-67.464209,-45.824161],[-67.464832,-45.824222],[-67.4653,-45.824231],[-67.465513,-45.824176],[-67.465797,-45.8242],[-67.466075,-45.824242],[-67.466323,-45.824238],[-67.466986,-45.824088],[-67.467628,-45.823845],[-67.468043,-45.82357],[-67.468191,-45.823307],[-67.46812,-45.823003],[-67.467862,-45.822864],[-67.467494,-45.822741],[-67.467054,-45.822793],[-67.466728,-45.823016],[-67.466584,-45.823255],[-67.466572,-45.823572],[-67.466574,-45.823817],[-67.466752,-45.824159],[-67.467044,-45.824749],[-67.467857,-45.826394],[-67.468318,-45.827415],[-67.468785,-45.828272],[-67.469457,-45.829174],[-67.471583,-45.831584],[-67.474089,-45.834377],[-67.476083,-45.836117],[-67.476383,-45.836525],[-67.476481,-45.836824],[-67.476519,-45.837215],[-67.476466,-45.837598],[-67.476418,-45.838007],[-67.476527,-45.838177],[-67.476649,-45.838298],[-67.476694,-45.839466],[-67.476711,-45.839727],[-67.476645,-45.83992],[-67.476495,-45.840152],[-67.476555,-45.840932],[-67.476345,-45.842402],[-67.476283,-45.843056],[-67.476148,-45.84353],[-67.475439,-45.845719],[-67.475269,-45.846211],[-67.475209,-45.846743],[-67.475319,-45.847097],[-67.475538,-45.847358],[-67.476583,-45.848139],[-67.476964,-45.848512],[-67.477151,-45.848835],[-67.477272,-45.849199],[-67.47727,-45.849441],[-67.477116,-45.850011],[-67.476862,-45.851016],[-67.476813,-45.851405],[-67.476884,-45.851823],[-67.477284,-45.852432],[-67.477654,-45.852999],[-67.477844,-45.853432],[-67.477849,-45.853646],[-67.477762,-45.85391],[-67.477526,-45.85428],[-67.477153,-45.85459],[-67.476847,-45.854814],[-67.47662,-45.855017],[-67.476434,-45.855231],[-67.476313,-45.855494],[-67.476224,-45.855834],[-67.476225,-45.856111],[-67.47623,-45.856399],[-67.476209,-45.856644],[-67.476082,-45.85711],[-67.475945,-45.857669],[-67.475679,-45.85855],[-67.475717,-45.858759],[-67.475782,-45.859085],[-67.47595,-45.859381],[-67.476341,-45.859671],[-67.47691,-45.859918],[-67.47734,-45.859961],[-67.47861,-45.859952],[-67.481067,-45.859974],[-67.481214,-45.859973],[-67.481386,-45.860026],[-67.481473,-45.86015],[-67.481473,-45.860588],[-67.481519,-45.862692],[-67.481468,-45.86442],[-67.481512,-45.864525],[-67.481626,-45.864641],[-67.482605,-45.86507],[-67.484217,-45.865799],[-67.484611,-45.866025],[-67.48496,-45.866116],[-67.485458,-45.866267],[-67.485899,-45.866488],[-67.486622,-45.866905],[-67.488363,-45.868113],[-67.489655,-45.869073],[-67.490447,-45.869696],[-67.491076,-45.870185],[-67.491594,-45.870575],[-67.492188,-45.870883],[-67.493086,-45.871302],[-67.493301,-45.871432],[-67.493425,-45.871554],[-67.493397,-45.871665],[-67.492927,-45.872062],[-67.492832,-45.872148]]}}]}